from_monomer,to_monomer,count,mean_predicted_permeability,mean_positive_prob,mean_improvement
Bn_Gly,Me_dL,1,-4.469216187150636,1.0,0.2007838128493642
Bn_Gly,meL,2,-4.511311171520847,1.0,0.15868882847915255
Pr_Gly,bHph,2,-5.216694839160835,0.999013403197208,-0.5066948391608359
Bn_Gly,L,2,-4.388084134976139,0.9986960606147802,0.2819158650238611
meA,Pr_Gly,16,-4.878022335025587,0.9981603346258165,-0.6192723350255875
Bn_Gly,dL,1,-4.904447016061199,0.997705856427351,-0.2344470160611989
bHph,dL,1,-4.904447016061199,0.997705856427351,-0.3644470160611988
Bn_Gly,bHph,2,-4.997810407647904,0.9970702833652992,-0.32781040764790426
Bn_Gly,Nle,2,-4.478954500185559,0.9961555543566324,0.1910454998144413
Bn_Gly,pentyl_Gly,2,-4.671425914638144,0.9951487095071124,-0.0014259146381441212
meA,Me_dA,19,-4.688287077667756,0.992863850581477,-0.40197128819407135
Me_Abu,Me_dL,1,-4.613291831955108,0.990984566346261,0.006708168044892382
meY,Me_dA,1,-4.787444842097171,0.9831516996149972,-0.387444842097171
meY,meA,1,-4.787444842097171,0.9831516996149972,-0.387444842097171
Me_Abu,meL,1,-4.601485888639056,0.982463186551682,-0.11148588863905573
Bn_Gly,Pr_Gly,2,-4.636875273970752,0.9780375436085268,0.03312472602924821
Me_dY,Me_dA,1,-4.940868498984676,0.97551310481994,-0.640868498984676
Me_dY,meA,1,-4.940868498984676,0.97551310481994,-0.640868498984676
Me_dY,P,1,-4.965156942895851,0.971973858978774,-0.6651569428958508
meY,dP,1,-4.965156942895851,0.971973858978774,-0.5651569428958503
Pr_Gly,P,2,-4.8593377555745425,0.9719042016038394,-0.14933775557454254
meY,P,1,-4.92449096968705,0.9717256964560504,-0.5244909696870499
meY,Pr_Gly,1,-4.951077272028756,0.9710292845965224,-0.5510772720287553
Me_dA,Me_dL,2,-4.788386878525028,0.9709722741450838,-0.15838687852502753
meA,bHph,19,-5.373275129889669,0.9700818735133311,-1.086959340415985
Me_Abu,pentyl_Gly,1,-5.037796174872253,0.9683960455779128,-0.41779617487225273
Me_dA,Pr_Gly,3,-4.813685930208384,0.9673728552994686,-0.1803525968750502
meA,P,19,-4.884994210518531,0.9660969494925414,-0.5986784210448476
F,Bn_Gly,24,-4.925559602568064,0.9646248912780685,-0.593892935901397
Me_dA,meL,3,-4.979219452481585,0.9645931794042718,-0.345886119148252
meY,Mono34,1,-5.030405489538246,0.9632746013537252,-0.630405489538246
Me_dA,meA,3,-4.698239561278695,0.9624561271227542,-0.06490622794536123
meA,dP,19,-5.059268798281145,0.9617045098545183,-0.7729530088074599
Me_dA,pentyl_Gly,3,-4.826980244911844,0.9616290034383962,-0.19364691157851155
Me_dY,Pr_Gly,1,-5.084717316516815,0.9590008779758312,-0.7847173165168151
F,L,25,-4.780936194742276,0.9587700694651115,-0.4461361947422756
P,dP,29,-5.038323491656087,0.9579124017658229,-0.6779786640698798
F,dL,24,-4.957357967081914,0.954445335757388,-0.6256913004152472
Me_dY,Mono34,1,-5.144925449188069,0.9522222672510324,-0.8449254491880689
F,Nle,24,-4.865550485629401,0.9520016342176372,-0.5338838189627352
Me_Abu,Me_dA,1,-4.875026349816856,0.9519642588909436,-0.25502634981685546
Me_dA,P,3,-4.808987788906989,0.95087186336308,-0.175654455573655
Me_dAbu,Me_dA,1,-4.678694191119334,0.9501069113998156,-0.1886941911193336
Pr_Gly,dP,2,-5.01236303291905,0.9481612178389582,-0.3023630329190503
F,pentyl_Gly,24,-4.922823539853875,0.9472511302288145,-0.5911568731872081
Me_dY,dP,1,-5.132430318653565,0.9471904212951546,-0.8324303186535653
Pr_Gly,Me_dA,2,-4.838948505552421,0.9463367556206113,-0.12894850555242066
Pr_Gly,meA,2,-4.838948505552421,0.9463367556206113,-0.12894850555242066
I,dL,1,-4.756764817460319,0.9461662152646052,-0.3567648174603191
F,Me_dL,24,-4.876099190984609,0.9456165903482922,-0.5444325243179428
F,meL,24,-4.875012729813033,0.9453730168891926,-0.5433460631463665
P,Pr_Gly,29,-5.00420658201917,0.9444432835443576,-0.6438617544329625
Mono101,Me_dA,2,-4.981001042845225,0.9408154153200238,-0.5810010428452248
Mono101,meA,2,-4.981001042845225,0.9408154153200238,-0.5810010428452248
Me_dA,dP,2,-4.947100034046061,0.9387502246815955,-0.31710003404606146
Me_Abu,Pr_Gly,1,-5.212121537717522,0.938325216320826,-0.5921215377175217
Bn_Gly,Mono34,2,-4.940673057456715,0.937041799269582,-0.2706730574567153
I,L,1,-4.80316708946609,0.9349106407384752,-0.4031670894660895
Pr_Gly,Mono34,2,-5.117338594101352,0.9347395448165947,-0.4073385941013523
meY,Bn_Gly,1,-5.299716841405973,0.9331920914271826,-0.8997168414059731
meY,Me_dL,1,-5.070163481923023,0.9326030758017292,-0.6701634819230229
meY,meL,1,-5.070163481923023,0.9326030758017292,-0.6701634819230229
Sta,pentyl_Gly,1,-5.186713549378728,0.9306278643331296,-0.48671354937872824
"Sta(3R,4R)",pentyl_Gly,1,-5.186713549378728,0.9306278643331296,-0.48671354937872824
meY,Mono38,1,-5.0597136139016285,0.9305403012254104,-0.6597136139016282
Bn_Gly,cHexCH2_Gly,2,-5.008289264972471,0.9299925594829732,-0.33828926497247114
Me_dY,Bn_Gly,1,-5.40537863825717,0.9297563312856992,-1.1053786382571698
Me_dL,pentyl_Gly,29,-5.0732865625362535,0.9286490619860307,-0.6136313901224605
Y,L,3,-5.1680490517684,0.9282878181839468,-0.4880490517683998
meY,pentyl_Gly,1,-5.293835146214894,0.9275403458906628,-0.8938351462148937
Me_dY,Me_dL,1,-5.213295267288272,0.9265585120905436,-0.9132952672882722
Me_dY,meL,1,-5.213295267288272,0.9265585120905436,-0.9132952672882722
meA,Mono34,19,-5.156883146664836,0.9262443398922388,-0.8705673571911527
meA,pentyl_Gly,19,-5.358470899408593,0.9259131979069751,-1.072155109934908
Nle,dL,10,-5.058640280988159,0.9245237249858709,-0.60864028098816
Mono100,P,4,-5.112737274285818,0.9235202173433869,-0.6127372742858181
dF,F,5,-4.758926386745868,0.9230277324173984,-0.26092638674586793
Me_dY,pentyl_Gly,1,-5.39844201437451,0.9224276724862256,-1.09844201437451
Me_dY,Mono38,1,-5.159413194723584,0.9221375873429802,-0.8594131947235839
Me_dA,Nle,3,-5.132713392134314,0.9219435381380462,-0.49938005880098163
Mono100,Me_dA,4,-5.2329042149851395,0.9218855372398966,-0.7329042149851395
Mono100,meA,4,-5.2329042149851395,0.9218855372398966,-0.7329042149851395
Me_Nle,Me_dL,10,-4.98326700018867,0.9218383550896598,-0.5032670001886698
Me_Nle,meL,10,-4.98326700018867,0.9218383550896598,-0.5032670001886698
Bn_Gly,F,2,-5.574628791947309,0.9205024389743798,-0.9046287919473093
Me_dA,dL,3,-5.185307645394125,0.9197883850194578,-0.5519743120607913
meY,F,1,-5.405210125557452,0.9197172775215248,-1.0052101255574515
meF,Bn_Gly,13,-5.115937690697421,0.9194559419148491,-0.5574761522358819
Y,dL,3,-5.218863044455547,0.9191981193837395,-0.5388630444555466
Nle,L,10,-4.982736252190882,0.9188482867459156,-0.5327362521908818
Mono101,P,2,-5.203020051540176,0.9184159124026587,-0.8030200515401762
Pr_Gly,pentyl_Gly,2,-5.405684891239318,0.9164574337310509,-0.6956848912393183
Y,Nle,3,-5.236209440042626,0.9161160161157245,-0.5562094400426263
Bn_Gly,dP,2,-5.004668452713824,0.9160669287907416,-0.3346684527138244
F,bHph,24,-5.0322513661235275,0.9154770589156316,-0.7005846994568609
Mono101,dP,2,-5.29795245439724,0.9153109666912752,-0.8979524543972408
Me_dY,F,1,-5.345563597307923,0.9153076016446088,-1.0455635973079236
P,meA,29,-5.0740914727111885,0.9150142479911486,-0.7137466451249818
Sta,Mono34,1,-5.204055935603613,0.914626545621531,-0.5040559356036125
"Sta(3R,4R)",Mono34,1,-5.204055935603613,0.914626545621531,-0.5040559356036125
P,Me_dA,29,-5.077448392844866,0.913759796193987,-0.7171035652586596
Bn_Gly,Mono38,2,-5.049395375049724,0.9129594571378248,-0.3793953750497243
Bn_Gly,P,2,-4.694828287279711,0.9127878653040914,-0.024828287279711425
Sta,Me_dL,1,-5.177825016134199,0.9124078731510942,-0.47782501613419903
"Sta(3R,4R)",Me_dL,1,-5.177825016134199,0.9124078731510942,-0.47782501613419903
Sta,meL,1,-5.4074942158952215,0.9124078731510942,-0.7074942158952213
"Sta(3R,4R)",meL,1,-5.4074942158952215,0.9124078731510942,-0.7074942158952213
Sta,Pr_Gly,1,-5.143902818498498,0.912211687419388,-0.4439028184984979
"Sta(3R,4R)",Pr_Gly,1,-5.143902818498498,0.912211687419388,-0.4439028184984979
Mono100,dP,4,-5.223021963427097,0.9102228537177248,-0.7230219634270971
F,Pr_Gly,24,-4.939084600783558,0.9099119531400719,-0.6074179341168918
Pr_Gly,L,2,-5.402092156435069,0.9096775456209709,-0.6920921564350686
dF,dL,5,-5.003823462726165,0.9086635486031384,-0.5058234627261647
Me_Abu,Mono34,1,-5.286863176420559,0.9081838447789043,-0.6668631764205593
Pr_Gly,dL,2,-5.379944164143864,0.9078834429942573,-0.6699441641438639
Mono101,Pr_Gly,2,-5.337311940215831,0.9074936792755526,-0.9373119402158312
meF,Me_dL,13,-4.9500139255308335,0.9071425858088538,-0.39155238706929496
meF,meL,13,-4.953356901742983,0.9069070256990118,-0.3948953632814439
meY,L,1,-5.0689544209679225,0.9063930370950884,-0.6689544209679221
P,pentyl_Gly,29,-5.151943606480238,0.9053159496614364,-0.7915987788940311
Me_dA,L,3,-5.281604231368301,0.9050907797161827,-0.6482708980349677
Me_dL,meL,22,-4.956117283167869,0.9049699955068299,-0.39657182862241425
meY,Nle,1,-5.139733622988126,0.9047415935090688,-0.7397336229881253
Sta,Mono38,1,-5.185154353492915,0.9044190714332994,-0.4851543534929146
"Sta(3R,4R)",Mono38,1,-5.185154353492915,0.9044190714332994,-0.4851543534929146
Me_dY,L,1,-5.118992795674913,0.9043524555366969,-0.8189927956749132
meY,dL,1,-5.118992795674913,0.9043524555366969,-0.7189927956749127
meF,pentyl_Gly,13,-5.06860230020827,0.9037542478760603,-0.5101407617467323
Sta,Bn_Gly,1,-5.245866270063272,0.902874205110591,-0.5458662700632715
"Sta(3R,4R)",Bn_Gly,1,-5.245866270063272,0.902874205110591,-0.5458662700632715
meL,pentyl_Gly,30,-5.142773530685326,0.9025415055583984,-0.5994401973519918
I,Nle,1,-4.790085825396825,0.9021484636264312,-0.3900858253968247
meY,bHph,1,-5.246914494446731,0.9014953917868672,-0.8469144944467306
Y,F,3,-5.292906526336954,0.9004902979893433,-0.6129065263369542
Me_Abu,dP,1,-5.166331569208571,0.9004490981453438,-0.5463315692085713
Pr_Gly,F,2,-5.446652758519263,0.899718444955827,-0.7366527585192628
L,pentyl_Gly,39,-5.149803472425791,0.8982056448212035,-0.6126239852463043
L,Nle,39,-4.944591668574634,0.89737155554672,-0.40741218139514657
Sta,Nle,1,-5.194033467793652,0.8971259966602655,-0.49403346779365176
"Sta(3R,4R)",Nle,1,-5.194033467793652,0.8971259966602655,-0.49403346779365176
Sta,L,1,-5.197919720038141,0.8962819327331517,-0.49791972003814067
"Sta(3R,4R)",L,1,-5.197919720038141,0.8962819327331517,-0.49791972003814067
Me_Abu,cHexCH2_Gly,1,-5.097831681746925,0.8951729563867674,-0.4778316817469248
Pr_Gly,Nle,2,-5.420633744277778,0.8946471577718278,-0.7106337442777781
Sta,P,1,-5.139275475576709,0.8939625062295945,-0.439275475576709
"Sta(3R,4R)",P,1,-5.139275475576709,0.8939625062295945,-0.439275475576709
P,L,29,-5.330295059984237,0.8935831785851841,-0.9699502323980298
F,cHexCH2_Gly,24,-5.088003502746717,0.8928737689917043,-0.7563368360800503
Nle,Me_dL,10,-5.076146813000107,0.8921731133994815,-0.6261468130001073
Nle,meL,10,-5.076146813000107,0.8921731133994815,-0.6261468130001073
Me_dA,Mono34,3,-5.213241002942098,0.8917109138207803,-0.5799076696087649
meA,L,19,-5.4408958461340875,0.8915037240487285,-1.1545800566604034
Mono100,Pr_Gly,4,-5.373617304178664,0.8901941804128347,-0.8736173041786639
L,meL,38,-5.121974649497801,0.8892001133941618,-0.5882904389714855
Me_dL,Pr_Gly,29,-5.162798452130419,0.8887113307844267,-0.7031432797166259
Sta,Me_dA,1,-5.184525305298243,0.8877261413678635,-0.4845253052982432
Sta,meA,1,-5.184525305298243,0.8877261413678635,-0.4845253052982432
"Sta(3R,4R)",Me_dA,1,-5.184525305298243,0.8877261413678635,-0.4845253052982432
"Sta(3R,4R)",meA,1,-5.184525305298243,0.8877261413678635,-0.4845253052982432
meA,meL,20,-5.341032397775702,0.8876396305941141,-1.037032397775702
meA,F,19,-5.575544543327073,0.887548092583464,-1.2892287538533886
Sta,dP,1,-5.365711598039215,0.8874647148172152,-0.6657115980392145
"Sta(3R,4R)",dP,1,-5.365711598039215,0.8874647148172152,-0.6657115980392145
L,dL,37,-4.956911275032147,0.8873635833586464,-0.4088031669240396
Sta,cHexCH2_Gly,1,-5.277478583916087,0.8870074308914259,-0.5774785839160872
"Sta(3R,4R)",cHexCH2_Gly,1,-5.277478583916087,0.8870074308914259,-0.5774785839160872
dF,L,5,-4.976358581918325,0.8866910711487254,-0.4783585819183253
Pr_Gly,A,2,-5.403181219023471,0.8863183964804293,-0.6931812190234719
meA,Nle,19,-5.423455550531854,0.8860558457633336,-1.13713976105817
L,Me_dL,37,-5.14131576525193,0.8860447876075678,-0.593207657143822
P,Nle,29,-5.337199512132435,0.8856892403542947,-0.9768546845462278
meA,Me_dL,19,-5.372254247324861,0.8851056703300721,-1.0859384578511768
Me_Abu,P,1,-5.157845542328043,0.8846725879233642,-0.5378455423280428
Me_Nle,pentyl_Gly,10,-5.122821675464111,0.8841060375991857,-0.6428216754641121
F,Mono34,24,-5.042011747786115,0.8838253410353557,-0.7103450811194486
Nle,pentyl_Gly,10,-5.047311164507545,0.8833871179468931,-0.5973111645075452
meA,dL,19,-5.452155952406748,0.8822435493509841,-1.1658401629330637
P,F,29,-5.479393227906304,0.8821621205555877,-1.1190484003200962
meA,A,19,-5.343397117058714,0.8821193102221312,-1.0570813275850304
meF,cHexCH2_Gly,13,-5.154303121322116,0.8817996322471633,-0.5958415828605782
P,dL,29,-5.406854473535456,0.8804914007074409,-1.046509645949249
I,F,1,-4.8001158326118345,0.8800754822324889,-0.40011583261183414
meL,Me_dL,28,-5.040793675535751,0.8799529449321449,-0.4765079612500363
Pr_Gly,Me_dL,2,-5.427567115776383,0.8789800531182101,-0.717567115776383
Pr_Gly,meL,2,-5.427567115776383,0.8789800531182101,-0.717567115776383
Sta,dL,1,-5.211174523946651,0.8786609230040081,-0.511174523946651
"Sta(3R,4R)",dL,1,-5.211174523946651,0.8786609230040081,-0.511174523946651
dF,Nle,5,-5.0004401718588625,0.8785281038866607,-0.5024401718588625
F,P,24,-5.028473239481454,0.8739958246328855,-0.6968065728147871
P,meL,29,-5.443187745205593,0.8735126392702542,-1.0828429176193863
Y,pentyl_Gly,3,-5.238046190076808,0.873372411546744,-0.5580461900768082
P,Me_dL,29,-5.4565553196902705,0.8733685235198155,-1.0962104921040636
Me_Nle,Nle,10,-5.49208658327835,0.8732014261782808,-1.0120865832783497
F,dP,24,-5.150596693448516,0.8686400386737073,-0.818930026781849
meF,bHph,13,-5.228897718485083,0.8684539176503588,-0.6704361800235451
P,Mono34,29,-5.183114554412485,0.8683268127035902,-0.8227697268262768
Me_dY,bHph,1,-5.210958657287162,0.8653994469088939,-0.9109586572871624
Me_dL,P,29,-5.240914365192262,0.865095457118011,-0.781259192778469
meA,Mono38,19,-5.472773332343462,0.8649502167336536,-1.1864575428697788
Me_dY,Nle,1,-5.238600967780589,0.8643687967113931,-0.9386009677805891
Me_dL,Me_dA,29,-5.159119222834739,0.8635517023394184,-0.6994640504209456
Y,Me_dL,3,-5.251119043075665,0.8627917740798958,-0.5711190430756646
Y,meL,3,-5.251119043075665,0.8627917740798958,-0.5711190430756646
Me_dL,meA,29,-5.138526044790734,0.86265921290788,-0.6788708723769418
Bn_Gly,A,2,-5.042936563492066,0.8607703345088957,-0.3729365634920665
dP,meA,16,-5.09817934143222,0.8606467086590467,-0.5019293414322199
Me_dL,Nle,29,-5.225032493006035,0.8606286377050124,-0.7653773205922424
L,Bn_Gly,40,-5.320976874776352,0.8598749747598147,-0.7817268747763517
dP,Me_dA,16,-5.104803888891543,0.8588662195584059,-0.5116788888915431
Y,Bn_Gly,3,-5.32945697869843,0.8587394920706167,-0.64945697869843
Pr_Gly,Mono38,2,-5.522389368967032,0.8584576521454608,-0.8123893689670312
Bn_Gly,dA,2,-5.040836312298816,0.857706630322776,-0.37083631229881586
Y,Mono34,3,-5.290311907490495,0.8577011626085024,-0.6103119074904958
Me_dL,dP,29,-5.332803974761979,0.8571371466709291,-0.8731488023481856
meL,Pr_Gly,30,-5.274121724045774,0.8570886790413602,-0.7307883907124407
Mono100,dA,4,-5.260170097249722,0.8567852511203877,-0.7601700972497218
Nle,Pr_Gly,10,-5.207573573742787,0.8564990617942161,-0.7575735737427868
Me_dA,Mono38,3,-5.34193407742903,0.8563675636157705,-0.7086007440956958
Me_dL,Bn_Gly,22,-5.375476610994621,0.8562362601219953,-0.8463857019037117
dF,Bn_Gly,5,-5.181674496251327,0.8553874089481356,-0.6836744962513276
F,Mono38,24,-5.090096402947782,0.8551138412220586,-0.7584297362811148
Me_dA,Bn_Gly,3,-5.429999314462883,0.854801106654075,-0.7966659811295497
I,pentyl_Gly,1,-5.069082201520708,0.8538784909853862,-0.6690822015207081
Bn_Gly,Me_dA,2,-5.228703692634169,0.8537772008191218,-0.5587036926341691
Bn_Gly,meA,2,-5.1996161529516325,0.853062815808074,-0.5296161529516326
dF,pentyl_Gly,5,-5.057306244627925,0.8523634549172222,-0.5593062446279247
Mono100,Mono34,4,-5.786760744124207,0.8512601733676536,-1.2867607441242075
Y,Pr_Gly,3,-5.270696372523997,0.8503702215622148,-0.5906963725239969
P,Bn_Gly,29,-5.525404208755106,0.8487019517731124,-1.1650593811688987
Me_dL,cHexCH2_Gly,29,-5.296149081859922,0.8485220895538641,-0.8364939094461291
Mono101,dA,2,-5.246491188378289,0.8479639015240361,-0.8464911883782889
Mono100,A,4,-5.240910782437677,0.8472010763443232,-0.7409107824376766
P,Mono38,29,-5.3556316306072995,0.8446964022012547,-0.9952868030210924
Me_Abu,Nle,1,-5.386482915014379,0.8440112034402447,-0.7664829150143788
meA,Bn_Gly,19,-5.570467771531186,0.843409289516706,-1.2841519820575016
Mono101,pentyl_Gly,2,-6.17036169712232,0.8429700374650543,-1.7703616971223197
L,F,39,-5.356561421747031,0.8424744866998606,-0.8193819345675434
Mono101,A,2,-5.172050547814757,0.8416821430183311,-0.7720505478147568
Me_Abu,dL,1,-5.584164946343219,0.8402424298667349,-0.9641649463432191
Mono100,pentyl_Gly,4,-6.294403262723389,0.8396118004269741,-1.7944032627233888
Mono100,F,4,-5.97140706659476,0.8395338606548453,-1.47140706659476
dF,Me_dL,5,-5.259605530451903,0.8394410428471328,-0.7616055304519035
dF,meL,5,-5.259605530451903,0.8394410428471328,-0.7616055304519035
dP,P,16,-5.081343690807706,0.8393215403244193,-0.4850936908077054
Mono100,L,4,-5.5339440914745275,0.8384982670645704,-1.0339440914745277
P,bHph,29,-5.627603266490657,0.8382130523881709,-1.2672584389044492
dL,pentyl_Gly,12,-5.32225864007681,0.8377045080183253,-0.7814253067434761
Mono101,Mono38,2,-5.4408592574272125,0.8370959673591861,-1.0408592574272126
dP,Pr_Gly,16,-5.169887550130795,0.8368421258255917,-0.5736375501307956
Mono101,F,2,-5.915964209693083,0.8359972034674037,-1.5159642096930832
Me_Nle,dL,10,-5.666076505682136,0.8357013953754965,-1.1860765056821354
Mono100,Mono38,4,-5.53479122430062,0.8354547026062787,-1.0347912243006203
Me_Nle,L,10,-5.628494526825226,0.8343708276328705,-1.148494526825226
Mono101,L,2,-5.499573299419534,0.8343288396037338,-1.0995732994195349
Me_dA,cHexCH2_Gly,3,-5.5493302939243065,0.8342293495786408,-0.9159969605909728
L,Pr_Gly,39,-5.1958348847283435,0.8328634192912014,-0.658655397548856
dL,Bn_Gly,12,-5.475442687600684,0.8298226211787268,-0.9346093542673507
dP,pentyl_Gly,16,-5.243395073306719,0.8293797538875739,-0.6471450733067192
Y,P,3,-5.438472859716351,0.8286974740997036,-0.7584728597163514
F,meA,24,-5.119272043052486,0.828223502534732,-0.7876053763858191
Me_dL,dL,22,-5.46643747781401,0.8277392777777801,-0.9678011141776461
meF,F,13,-5.408566653708883,0.8274271660539813,-0.850105115247345
F,Me_dA,24,-5.130468153860667,0.8272119953313916,-0.7988014871940005
Mono100,dL,4,-5.576787162124126,0.8270435780234935,-1.0767871621241263
Me_Nle,cHexCH2_Gly,10,-5.4581966114055875,0.8262201682218399,-0.9781966114055874
Mono101,Me_dL,2,-5.698955415501164,0.8258576308736414,-1.2989554155011644
Mono101,meL,2,-5.698955415501164,0.8258576308736414,-1.2989554155011644
meL,cHexCH2_Gly,30,-5.372186021457084,0.8256813819442473,-0.8288526881237511
meL,Me_dA,30,-5.22861008641608,0.8252532764669714,-0.6852767530827466
Mono101,dL,2,-5.54198084297402,0.8245136772666879,-1.1419808429740197
Y,dP,3,-5.419530671835791,0.823791462514147,-0.7395306718357917
Mono101,Mono34,2,-5.986633264811209,0.8232788922070366,-1.586633264811209
meL,P,30,-5.379644292604594,0.819671832804459,-0.8363109592712603
Me_dL,L,23,-5.44129884338945,0.8195254388949694,-0.8712988433894499
meL,Bn_Gly,28,-5.450749829959205,0.8195115403079853,-0.8925355442449191
meL,Nle,30,-5.374694014323757,0.819092825602344,-0.8313606809904244
meL,dP,30,-5.421472380901429,0.8178541175858578,-0.8781390475680954
Mono100,Me_dL,4,-5.971962665760195,0.817850903961916,-1.4719626657601956
Mono100,meL,4,-5.971962665760195,0.817850903961916,-1.4719626657601956
dL,Me_dL,12,-5.254733687875224,0.8142387944161597,-0.7139003545418912
meL,meA,26,-5.245825680987576,0.8141916053953537,-0.7096718348337293
meL,dL,27,-5.443317638527288,0.813067951395162,-0.9014657866754369
Mono100,Nle,4,-5.63431312211522,0.8127551309106757,-1.13431312211522
Mono101,Bn_Gly,2,-6.411903299422802,0.8125954623100875,-2.011903299422802
Mono100,bHph,4,-6.694515621801401,0.8117671640766535,-2.1945156218014006
Me_dL,Mono34,29,-5.3570857973621395,0.8109866671768224,-0.8974306249483471
Nle,P,11,-5.31547869158335,0.8090543282544336,-0.8791150552197138
Me_Abu,L,1,-5.484130513059091,0.8082616984027802,-0.8641305130590906
Sta,bHph,1,-5.845623304029297,0.8077628135292038,-1.1456233040292965
"Sta(3R,4R)",bHph,1,-5.845623304029297,0.8077628135292038,-1.1456233040292965
Y,Me_dA,3,-5.501792565112063,0.8076466464923705,-0.8217925651120629
Y,meA,3,-5.501792565112063,0.8076466464923705,-0.8217925651120629
Me_dA,F,3,-5.542942945841197,0.807219106703505,-0.9096096125078649
L,bHph,39,-5.558610008480722,0.8052798123193456,-1.0214305213012342
dL,cHexCH2_Gly,12,-5.542071613233754,0.8050178860021412,-1.0012382799004207
dF,cHexCH2_Gly,5,-5.252022514050784,0.8049809357105658,-0.7540225140507845
Me_dY,dL,1,-5.314576149850148,0.8033679129666205,-1.0145761498501482
L,cHexCH2_Gly,39,-5.374648198294163,0.8029556681346615,-0.8374687111146754
meF,Pr_Gly,13,-5.313074900019956,0.8028296265756777,-0.7546133615584174
Mono101,Nle,2,-5.731402074332531,0.8023538015529639,-1.3314020743325314
Y,bHph,3,-5.574390921726426,0.8020680634739316,-0.894390921726426
I,Me_dL,1,-5.445758256632262,0.8016806142882736,-1.0457582566322614
I,meL,1,-5.445758256632262,0.8016806142882736,-1.0457582566322614
Nle,dP,10,-5.432070494407202,0.7972905007694344,-0.982070494407202
dP,Mono34,16,-5.367138891396274,0.793159464728096,-0.7708888913962735
meL,L,27,-5.434897212881623,0.7931357447092999,-0.8511935091779194
dL,Nle,12,-5.128397884401621,0.7918924095621556,-0.5875645510682875
Pr_Gly,Bn_Gly,2,-5.588631891259069,0.7900838313369938,-0.8786318912590687
meF,Me_dA,13,-5.246654789013837,0.7876382211102831,-0.688193250552299
Me_dA,dA,3,-5.2006293733927995,0.7875589995760187,-0.5672960400594663
Me_dL,F,29,-5.742779517314003,0.7868786356312727,-1.28312434490021
meL,Mono34,30,-5.408597807354669,0.7866323731523986,-0.8652644740213359
dP,Me_dL,16,-5.472985914778532,0.784177600158536,-0.8767359147785319
dP,meL,16,-5.477715236195166,0.7841642119024407,-0.8814652361951666
meA,dA,19,-5.504292418264562,0.7825560696729963,-1.2179766287908775
I,Bn_Gly,1,-5.50962977849928,0.7822187856334705,-1.1096297784992792
Me_Abu,Bn_Gly,1,-5.480958441848419,0.7818465716763261,-0.8609584418484193
L,Mono34,39,-5.330754713501326,0.7817744015361093,-0.7935752263218395
Y,Mono38,3,-5.36193129334065,0.7814329838547541,-0.6819312933406497
dP,dL,16,-5.531841440347619,0.7777182333768321,-0.9355914403476184
dP,Nle,16,-5.533240183106854,0.7776608701866349,-0.9369901831068539
Nle,Mono34,10,-5.071263188570667,0.7762636321736398,-0.621263188570667
dL,bHph,12,-5.74433421212036,0.7758702289926881,-1.203500878787026
L,dP,39,-5.325048412805312,0.7746983427577405,-0.7878689256258258
meF,P,13,-5.405557807590968,0.7744359991725596,-0.8470962691294304
Me_Abu,Mono38,1,-5.480339877952799,0.7740095896642742,-0.8603398779527991
L,P,39,-5.271211954943838,0.7727010314711139,-0.7340324677643512
Me_dA,A,3,-5.193366408289275,0.7720272835094382,-0.5600330749559426
Mono100,Bn_Gly,4,-6.613147523603033,0.7717855139758787,-2.1131475236030326
dL,F,12,-5.698926851981419,0.7714280292072621,-1.158093518648086
meF,dP,13,-5.414563875544305,0.7703001212215841,-0.8561023370827675
dL,L,12,-5.234431054112724,0.7694633969052873,-0.6760977207793903
Me_dL,Mono38,29,-5.491392584555642,0.7690179985977872,-1.0317374121418486
Nle,cHexCH2_Gly,10,-5.4183524998814905,0.7687965347176328,-0.9683524998814903
F,Mono1,24,-5.265831924897712,0.7676768656890921,-0.934165258231045
dL,meL,10,-5.37118673521251,0.7672602969697323,-0.8401867352125102
meF,meA,9,-5.3331450146082755,0.7670288941917623,-0.7798116812749423
Y,A,3,-5.424809089890793,0.7669865727873294,-0.7448090898907939
dP,Mono38,16,-5.590820113526176,0.7663923605931577,-0.9945701135261757
Mono101,bHph,2,-6.614446960275835,0.7661982062456978,-2.2144469602758354
dP,Bn_Gly,16,-5.640503586702415,0.7649206859380927,-1.0442535867024152
Me_Nle,Bn_Gly,10,-5.596431257667701,0.7626696730691738,-1.1164312576677013
Me_dL,bHph,27,-5.590352864814595,0.7617412918491288,-1.1114639759257072
dP,L,16,-5.622607149386228,0.7584241608068002,-1.0263571493862278
Y,dA,3,-5.49845602156014,0.7578386937008855,-0.8184560215601397
P,cHexCH2_Gly,29,-5.673270111830247,0.752910545075185,-1.31292528424404
meF,Nle,13,-5.295452275454214,0.7524991175844125,-0.7369907369926754
L,Mono38,39,-5.396192814142224,0.751522581556465,-0.8590133269627369
meF,Mono1,13,-5.648179194830316,0.7488799971797652,-1.0897176563687785
Pr_Gly,dA,2,-5.649983371021274,0.7459229194688959,-0.9399833710212739
Sta,F,1,-5.7968032895437895,0.7458925149173853,-1.0968032895437894
"Sta(3R,4R)",F,1,-5.7968032895437895,0.7458925149173853,-1.0968032895437894
Me_Abu,dA,1,-5.614861740537238,0.745871486026711,-0.994861740537238
P,A,29,-5.401528920176231,0.7450321604531704,-1.0411840925900242
F,A,24,-5.2910042169149705,0.7442980974821016,-0.9593375502483038
Nle,Bn_Gly,10,-5.513500252458064,0.7429984591281837,-1.0635002524580646
I,cHexCH2_Gly,1,-5.474594680930182,0.741702187830156,-1.0745946809301818
Me_Nle,Mono34,10,-5.581074875186377,0.740480191121269,-1.1010748751863768
Nle,Me_dA,10,-5.487231402777426,0.7402833494679733,-1.0372314027774259
Nle,meA,10,-5.487231402777426,0.7402833494679733,-1.0372314027774259
P,dA,29,-5.487068246659543,0.7401229953853677,-1.1267234190733368
dP,cHexCH2_Gly,16,-5.833196666441945,0.7395093732597953,-1.2369466664419453
meL,Mono38,30,-5.514018492067979,0.7391687808882145,-0.9706851587346461
Nle,F,10,-5.624709153824272,0.7355421974945431,-1.1747091538242713
dF,bHph,5,-5.353759449199169,0.7328987901549311,-0.8557594491991688
meL,bHph,29,-5.803677852807901,0.730269710812801,-1.2588502666010046
meF,Mono34,13,-5.436828631055895,0.7291796227354046,-0.8783670925943572
Me_Abu,A,1,-5.606338520257517,0.7289350043711881,-0.986338520257517
Nle,Mono38,10,-5.2810296485554025,0.7285664039366749,-0.8310296485554026
Me_Abu,bHph,1,-5.734698369063685,0.725937524653783,-1.1146983690636851
L,meA,39,-5.459299047637028,0.7253050064736407,-0.9221195604575413
L,Me_dA,39,-5.459937444185244,0.725205983238138,-0.9227579570057569
F,dA,24,-5.338202516620175,0.7240273712086335,-1.006535849953508
Mono101,cHexCH2_Gly,2,-6.341646908878701,0.7230066035477128,-1.9416469088787012
Me_Nle,Pr_Gly,10,-5.828324284622183,0.7228222196993476,-1.3483242846221835
Nle,bHph,10,-5.635196921192117,0.7205783325403132,-1.1851969211921165
Y,cHexCH2_Gly,3,-5.476853629937627,0.7195963792560471,-0.7968536299376275
meF,L,13,-5.366391985808483,0.7188726590761528,-0.8079304473469444
dP,F,16,-5.838244251612963,0.7186447499213764,-1.241994251612963
dP,dA,16,-5.446997564495326,0.7173409245452765,-0.8507475644953255
meF,dL,13,-5.416706949709153,0.717270298249227,-0.8582454112476143
I,Mono1,1,-5.718481134920632,0.7169066344897818,-1.3184811349206313
Me_Nle,bHph,10,-6.157418789975258,0.7165627743932471,-1.6774187899752586
Me_Nle,F,10,-6.281007126973966,0.7163598371996487,-1.8010071269739663
Me_dA,bHph,3,-5.721421827491191,0.7162808393891694,-1.0880884941578577
dL,Pr_Gly,12,-5.49597396283821,0.7150069607626522,-0.9551406295048772
meY,A,1,-5.208965939699022,0.7123919076065615,-0.8089659396990214
Me_dY,A,1,-5.246948172994797,0.7092176948231245,-0.946948172994797
meY,dA,1,-5.246948172994797,0.7092176948231245,-0.8469481729947965
meL,F,30,-5.958528615843137,0.7088096195054651,-1.4151952825098035
dF,Mono34,5,-5.257284607559067,0.7046458337885678,-0.7592846075590675
dP,A,16,-5.437766636489427,0.7023489568899565,-0.8415166364894274
meY,cHexCH2_Gly,1,-5.555464336080584,0.7017267500097351,-1.155464336080584
dF,Mono1,5,-5.6005498266996145,0.6994399950693727,-1.1025498266996145
dP,bHph,16,-5.943152672672765,0.6959065405723032,-1.3469026726727646
Me_dL,A,29,-5.686934183493833,0.6948863468240017,-1.22727901108004
Me_dL,dA,29,-5.693047498855688,0.6937941386256594,-1.2333923264418951
Bn_Gly,Mono1,2,-5.477845086580084,0.6911608639000768,-0.8078450865800839
Me_Abu,Mono1,1,-5.726713207612559,0.6905713656155793,-1.1067132076125592
dL,Mono34,12,-5.522355601519181,0.6896058675131392,-0.9815222681858486
Me_dY,dA,1,-5.530939443278947,0.6891291745418329,-1.230939443278947
L,Mono1,39,-5.765811483153866,0.6887255012949094,-1.2286319959743779
Me_dY,cHexCH2_Gly,1,-5.636447859591385,0.6863766470489777,-1.3364478595913853
L,dA,39,-5.56033141252947,0.6861327462705548,-1.023151925349983
dL,dP,12,-5.6161201037085995,0.6857867409954213,-1.0752867703752664
meA,cHexCH2_Gly,19,-5.985494623091331,0.6741800920770027,-1.6991788336176468
dL,P,12,-5.597747757287376,0.6740665724426758,-1.0569144239540422
Mono100,cHexCH2_Gly,4,-6.774800896936399,0.6734944565836387,-2.274800896936399
Me_dY,Mono1,1,-5.479264229893293,0.672446350994134,-1.1792642298932936
dL,Mono38,12,-5.5922245350493265,0.6704828768130952,-1.0513912017159934
meY,Mono1,1,-5.49715559453519,0.6685859623687627,-1.0971555945351898
dL,Mono1,12,-6.148371878354904,0.6635092714829932,-1.607538545021571
L,A,34,-5.46846594788715,0.6597492006594444,-0.9337600655342095
meL,Mono1,30,-5.961959956828201,0.659386814407332,-1.4186266234948683
Me_Nle,Mono38,10,-6.243023114547791,0.6549420100238565,-1.7630231145477908
Me_dL,Mono1,29,-5.769805363778108,0.6514415059776855,-1.3101501913643143
Y,Mono1,3,-5.7786178030488,0.6472136615097391,-1.0986178030487999
Sta,A,1,-5.283727799837409,0.6431678764761367,-0.5837277998374084
"Sta(3R,4R)",A,1,-5.283727799837409,0.6431678764761367,-0.5837277998374084
Me_Nle,dP,10,-6.136762778692927,0.6424429339147435,-1.6567627786929269
dF,Mono38,5,-5.62506197522198,0.6398437433985292,-1.1270619752219795
meF,Mono38,13,-5.627484409323738,0.6385365099936506,-1.0690228708622
Sta,dA,1,-5.3273425707315525,0.6363721007525033,-0.6273425707315523
"Sta(3R,4R)",dA,1,-5.3273425707315525,0.6363721007525033,-0.6273425707315523
Me_Nle,P,9,-6.111068025382206,0.6358303953567292,-1.6444013587155395
Pr_Gly,cHexCH2_Gly,2,-5.826427691192191,0.6307059158079886,-1.1164276911921913
Nle,dA,10,-5.9422080222418066,0.6273335675695003,-1.492208022241807
Me_Nle,Me_dA,10,-6.02431282803634,0.627275281749748,-1.5443128280363403
Me_Nle,meA,10,-6.02431282803634,0.627275281749748,-1.5443128280363403
dL,meA,12,-5.649558688533829,0.6259346865883898,-1.1087253552004952
Nle,A,10,-5.9273760694446045,0.6251799563644871,-1.4773760694446048
dL,Me_dA,12,-5.664587265041742,0.6236844570382786,-1.123753931708409
Me_dA,Mono1,3,-5.750220159478919,0.6079162840543044,-1.116886826145586
Sta,Mono1,1,-5.943002809523811,0.6026386269149506,-1.2430028095238113
"Sta(3R,4R)",Mono1,1,-5.943002809523811,0.6026386269149506,-1.2430028095238113
meL,dA,30,-5.881340569818089,0.6024254819601809,-1.338007236484756
dF,Pr_Gly,5,-5.610005226944971,0.5993961541968025,-1.1120052269449712
dP,Mono1,16,-6.1369484700130705,0.5979960452749348,-1.5406984700130701
I,Mono34,1,-5.4243207988677975,0.5973440369461039,-1.0243207988677971
meL,A,30,-5.875552749162574,0.595111381876968,-1.3322194158292398
Me_Abu,F,1,-6.406429980986263,0.5916897321291615,-1.786429980986263
Nle,Mono1,10,-6.357804083877229,0.57505821322303,-1.9078040838772297
Pr_Gly,Mono1,2,-5.820691931375897,0.574521912608246,-1.110691931375897
P,Mono1,29,-6.084269664199538,0.5739126403713285,-1.7239248366133308
dF,dP,5,-5.7676272071136445,0.5726129436452004,-1.2696272071136443
Me_Nle,Mono1,10,-6.6925148797143805,0.5443869700408035,-2.212514879714381
I,Mono38,1,-6.188911704581104,0.5407558676540334,-1.7889117045811034
dL,A,12,-5.6934762265918755,0.5402992780888973,-1.1526428932585417
meA,Mono1,19,-6.05350604119018,0.534607819434557,-1.7671902517164957
dL,dA,12,-5.714998547190498,0.532776983630086,-1.1741652138571643
dF,P,5,-5.779674008208134,0.530165210504159,-1.2816740082081333
Me_Nle,dA,10,-6.416731213656329,0.4928683618162447,-1.9367312136563286
Me_Nle,A,10,-6.430867327687018,0.4926261965366229,-1.950867327687018
I,bHph,1,-5.935383797757792,0.4703731134327438,-1.5353837977577918
Mono100,Mono1,4,-6.777308152668408,0.4658011747596146,-2.2773081526684082
Mono101,Mono1,2,-6.748902781551782,0.4534064940099475,-2.348902781551782
dF,Me_dA,5,-6.193315420826231,0.4232237300858176,-1.695315420826231
dF,meA,5,-6.193315420826231,0.4232237300858176,-1.695315420826231
meF,dA,13,-6.1362036284968635,0.4217711514693765,-1.5777420900353247
meF,A,13,-6.119732426580681,0.4140186685587327,-1.561270888119142
I,P,1,-5.673183361133969,0.3742718918100166,-1.2731833611339685
I,Pr_Gly,1,-6.665824395271399,0.3740583500390839,-2.265824395271399
dF,dA,5,-6.2385301625664615,0.3677514102311487,-1.740530162566462
I,dP,1,-5.6809215383587,0.3537816676727214,-1.2809215383587
dF,A,5,-6.373098414868788,0.32347872324360033,-1.8750984148687877
I,Me_dA,1,-6.673454398934399,0.1179338150000196,-2.2734543989343985
I,meA,1,-6.673454398934399,0.1179338150000196,-2.2734543989343985
I,A,1,-6.608575216450215,0.0454168912204469,-2.208575216450215
I,dA,1,-6.647672898989898,0.0328630460081882,-2.2476728989898973
