parent_helm,parent_permeability,position,from_monomer,to_monomer,HELM,seq_len,unique_ratio,natural_ratio,n_methyl_ratio,d_ratio,aromatic_ratio,MolWt_mean,MolWt_std,MolWt_max,TPSA_mean,TPSA_std,TPSA_max,MolLogP_mean,MolLogP_std,MolLogP_max,qed_mean,qed_std,qed_max,FractionCSP3_mean,FractionCSP3_std,FractionCSP3_max,HeavyAtomCount_mean,HeavyAtomCount_std,HeavyAtomCount_max,NumHAcceptors_mean,NumHAcceptors_std,NumHAcceptors_max,NumHDonors_mean,NumHDonors_std,NumHDonors_max,RingCount_mean,RingCount_std,RingCount_max,predicted_permeability,predicted_positive_prob,score,signature,improvement
"PEPTIDE3261{[meA].[meL].[dL].P.[meL].F}$PEPTIDE3261,PEPTIDE3261,1:R1-6:R2$$$",-4.69,2,dL,meL,"PEPTIDE3261{[meA].[meL].[meL].P.[meL].F}$PEPTIDE3261,PEPTIDE3261,1:R1-6:R2$$$",6,0.6666666666666666,0.3333333333333333,0.6666666666666666,0.0,0.1666666666666666,134.53650000000002,20.90117184713176,163.22,21.775,3.2758395870371926,29.1,0.8192833333333333,0.4376646372763308,1.1616,0.5397189366666667,0.0718926722617832,0.671232567,0.7597222221666665,0.2074657862418688,0.875,9.5,1.6072751268321592,12.0,2.0,0.0,2.0,0.1666666666666666,0.372677996249965,1.0,0.3333333333333333,0.4714045207910317,1.0,-4.469216187150636,1.0,-3.469216187150636,meA.meL.meL.P.meL.F,0.22078381284936466
"PEPTIDE3295{[meA].[Me_dL].[Bn_Gly].P.[Me_dL].F}$PEPTIDE3295,PEPTIDE3295,1:R1-6:R2$$$",-4.67,2,Bn_Gly,Me_dL,"PEPTIDE3295{[meA].[Me_dL].[Me_dL].P.[Me_dL].F}$PEPTIDE3295,PEPTIDE3295,1:R1-6:R2$$$",6,0.6666666666666666,0.3333333333333333,0.6666666666666666,0.0,0.1666666666666666,134.53650000000002,20.90117184713176,163.22,21.775,3.2758395870371926,29.1,0.8192833333333333,0.4376646372763308,1.1616,0.5397189366666667,0.0718926722617832,0.671232567,0.7597222221666665,0.2074657862418688,0.875,9.5,1.6072751268321592,12.0,2.0,0.0,2.0,0.1666666666666666,0.372677996249965,1.0,0.3333333333333333,0.4714045207910317,1.0,-4.469216187150636,1.0,-3.469216187150636,meA.Me_dL.Me_dL.P.Me_dL.F,0.2007838128493642
"PEPTIDE3270{[meA].[Me_dL].[Me_dL].P.[Me_dL].F}$PEPTIDE3270,PEPTIDE3270,1:R1-6:R2$$$",-4.0,0,meA,Me_dA,"PEPTIDE3270{[Me_dA].[Me_dL].[Me_dL].P.[Me_dL].F}$PEPTIDE3270,PEPTIDE3270,1:R1-6:R2$$$",6,0.6666666666666666,0.3333333333333333,0.6666666666666666,0.0,0.1666666666666666,134.53650000000002,20.90117184713176,163.22,21.775,3.2758395870371926,29.1,0.8192833333333333,0.4376646372763308,1.1616,0.5397189366666667,0.0718926722617832,0.671232567,0.7597222221666665,0.2074657862418688,0.875,9.5,1.6072751268321592,12.0,2.0,0.0,2.0,0.1666666666666666,0.372677996249965,1.0,0.3333333333333333,0.4714045207910317,1.0,-4.469216187150636,1.0,-3.469216187150636,Me_dA.Me_dL.Me_dL.P.Me_dL.F,-0.46921618715063573
"PEPTIDE3261{[meA].[meL].[dL].P.[meL].F}$PEPTIDE3261,PEPTIDE3261,1:R1-6:R2$$$",-4.69,2,dL,Me_dL,"PEPTIDE3261{[meA].[meL].[Me_dL].P.[meL].F}$PEPTIDE3261,PEPTIDE3261,1:R1-6:R2$$$",6,0.8333333333333334,0.3333333333333333,0.6666666666666666,0.0,0.1666666666666666,134.53650000000002,20.90117184713176,163.22,21.775,3.2758395870371926,29.1,0.8192833333333333,0.4376646372763308,1.1616,0.5397189366666667,0.0718926722617832,0.671232567,0.7597222221666665,0.2074657862418688,0.875,9.5,1.6072751268321592,12.0,2.0,0.0,2.0,0.1666666666666666,0.372677996249965,1.0,0.3333333333333333,0.4714045207910317,1.0,-4.511311171520847,1.0,-3.5113111715208465,meA.meL.Me_dL.P.meL.F,0.17868882847915302
"PEPTIDE3295{[meA].[Me_dL].[Bn_Gly].P.[Me_dL].F}$PEPTIDE3295,PEPTIDE3295,1:R1-6:R2$$$",-4.67,2,Bn_Gly,meL,"PEPTIDE3295{[meA].[Me_dL].[meL].P.[Me_dL].F}$PEPTIDE3295,PEPTIDE3295,1:R1-6:R2$$$",6,0.8333333333333334,0.3333333333333333,0.6666666666666666,0.0,0.1666666666666666,134.53650000000002,20.90117184713176,163.22,21.775,3.2758395870371926,29.1,0.8192833333333333,0.4376646372763308,1.1616,0.5397189366666667,0.0718926722617832,0.671232567,0.7597222221666665,0.2074657862418688,0.875,9.5,1.6072751268321592,12.0,2.0,0.0,2.0,0.1666666666666666,0.372677996249965,1.0,0.3333333333333333,0.4714045207910317,1.0,-4.511311171520847,1.0,-3.5113111715208465,meA.Me_dL.meL.P.Me_dL.F,0.15868882847915255
"PEPTIDE3294{[meA].[Me_dL].[Me_dL].P.[Bn_Gly].F}$PEPTIDE3294,PEPTIDE3294,1:R1-6:R2$$$",-4.67,4,Bn_Gly,meL,"PEPTIDE3294{[meA].[Me_dL].[Me_dL].P.[meL].F}$PEPTIDE3294,PEPTIDE3294,1:R1-6:R2$$$",6,0.8333333333333334,0.3333333333333333,0.6666666666666666,0.0,0.1666666666666666,134.53650000000002,20.90117184713176,163.22,21.775,3.2758395870371926,29.1,0.8192833333333333,0.4376646372763308,1.1616,0.5397189366666667,0.0718926722617832,0.671232567,0.7597222221666665,0.2074657862418688,0.875,9.5,1.6072751268321592,12.0,2.0,0.0,2.0,0.1666666666666666,0.372677996249965,1.0,0.3333333333333333,0.4714045207910317,1.0,-4.511311171520847,1.0,-3.5113111715208465,meA.Me_dL.Me_dL.P.meL.F,0.15868882847915255
"PEPTIDE3258{[meA].[dL].[meL].P.[meL].F}$PEPTIDE3258,PEPTIDE3258,1:R1-6:R2$$$",-4.5,1,dL,Me_dL,"PEPTIDE3258{[meA].[Me_dL].[meL].P.[meL].F}$PEPTIDE3258,PEPTIDE3258,1:R1-6:R2$$$",6,0.8333333333333334,0.3333333333333333,0.6666666666666666,0.0,0.1666666666666666,134.53650000000002,20.90117184713176,163.22,21.775,3.2758395870371926,29.1,0.8192833333333333,0.4376646372763308,1.1616,0.5397189366666667,0.0718926722617832,0.671232567,0.7597222221666665,0.2074657862418688,0.875,9.5,1.6072751268321592,12.0,2.0,0.0,2.0,0.1666666666666666,0.372677996249965,1.0,0.3333333333333333,0.4714045207910317,1.0,-4.511311171520847,1.0,-3.5113111715208465,meA.Me_dL.meL.P.meL.F,-0.011311171520847374
"PEPTIDE3271{[meA].[Me_dL].[Me_dL].P.[meL].F}$PEPTIDE3271,PEPTIDE3271,1:R1-6:R2$$$",-4.4,0,meA,Me_dA,"PEPTIDE3271{[Me_dA].[Me_dL].[Me_dL].P.[meL].F}$PEPTIDE3271,PEPTIDE3271,1:R1-6:R2$$$",6,0.8333333333333334,0.3333333333333333,0.6666666666666666,0.0,0.1666666666666666,134.53650000000002,20.90117184713176,163.22,21.775,3.2758395870371926,29.1,0.8192833333333333,0.4376646372763308,1.1616,0.5397189366666667,0.0718926722617832,0.671232567,0.7597222221666665,0.2074657862418688,0.875,9.5,1.6072751268321592,12.0,2.0,0.0,2.0,0.1666666666666666,0.372677996249965,1.0,0.3333333333333333,0.4714045207910317,1.0,-4.511311171520847,1.0,-3.5113111715208465,Me_dA.Me_dL.Me_dL.P.meL.F,-0.11131117152084702
"PEPTIDE3254{[meA].L.[Me_dL].P.[Me_dL].F}$PEPTIDE3254,PEPTIDE3254,1:R1-6:R2$$$",-4.0,1,L,meL,"PEPTIDE3254{[meA].[meL].[Me_dL].P.[Me_dL].F}$PEPTIDE3254,PEPTIDE3254,1:R1-6:R2$$$",6,0.8333333333333334,0.3333333333333333,0.6666666666666666,0.0,0.1666666666666666,134.53650000000002,20.90117184713176,163.22,21.775,3.2758395870371926,29.1,0.8192833333333333,0.4376646372763308,1.1616,0.5397189366666667,0.0718926722617832,0.671232567,0.7597222221666665,0.2074657862418688,0.875,9.5,1.6072751268321592,12.0,2.0,0.0,2.0,0.1666666666666666,0.372677996249965,1.0,0.3333333333333333,0.4714045207910317,1.0,-4.511311171520847,1.0,-3.5113111715208465,meA.meL.Me_dL.P.Me_dL.F,-0.5113111715208474
"PEPTIDE3272{[meA].[Me_dL].[meL].P.[Me_dL].F}$PEPTIDE3272,PEPTIDE3272,1:R1-6:R2$$$",-4.0,0,meA,Me_dA,"PEPTIDE3272{[Me_dA].[Me_dL].[meL].P.[Me_dL].F}$PEPTIDE3272,PEPTIDE3272,1:R1-6:R2$$$",6,0.8333333333333334,0.3333333333333333,0.6666666666666666,0.0,0.1666666666666666,134.53650000000002,20.90117184713176,163.22,21.775,3.2758395870371926,29.1,0.8192833333333333,0.4376646372763308,1.1616,0.5397189366666667,0.0718926722617832,0.671232567,0.7597222221666665,0.2074657862418688,0.875,9.5,1.6072751268321592,12.0,2.0,0.0,2.0,0.1666666666666666,0.372677996249965,1.0,0.3333333333333333,0.4714045207910317,1.0,-4.511311171520847,1.0,-3.5113111715208465,Me_dA.Me_dL.meL.P.Me_dL.F,-0.5113111715208474
"PEPTIDE3272{[meA].[Me_dL].[meL].P.[Me_dL].F}$PEPTIDE3272,PEPTIDE3272,1:R1-6:R2$$$",-4.0,1,Me_dL,meL,"PEPTIDE3272{[meA].[meL].[meL].P.[Me_dL].F}$PEPTIDE3272,PEPTIDE3272,1:R1-6:R2$$$",6,0.8333333333333334,0.3333333333333333,0.6666666666666666,0.0,0.1666666666666666,134.53650000000002,20.90117184713176,163.22,21.775,3.2758395870371926,29.1,0.8192833333333333,0.4376646372763308,1.1616,0.5397189366666667,0.0718926722617832,0.671232567,0.7597222221666665,0.2074657862418688,0.875,9.5,1.6072751268321592,12.0,2.0,0.0,2.0,0.1666666666666666,0.372677996249965,1.0,0.3333333333333333,0.4714045207910317,1.0,-4.511311171520847,1.0,-3.5113111715208465,meA.meL.meL.P.Me_dL.F,-0.5113111715208474
"PEPTIDE3278{[meA].[Me_dL].[meL].P.[meL].F}$PEPTIDE3278,PEPTIDE3278,1:R1-6:R2$$$",-4.0,0,meA,Me_dA,"PEPTIDE3278{[Me_dA].[Me_dL].[meL].P.[meL].F}$PEPTIDE3278,PEPTIDE3278,1:R1-6:R2$$$",6,0.8333333333333334,0.3333333333333333,0.6666666666666666,0.0,0.1666666666666666,134.53650000000002,20.90117184713176,163.22,21.775,3.2758395870371926,29.1,0.8192833333333333,0.4376646372763308,1.1616,0.5397189366666667,0.0718926722617832,0.671232567,0.7597222221666665,0.2074657862418688,0.875,9.5,1.6072751268321592,12.0,2.0,0.0,2.0,0.1666666666666666,0.372677996249965,1.0,0.3333333333333333,0.4714045207910317,1.0,-4.511311171520847,1.0,-3.5113111715208465,Me_dA.Me_dL.meL.P.meL.F,-0.5113111715208474
"PEPTIDE3273{[meA].[meL].[Me_dL].P.[Me_dL].F}$PEPTIDE3273,PEPTIDE3273,1:R1-6:R2$$$",-4.0,0,meA,Me_dA,"PEPTIDE3273{[Me_dA].[meL].[Me_dL].P.[Me_dL].F}$PEPTIDE3273,PEPTIDE3273,1:R1-6:R2$$$",6,0.8333333333333334,0.3333333333333333,0.6666666666666666,0.0,0.1666666666666666,134.53650000000002,20.90117184713176,163.22,21.775,3.2758395870371926,29.1,0.8192833333333333,0.4376646372763308,1.1616,0.5397189366666667,0.0718926722617832,0.671232567,0.7597222221666665,0.2074657862418688,0.875,9.5,1.6072751268321592,12.0,2.0,0.0,2.0,0.1666666666666666,0.372677996249965,1.0,0.3333333333333333,0.4714045207910317,1.0,-4.511311171520847,1.0,-3.5113111715208465,Me_dA.meL.Me_dL.P.Me_dL.F,-0.5113111715208474
"PEPTIDE3295{[meA].[Me_dL].[Bn_Gly].P.[Me_dL].F}$PEPTIDE3295,PEPTIDE3295,1:R1-6:R2$$$",-4.67,1,Me_dL,meL,"PEPTIDE3295{[meA].[meL].[Bn_Gly].P.[Me_dL].F}$PEPTIDE3295,PEPTIDE3295,1:R1-6:R2$$$",6,1.0,0.3333333333333333,0.5,0.0,0.1666666666666666,137.86816666666667,23.45819018606413,163.22,21.775,3.2758395870371926,29.1,0.8452333333333334,0.4611763027544045,1.3173,0.5519543785,0.078597916911926,0.671232567,0.6638888888333333,0.2585870915799745,0.875,9.833333333333334,1.863389981249825,12.0,2.0,0.0,2.0,0.1666666666666666,0.372677996249965,1.0,0.5,0.5,1.0,-4.779089101393157,1.0,-3.779089101393157,meA.meL.Bn_Gly.P.Me_dL.F,-0.10908910139315697
"PEPTIDE3295{[meA].[Me_dL].[Bn_Gly].P.[Me_dL].F}$PEPTIDE3295,PEPTIDE3295,1:R1-6:R2$$$",-4.67,4,Me_dL,meL,"PEPTIDE3295{[meA].[Me_dL].[Bn_Gly].P.[meL].F}$PEPTIDE3295,PEPTIDE3295,1:R1-6:R2$$$",6,1.0,0.3333333333333333,0.5,0.0,0.1666666666666666,137.86816666666667,23.45819018606413,163.22,21.775,3.2758395870371926,29.1,0.8452333333333334,0.4611763027544045,1.3173,0.5519543785,0.078597916911926,0.671232567,0.6638888888333333,0.2585870915799745,0.875,9.833333333333334,1.863389981249825,12.0,2.0,0.0,2.0,0.1666666666666666,0.372677996249965,1.0,0.5,0.5,1.0,-4.779089101393157,1.0,-3.779089101393157,meA.Me_dL.Bn_Gly.P.meL.F,-0.10908910139315697
"PEPTIDE3294{[meA].[Me_dL].[Me_dL].P.[Bn_Gly].F}$PEPTIDE3294,PEPTIDE3294,1:R1-6:R2$$$",-4.67,1,Me_dL,meL,"PEPTIDE3294{[meA].[meL].[Me_dL].P.[Bn_Gly].F}$PEPTIDE3294,PEPTIDE3294,1:R1-6:R2$$$",6,1.0,0.3333333333333333,0.5,0.0,0.1666666666666666,137.86816666666667,23.45819018606413,163.22,21.775,3.2758395870371926,29.1,0.8452333333333333,0.4611763027544045,1.3173,0.5519543785,0.078597916911926,0.671232567,0.6638888888333333,0.2585870915799745,0.875,9.833333333333334,1.8633899812498247,12.0,2.0,0.0,2.0,0.1666666666666666,0.372677996249965,1.0,0.5,0.5,1.0,-4.779089101393157,1.0,-3.779089101393157,meA.meL.Me_dL.P.Bn_Gly.F,-0.10908910139315697
"PEPTIDE3294{[meA].[Me_dL].[Me_dL].P.[Bn_Gly].F}$PEPTIDE3294,PEPTIDE3294,1:R1-6:R2$$$",-4.67,2,Me_dL,meL,"PEPTIDE3294{[meA].[Me_dL].[meL].P.[Bn_Gly].F}$PEPTIDE3294,PEPTIDE3294,1:R1-6:R2$$$",6,1.0,0.3333333333333333,0.5,0.0,0.1666666666666666,137.86816666666667,23.45819018606413,163.22,21.775,3.2758395870371926,29.1,0.8452333333333333,0.4611763027544045,1.3173,0.5519543785,0.078597916911926,0.671232567,0.6638888888333333,0.2585870915799745,0.875,9.833333333333334,1.8633899812498247,12.0,2.0,0.0,2.0,0.1666666666666666,0.372677996249965,1.0,0.5,0.5,1.0,-4.779089101393157,1.0,-3.779089101393157,meA.Me_dL.meL.P.Bn_Gly.F,-0.10908910139315697
"PEPTIDE3260{[meA].L.[Me_dL].P.[meL].F}$PEPTIDE3260,PEPTIDE3260,1:R1-6:R2$$$",-4.67,1,L,Bn_Gly,"PEPTIDE3260{[meA].[Bn_Gly].[Me_dL].P.[meL].F}$PEPTIDE3260,PEPTIDE3260,1:R1-6:R2$$$",6,1.0,0.3333333333333333,0.5,0.0,0.1666666666666666,137.86816666666667,23.45819018606413,163.22,21.775,3.2758395870371926,29.1,0.8452333333333334,0.4611763027544045,1.3173,0.5519543785,0.078597916911926,0.671232567,0.6638888888333333,0.2585870915799745,0.875,9.833333333333334,1.8633899812498247,12.0,2.0,0.0,2.0,0.1666666666666666,0.372677996249965,1.0,0.5,0.5,1.0,-4.779089101393157,1.0,-3.779089101393157,meA.Bn_Gly.Me_dL.P.meL.F,-0.10908910139315697
"PEPTIDE3299{[meA].[Me_dL].[Bn_Gly].P.[meL].F}$PEPTIDE3299,PEPTIDE3299,1:R1-6:R2$$$",-4.0,0,meA,Me_dA,"PEPTIDE3299{[Me_dA].[Me_dL].[Bn_Gly].P.[meL].F}$PEPTIDE3299,PEPTIDE3299,1:R1-6:R2$$$",6,1.0,0.3333333333333333,0.5,0.0,0.1666666666666666,137.86816666666667,23.45819018606413,163.22,21.775,3.2758395870371926,29.1,0.8452333333333334,0.4611763027544045,1.3173,0.5519543785,0.078597916911926,0.671232567,0.6638888888333333,0.2585870915799745,0.875,9.833333333333334,1.863389981249825,12.0,2.0,0.0,2.0,0.1666666666666666,0.372677996249965,1.0,0.5,0.5,1.0,-4.779089101393157,1.0,-3.779089101393157,Me_dA.Me_dL.Bn_Gly.P.meL.F,-0.7790891013931569
"PEPTIDE3272{[meA].[Me_dL].[meL].P.[Me_dL].F}$PEPTIDE3272,PEPTIDE3272,1:R1-6:R2$$$",-4.0,1,Me_dL,Bn_Gly,"PEPTIDE3272{[meA].[Bn_Gly].[meL].P.[Me_dL].F}$PEPTIDE3272,PEPTIDE3272,1:R1-6:R2$$$",6,1.0,0.3333333333333333,0.5,0.0,0.1666666666666666,137.86816666666667,23.45819018606413,163.22,21.775,3.2758395870371926,29.1,0.8452333333333334,0.4611763027544045,1.3173,0.5519543785,0.078597916911926,0.671232567,0.6638888888333333,0.2585870915799745,0.875,9.833333333333334,1.8633899812498247,12.0,2.0,0.0,2.0,0.1666666666666666,0.372677996249965,1.0,0.5,0.5,1.0,-4.779089101393157,1.0,-3.779089101393157,meA.Bn_Gly.meL.P.Me_dL.F,-0.7790891013931569
"PEPTIDE2798{[Pr_Gly].[meL].[Me_dL].P.L.F}$PEPTIDE2798,PEPTIDE2798,1:R1-6:R2$$$",-4.71,1,meL,Me_dL,"PEPTIDE2798{[Pr_Gly].[Me_dL].[Me_dL].P.L.F}$PEPTIDE2798,PEPTIDE2798,1:R1-6:R2$$$",6,0.8333333333333334,0.5,0.3333333333333333,0.0,0.1666666666666666,134.5365,17.483930676957815,163.22,23.24,4.14364573775317,29.1,0.8275333333333332,0.3289852158110182,1.1616,0.5490466435,0.0668055653402872,0.671232567,0.7623015871666667,0.2074489922458794,0.875,9.5,1.384437310486346,12.0,2.0,0.0,2.0,0.3333333333333333,0.4714045207910317,1.0,0.3333333333333333,0.4714045207910317,1.0,-4.786384799977802,1.0,-3.786384799977802,Pr_Gly.Me_dL.Me_dL.P.L.F,-0.07638479997780223
"PEPTIDE2798{[Pr_Gly].[meL].[Me_dL].P.L.F}$PEPTIDE2798,PEPTIDE2798,1:R1-6:R2$$$",-4.71,2,Me_dL,meL,"PEPTIDE2798{[Pr_Gly].[meL].[meL].P.L.F}$PEPTIDE2798,PEPTIDE2798,1:R1-6:R2$$$",6,0.8333333333333334,0.5,0.3333333333333333,0.0,0.1666666666666666,134.5365,17.483930676957815,163.22,23.24,4.14364573775317,29.1,0.8275333333333332,0.3289852158110182,1.1616,0.5490466435,0.0668055653402872,0.671232567,0.7623015871666667,0.2074489922458794,0.875,9.5,1.384437310486346,12.0,2.0,0.0,2.0,0.3333333333333333,0.4714045207910317,1.0,0.3333333333333333,0.4714045207910317,1.0,-4.786384799977802,1.0,-3.786384799977802,Pr_Gly.meL.meL.P.L.F,-0.07638479997780223
"PEPTIDE3254{[meA].L.[Me_dL].P.[Me_dL].F}$PEPTIDE3254,PEPTIDE3254,1:R1-6:R2$$$",-4.0,0,meA,Pr_Gly,"PEPTIDE3254{[Pr_Gly].L.[Me_dL].P.[Me_dL].F}$PEPTIDE3254,PEPTIDE3254,1:R1-6:R2$$$",6,0.8333333333333334,0.5,0.3333333333333333,0.0,0.1666666666666666,134.53650000000002,17.48393067695782,163.22,23.24,4.14364573775317,29.1,0.8275333333333332,0.3289852158110182,1.1616,0.5490466435,0.0668055653402872,0.671232567,0.7623015871666667,0.2074489922458794,0.875,9.5,1.384437310486346,12.0,2.0,0.0,2.0,0.3333333333333333,0.4714045207910317,1.0,0.3333333333333333,0.4714045207910317,1.0,-4.786384799977802,1.0,-3.786384799977802,Pr_Gly.L.Me_dL.P.Me_dL.F,-0.7863847999778022
"PEPTIDE3266{[meA].[meL].L.P.[meL].F}$PEPTIDE3266,PEPTIDE3266,1:R1-6:R2$$$",-4.0,0,meA,Pr_Gly,"PEPTIDE3266{[Pr_Gly].[meL].L.P.[meL].F}$PEPTIDE3266,PEPTIDE3266,1:R1-6:R2$$$",6,0.8333333333333334,0.5,0.3333333333333333,0.0,0.1666666666666666,134.53650000000002,17.48393067695782,163.22,23.24,4.14364573775317,29.1,0.8275333333333332,0.3289852158110182,1.1616,0.5490466435,0.0668055653402872,0.671232567,0.7623015871666667,0.2074489922458794,0.875,9.5,1.384437310486346,12.0,2.0,0.0,2.0,0.3333333333333333,0.4714045207910317,1.0,0.3333333333333333,0.4714045207910317,1.0,-4.786384799977802,1.0,-3.786384799977802,Pr_Gly.meL.L.P.meL.F,-0.7863847999778022
"PEPTIDE3253{[meA].[Me_dL].L.P.[Me_dL].F}$PEPTIDE3253,PEPTIDE3253,1:R1-6:R2$$$",-4.0,0,meA,Pr_Gly,"PEPTIDE3253{[Pr_Gly].[Me_dL].L.P.[Me_dL].F}$PEPTIDE3253,PEPTIDE3253,1:R1-6:R2$$$",6,0.8333333333333334,0.5,0.3333333333333333,0.0,0.1666666666666666,134.53650000000002,17.48393067695782,163.22,23.24,4.14364573775317,29.1,0.8275333333333332,0.3289852158110182,1.1616,0.5490466435,0.0668055653402872,0.671232567,0.7623015871666667,0.2074489922458794,0.875,9.5,1.384437310486346,12.0,2.0,0.0,2.0,0.3333333333333333,0.4714045207910317,1.0,0.3333333333333333,0.4714045207910317,1.0,-4.786384799977802,1.0,-3.786384799977802,Pr_Gly.Me_dL.L.P.Me_dL.F,-0.7863847999778022
"PEPTIDE3270{[meA].[Me_dL].[Me_dL].P.[Me_dL].F}$PEPTIDE3270,PEPTIDE3270,1:R1-6:R2$$$",-4.0,3,P,dP,"PEPTIDE3270{[meA].[Me_dL].[Me_dL].[dP].[Me_dL].F}$PEPTIDE3270,PEPTIDE3270,1:R1-6:R2$$$",6,0.6666666666666666,0.1666666666666666,0.6666666666666666,0.1666666666666666,0.1666666666666666,134.53650000000002,20.90117184713176,163.22,21.775,3.2758395870371926,29.1,0.8192833333333333,0.4376646372763308,1.1616,0.5397189366666667,0.0718926722617832,0.671232567,0.7597222221666665,0.2074657862418688,0.875,9.5,1.6072751268321592,12.0,2.0,0.0,2.0,0.1666666666666666,0.372677996249965,1.0,0.3333333333333333,0.4714045207910317,1.0,-4.882826718542891,1.0,-3.88282671854289,meA.Me_dL.Me_dL.dP.Me_dL.F,-0.8828267185428906
"PEPTIDE3271{[meA].[Me_dL].[Me_dL].P.[meL].F}$PEPTIDE3271,PEPTIDE3271,1:R1-6:R2$$$",-4.4,3,P,dP,"PEPTIDE3271{[meA].[Me_dL].[Me_dL].[dP].[meL].F}$PEPTIDE3271,PEPTIDE3271,1:R1-6:R2$$$",6,0.8333333333333334,0.1666666666666666,0.6666666666666666,0.1666666666666666,0.1666666666666666,134.53650000000002,20.90117184713176,163.22,21.775,3.2758395870371926,29.1,0.8192833333333333,0.4376646372763308,1.1616,0.5397189366666667,0.0718926722617832,0.671232567,0.7597222221666665,0.2074657862418688,0.875,9.5,1.6072751268321592,12.0,2.0,0.0,2.0,0.1666666666666666,0.372677996249965,1.0,0.3333333333333333,0.4714045207910317,1.0,-4.926470482168161,1.0,-3.9264704821681606,meA.Me_dL.Me_dL.dP.meL.F,-0.5264704821681603
"PEPTIDE3272{[meA].[Me_dL].[meL].P.[Me_dL].F}$PEPTIDE3272,PEPTIDE3272,1:R1-6:R2$$$",-4.0,3,P,dP,"PEPTIDE3272{[meA].[Me_dL].[meL].[dP].[Me_dL].F}$PEPTIDE3272,PEPTIDE3272,1:R1-6:R2$$$",6,0.8333333333333334,0.1666666666666666,0.6666666666666666,0.1666666666666666,0.1666666666666666,134.53650000000002,20.90117184713176,163.22,21.775,3.2758395870371926,29.1,0.8192833333333333,0.4376646372763308,1.1616,0.5397189366666667,0.0718926722617832,0.671232567,0.7597222221666665,0.2074657862418688,0.875,9.5,1.6072751268321592,12.0,2.0,0.0,2.0,0.1666666666666666,0.372677996249965,1.0,0.3333333333333333,0.4714045207910317,1.0,-4.926470482168161,1.0,-3.9264704821681606,meA.Me_dL.meL.dP.Me_dL.F,-0.9264704821681606
"PEPTIDE3278{[meA].[Me_dL].[meL].P.[meL].F}$PEPTIDE3278,PEPTIDE3278,1:R1-6:R2$$$",-4.0,3,P,dP,"PEPTIDE3278{[meA].[Me_dL].[meL].[dP].[meL].F}$PEPTIDE3278,PEPTIDE3278,1:R1-6:R2$$$",6,0.8333333333333334,0.1666666666666666,0.6666666666666666,0.1666666666666666,0.1666666666666666,134.53650000000002,20.90117184713176,163.22,21.775,3.2758395870371926,29.1,0.8192833333333333,0.4376646372763308,1.1616,0.5397189366666667,0.0718926722617832,0.671232567,0.7597222221666665,0.2074657862418688,0.875,9.5,1.6072751268321592,12.0,2.0,0.0,2.0,0.1666666666666666,0.372677996249965,1.0,0.3333333333333333,0.4714045207910317,1.0,-4.926470482168161,1.0,-3.9264704821681606,meA.Me_dL.meL.dP.meL.F,-0.9264704821681606
"PEPTIDE3273{[meA].[meL].[Me_dL].P.[Me_dL].F}$PEPTIDE3273,PEPTIDE3273,1:R1-6:R2$$$",-4.0,3,P,dP,"PEPTIDE3273{[meA].[meL].[Me_dL].[dP].[Me_dL].F}$PEPTIDE3273,PEPTIDE3273,1:R1-6:R2$$$",6,0.8333333333333334,0.1666666666666666,0.6666666666666666,0.1666666666666666,0.1666666666666666,134.53650000000002,20.90117184713176,163.22,21.775,3.2758395870371926,29.1,0.8192833333333333,0.4376646372763308,1.1616,0.5397189366666667,0.0718926722617832,0.671232567,0.7597222221666665,0.2074657862418688,0.875,9.5,1.6072751268321592,12.0,2.0,0.0,2.0,0.1666666666666666,0.372677996249965,1.0,0.3333333333333333,0.4714045207910317,1.0,-4.926470482168161,1.0,-3.9264704821681606,meA.meL.Me_dL.dP.Me_dL.F,-0.9264704821681606
"PEPTIDE3261{[meA].[meL].[dL].P.[meL].F}$PEPTIDE3261,PEPTIDE3261,1:R1-6:R2$$$",-4.69,2,dL,Bn_Gly,"PEPTIDE3261{[meA].[meL].[Bn_Gly].P.[meL].F}$PEPTIDE3261,PEPTIDE3261,1:R1-6:R2$$$",6,0.8333333333333334,0.3333333333333333,0.5,0.0,0.1666666666666666,137.86816666666667,23.45819018606413,163.22,21.775,3.2758395870371926,29.1,0.8452333333333334,0.4611763027544045,1.3173,0.5519543785,0.078597916911926,0.671232567,0.6638888888333333,0.2585870915799745,0.875,9.833333333333334,1.863389981249825,12.0,2.0,0.0,2.0,0.1666666666666666,0.372677996249965,1.0,0.5,0.5,1.0,-4.943154798165882,1.0,-3.9431547981658817,meA.meL.Bn_Gly.P.meL.F,-0.25315479816588127
"PEPTIDE3295{[meA].[Me_dL].[Bn_Gly].P.[Me_dL].F}$PEPTIDE3295,PEPTIDE3295,1:R1-6:R2$$$",-4.67,0,meA,Me_dA,"PEPTIDE3295{[Me_dA].[Me_dL].[Bn_Gly].P.[Me_dL].F}$PEPTIDE3295,PEPTIDE3295,1:R1-6:R2$$$",6,0.8333333333333334,0.3333333333333333,0.5,0.0,0.1666666666666666,137.86816666666667,23.45819018606413,163.22,21.775,3.2758395870371926,29.1,0.8452333333333334,0.4611763027544045,1.3173,0.5519543785,0.078597916911926,0.671232567,0.6638888888333333,0.2585870915799745,0.875,9.833333333333334,1.863389981249825,12.0,2.0,0.0,2.0,0.1666666666666666,0.372677996249965,1.0,0.5,0.5,1.0,-4.943154798165882,1.0,-3.9431547981658817,Me_dA.Me_dL.Bn_Gly.P.Me_dL.F,-0.27315479816588173
"PEPTIDE3294{[meA].[Me_dL].[Me_dL].P.[Bn_Gly].F}$PEPTIDE3294,PEPTIDE3294,1:R1-6:R2$$$",-4.67,0,meA,Me_dA,"PEPTIDE3294{[Me_dA].[Me_dL].[Me_dL].P.[Bn_Gly].F}$PEPTIDE3294,PEPTIDE3294,1:R1-6:R2$$$",6,0.8333333333333334,0.3333333333333333,0.5,0.0,0.1666666666666666,137.86816666666667,23.45819018606413,163.22,21.775,3.2758395870371926,29.1,0.8452333333333333,0.4611763027544045,1.3173,0.5519543785,0.078597916911926,0.671232567,0.6638888888333333,0.2585870915799745,0.875,9.833333333333334,1.8633899812498247,12.0,2.0,0.0,2.0,0.1666666666666666,0.372677996249965,1.0,0.5,0.5,1.0,-4.943154798165882,1.0,-3.9431547981658817,Me_dA.Me_dL.Me_dL.P.Bn_Gly.F,-0.27315479816588173
"PEPTIDE3250{[meA].[Me_dL].[Me_dL].P.L.F}$PEPTIDE3250,PEPTIDE3250,1:R1-6:R2$$$",-4.62,4,L,Bn_Gly,"PEPTIDE3250{[meA].[Me_dL].[Me_dL].P.[Bn_Gly].F}$PEPTIDE3250,PEPTIDE3250,1:R1-6:R2$$$",6,0.8333333333333334,0.3333333333333333,0.5,0.0,0.1666666666666666,137.86816666666667,23.45819018606413,163.22,21.775,3.2758395870371926,29.1,0.8452333333333333,0.4611763027544045,1.3173,0.5519543785,0.078597916911926,0.671232567,0.6638888888333333,0.2585870915799745,0.875,9.833333333333334,1.8633899812498247,12.0,2.0,0.0,2.0,0.1666666666666666,0.372677996249965,1.0,0.5,0.5,1.0,-4.943154798165882,1.0,-3.9431547981658817,meA.Me_dL.Me_dL.P.Bn_Gly.F,-0.32315479816588155
"PEPTIDE3258{[meA].[dL].[meL].P.[meL].F}$PEPTIDE3258,PEPTIDE3258,1:R1-6:R2$$$",-4.5,1,dL,Bn_Gly,"PEPTIDE3258{[meA].[Bn_Gly].[meL].P.[meL].F}$PEPTIDE3258,PEPTIDE3258,1:R1-6:R2$$$",6,0.8333333333333334,0.3333333333333333,0.5,0.0,0.1666666666666666,137.86816666666667,23.45819018606413,163.22,21.775,3.2758395870371926,29.1,0.8452333333333334,0.4611763027544045,1.3173,0.5519543785,0.078597916911926,0.671232567,0.6638888888333333,0.2585870915799745,0.875,9.833333333333334,1.8633899812498247,12.0,2.0,0.0,2.0,0.1666666666666666,0.372677996249965,1.0,0.5,0.5,1.0,-4.943154798165882,1.0,-3.9431547981658817,meA.Bn_Gly.meL.P.meL.F,-0.44315479816588166
"PEPTIDE3299{[meA].[Me_dL].[Bn_Gly].P.[meL].F}$PEPTIDE3299,PEPTIDE3299,1:R1-6:R2$$$",-4.0,4,meL,Me_dL,"PEPTIDE3299{[meA].[Me_dL].[Bn_Gly].P.[Me_dL].F}$PEPTIDE3299,PEPTIDE3299,1:R1-6:R2$$$",6,0.8333333333333334,0.3333333333333333,0.5,0.0,0.1666666666666666,137.86816666666667,23.45819018606413,163.22,21.775,3.2758395870371926,29.1,0.8452333333333334,0.4611763027544045,1.3173,0.5519543785,0.078597916911926,0.671232567,0.6638888888333333,0.2585870915799745,0.875,9.833333333333334,1.863389981249825,12.0,2.0,0.0,2.0,0.1666666666666666,0.372677996249965,1.0,0.5,0.5,1.0,-4.943154798165882,1.0,-3.9431547981658817,meA.Me_dL.Bn_Gly.P.Me_dL.F,-0.9431547981658817
"PEPTIDE3254{[meA].L.[Me_dL].P.[Me_dL].F}$PEPTIDE3254,PEPTIDE3254,1:R1-6:R2$$$",-4.0,1,L,Bn_Gly,"PEPTIDE3254{[meA].[Bn_Gly].[Me_dL].P.[Me_dL].F}$PEPTIDE3254,PEPTIDE3254,1:R1-6:R2$$$",6,0.8333333333333334,0.3333333333333333,0.5,0.0,0.1666666666666666,137.86816666666667,23.45819018606413,163.22,21.775,3.2758395870371926,29.1,0.8452333333333334,0.4611763027544045,1.3173,0.5519543785,0.078597916911926,0.671232567,0.6638888888333333,0.2585870915799745,0.875,9.833333333333334,1.8633899812498247,12.0,2.0,0.0,2.0,0.1666666666666666,0.372677996249965,1.0,0.5,0.5,1.0,-4.943154798165882,1.0,-3.9431547981658817,meA.Bn_Gly.Me_dL.P.Me_dL.F,-0.9431547981658817
"PEPTIDE3271{[meA].[Me_dL].[Me_dL].P.[meL].F}$PEPTIDE3271,PEPTIDE3271,1:R1-6:R2$$$",-4.4,0,meA,A,"PEPTIDE3271{A.[Me_dL].[Me_dL].P.[meL].F}$PEPTIDE3271,PEPTIDE3271,1:R1-6:R2$$$",6,0.8333333333333334,0.5,0.5,0.0,0.1666666666666666,132.19866666666667,24.9057248215925,163.22,23.24,4.14364573775317,29.1,0.76225,0.5346238233561987,1.1616,0.5416022133333335,0.0699236392004503,0.671232567,0.7513888888333334,0.2066832803735144,0.875,9.333333333333334,1.8856180831641265,12.0,2.0,0.0,2.0,0.3333333333333333,0.4714045207910317,1.0,0.3333333333333333,0.4714045207910317,1.0,-5.075506166500163,0.9999505505779358,-4.075555615922227,A.Me_dL.Me_dL.P.meL.F,-0.6755061665001625
"PEPTIDE3272{[meA].[Me_dL].[meL].P.[Me_dL].F}$PEPTIDE3272,PEPTIDE3272,1:R1-6:R2$$$",-4.0,0,meA,A,"PEPTIDE3272{A.[Me_dL].[meL].P.[Me_dL].F}$PEPTIDE3272,PEPTIDE3272,1:R1-6:R2$$$",6,0.8333333333333334,0.5,0.5,0.0,0.1666666666666666,132.19866666666667,24.9057248215925,163.22,23.24,4.14364573775317,29.1,0.76225,0.5346238233561987,1.1616,0.5416022133333335,0.0699236392004503,0.671232567,0.7513888888333334,0.2066832803735144,0.875,9.333333333333334,1.8856180831641265,12.0,2.0,0.0,2.0,0.3333333333333333,0.4714045207910317,1.0,0.3333333333333333,0.4714045207910317,1.0,-5.075506166500163,0.9999505505779358,-4.075555615922227,A.Me_dL.meL.P.Me_dL.F,-1.0755061665001628
"PEPTIDE3278{[meA].[Me_dL].[meL].P.[meL].F}$PEPTIDE3278,PEPTIDE3278,1:R1-6:R2$$$",-4.0,0,meA,A,"PEPTIDE3278{A.[Me_dL].[meL].P.[meL].F}$PEPTIDE3278,PEPTIDE3278,1:R1-6:R2$$$",6,0.8333333333333334,0.5,0.5,0.0,0.1666666666666666,132.19866666666667,24.9057248215925,163.22,23.24,4.14364573775317,29.1,0.76225,0.5346238233561987,1.1616,0.5416022133333335,0.0699236392004503,0.671232567,0.7513888888333334,0.2066832803735144,0.875,9.333333333333334,1.8856180831641265,12.0,2.0,0.0,2.0,0.3333333333333333,0.4714045207910317,1.0,0.3333333333333333,0.4714045207910317,1.0,-5.075506166500163,0.9999505505779358,-4.075555615922227,A.Me_dL.meL.P.meL.F,-1.0755061665001628
"PEPTIDE3273{[meA].[meL].[Me_dL].P.[Me_dL].F}$PEPTIDE3273,PEPTIDE3273,1:R1-6:R2$$$",-4.0,0,meA,A,"PEPTIDE3273{A.[meL].[Me_dL].P.[Me_dL].F}$PEPTIDE3273,PEPTIDE3273,1:R1-6:R2$$$",6,0.8333333333333334,0.5,0.5,0.0,0.1666666666666666,132.19866666666667,24.9057248215925,163.22,23.24,4.14364573775317,29.1,0.76225,0.5346238233561987,1.1616,0.5416022133333335,0.0699236392004503,0.671232567,0.7513888888333334,0.2066832803735144,0.875,9.333333333333334,1.8856180831641265,12.0,2.0,0.0,2.0,0.3333333333333333,0.4714045207910317,1.0,0.3333333333333333,0.4714045207910317,1.0,-5.075506166500163,0.9999505505779358,-4.075555615922227,A.meL.Me_dL.P.Me_dL.F,-1.0755061665001628
"PEPTIDE3270{[meA].[Me_dL].[Me_dL].P.[Me_dL].F}$PEPTIDE3270,PEPTIDE3270,1:R1-6:R2$$$",-4.0,0,meA,A,"PEPTIDE3270{A.[Me_dL].[Me_dL].P.[Me_dL].F}$PEPTIDE3270,PEPTIDE3270,1:R1-6:R2$$$",6,0.6666666666666666,0.5,0.5,0.0,0.1666666666666666,132.19866666666667,24.9057248215925,163.22,23.24,4.14364573775317,29.1,0.76225,0.5346238233561987,1.1616,0.5416022133333335,0.0699236392004503,0.671232567,0.7513888888333334,0.2066832803735144,0.875,9.333333333333334,1.8856180831641265,12.0,2.0,0.0,2.0,0.3333333333333333,0.4714045207910317,1.0,0.3333333333333333,0.4714045207910317,1.0,-5.084920348928845,0.9999505505779358,-4.08496979835091,A.Me_dL.Me_dL.P.Me_dL.F,-1.0849203489288453
"PEPTIDE3270{[meA].[Me_dL].[Me_dL].P.[Me_dL].F}$PEPTIDE3270,PEPTIDE3270,1:R1-6:R2$$$",-4.0,0,meA,dA,"PEPTIDE3270{[dA].[Me_dL].[Me_dL].P.[Me_dL].F}$PEPTIDE3270,PEPTIDE3270,1:R1-6:R2$$$",6,0.6666666666666666,0.3333333333333333,0.5,0.1666666666666666,0.1666666666666666,132.19866666666667,24.9057248215925,163.22,23.24,4.14364573775317,29.1,0.76225,0.5346238233561987,1.1616,0.5416022133333335,0.0699236392004503,0.671232567,0.7513888888333334,0.2066832803735144,0.875,9.333333333333334,1.8856180831641265,12.0,2.0,0.0,2.0,0.3333333333333333,0.4714045207910317,1.0,0.3333333333333333,0.4714045207910317,1.0,-5.230432653599668,0.9999505505779358,-4.230482103021732,dA.Me_dL.Me_dL.P.Me_dL.F,-1.2304326535996681
"PEPTIDE3271{[meA].[Me_dL].[Me_dL].P.[meL].F}$PEPTIDE3271,PEPTIDE3271,1:R1-6:R2$$$",-4.4,0,meA,dA,"PEPTIDE3271{[dA].[Me_dL].[Me_dL].P.[meL].F}$PEPTIDE3271,PEPTIDE3271,1:R1-6:R2$$$",6,0.8333333333333334,0.3333333333333333,0.5,0.1666666666666666,0.1666666666666666,132.19866666666667,24.9057248215925,163.22,23.24,4.14364573775317,29.1,0.76225,0.5346238233561987,1.1616,0.5416022133333335,0.0699236392004503,0.671232567,0.7513888888333334,0.2066832803735144,0.875,9.333333333333334,1.8856180831641265,12.0,2.0,0.0,2.0,0.3333333333333333,0.4714045207910317,1.0,0.3333333333333333,0.4714045207910317,1.0,-5.2791968182242535,0.9999505505779358,-4.279246267646318,dA.Me_dL.Me_dL.P.meL.F,-0.8791968182242531
"PEPTIDE3272{[meA].[Me_dL].[meL].P.[Me_dL].F}$PEPTIDE3272,PEPTIDE3272,1:R1-6:R2$$$",-4.0,0,meA,dA,"PEPTIDE3272{[dA].[Me_dL].[meL].P.[Me_dL].F}$PEPTIDE3272,PEPTIDE3272,1:R1-6:R2$$$",6,0.8333333333333334,0.3333333333333333,0.5,0.1666666666666666,0.1666666666666666,132.19866666666667,24.9057248215925,163.22,23.24,4.14364573775317,29.1,0.76225,0.5346238233561987,1.1616,0.5416022133333335,0.0699236392004503,0.671232567,0.7513888888333334,0.2066832803735144,0.875,9.333333333333334,1.8856180831641265,12.0,2.0,0.0,2.0,0.3333333333333333,0.4714045207910317,1.0,0.3333333333333333,0.4714045207910317,1.0,-5.2791968182242535,0.9999505505779358,-4.279246267646318,dA.Me_dL.meL.P.Me_dL.F,-1.2791968182242535
"PEPTIDE3278{[meA].[Me_dL].[meL].P.[meL].F}$PEPTIDE3278,PEPTIDE3278,1:R1-6:R2$$$",-4.0,0,meA,dA,"PEPTIDE3278{[dA].[Me_dL].[meL].P.[meL].F}$PEPTIDE3278,PEPTIDE3278,1:R1-6:R2$$$",6,0.8333333333333334,0.3333333333333333,0.5,0.1666666666666666,0.1666666666666666,132.19866666666667,24.9057248215925,163.22,23.24,4.14364573775317,29.1,0.76225,0.5346238233561987,1.1616,0.5416022133333335,0.0699236392004503,0.671232567,0.7513888888333334,0.2066832803735144,0.875,9.333333333333334,1.8856180831641265,12.0,2.0,0.0,2.0,0.3333333333333333,0.4714045207910317,1.0,0.3333333333333333,0.4714045207910317,1.0,-5.2791968182242535,0.9999505505779358,-4.279246267646318,dA.Me_dL.meL.P.meL.F,-1.2791968182242535
"PEPTIDE3273{[meA].[meL].[Me_dL].P.[Me_dL].F}$PEPTIDE3273,PEPTIDE3273,1:R1-6:R2$$$",-4.0,0,meA,dA,"PEPTIDE3273{[dA].[meL].[Me_dL].P.[Me_dL].F}$PEPTIDE3273,PEPTIDE3273,1:R1-6:R2$$$",6,0.8333333333333334,0.3333333333333333,0.5,0.1666666666666666,0.1666666666666666,132.19866666666667,24.9057248215925,163.22,23.24,4.14364573775317,29.1,0.76225,0.5346238233561987,1.1616,0.5416022133333335,0.0699236392004503,0.671232567,0.7513888888333334,0.2066832803735144,0.875,9.333333333333334,1.8856180831641265,12.0,2.0,0.0,2.0,0.3333333333333333,0.4714045207910317,1.0,0.3333333333333333,0.4714045207910317,1.0,-5.2791968182242535,0.9999505505779358,-4.279246267646318,dA.meL.Me_dL.P.Me_dL.F,-1.2791968182242535
"PEPTIDE3261{[meA].[meL].[dL].P.[meL].F}$PEPTIDE3261,PEPTIDE3261,1:R1-6:R2$$$",-4.69,0,meA,bHph,"PEPTIDE3261{[bHph].[meL].[dL].P.[meL].F}$PEPTIDE3261,PEPTIDE3261,1:R1-6:R2$$$",6,0.8333333333333334,0.3333333333333333,0.3333333333333333,0.1666666666666666,0.3333333333333333,144.88166666666666,20.981539510298628,177.247,24.705,4.395000000000001,29.1,0.9740333333333332,0.3570932028974445,1.4061,0.5808624248333334,0.079197230092641,0.688834587,0.6840187590000001,0.2501098926587908,0.875,10.333333333333334,1.699673171197595,13.0,2.0,0.0,2.0,0.5,0.5,1.0,0.5,0.5,1.0,-5.185078379013143,0.9999059156702328,-4.18517246334291,bHph.meL.dL.P.meL.F,-0.495078379013143
"PEPTIDE3312{[meA].[meL].[bHph].P.[meL].F}$PEPTIDE3312,PEPTIDE3312,1:R1-6:R2$$$",-4.54,0,meA,dL,"PEPTIDE3312{[dL].[meL].[bHph].P.[meL].F}$PEPTIDE3312,PEPTIDE3312,1:R1-6:R2$$$",6,0.8333333333333334,0.3333333333333333,0.3333333333333333,0.1666666666666666,0.3333333333333333,144.8816666666667,20.981539510298628,177.247,24.705,4.395000000000001,29.1,0.9740333333333332,0.3570932028974445,1.4061,0.5808624248333334,0.079197230092641,0.688834587,0.6840187590000001,0.2501098926587908,0.875,10.333333333333334,1.699673171197595,13.0,2.0,0.0,2.0,0.5,0.5,1.0,0.5,0.5,1.0,-5.185078379013143,0.9999059156702328,-4.18517246334291,dL.meL.bHph.P.meL.F,-0.6450783790131434
"PEPTIDE3258{[meA].[dL].[meL].P.[meL].F}$PEPTIDE3258,PEPTIDE3258,1:R1-6:R2$$$",-4.5,0,meA,bHph,"PEPTIDE3258{[bHph].[dL].[meL].P.[meL].F}$PEPTIDE3258,PEPTIDE3258,1:R1-6:R2$$$",6,0.8333333333333334,0.3333333333333333,0.3333333333333333,0.1666666666666666,0.3333333333333333,144.8816666666667,20.981539510298628,177.247,24.705,4.395000000000001,29.1,0.9740333333333332,0.3570932028974445,1.4061,0.5808624248333334,0.079197230092641,0.688834587,0.6840187590000001,0.2501098926587908,0.875,10.333333333333334,1.699673171197595,13.0,2.0,0.0,2.0,0.5,0.5,1.0,0.5,0.5,1.0,-5.185078379013143,0.9999059156702328,-4.18517246334291,bHph.dL.meL.P.meL.F,-0.6850783790131434
"PEPTIDE3250{[meA].[Me_dL].[Me_dL].P.L.F}$PEPTIDE3250,PEPTIDE3250,1:R1-6:R2$$$",-4.62,0,meA,bHph,"PEPTIDE3250{[bHph].[Me_dL].[Me_dL].P.L.F}$PEPTIDE3250,PEPTIDE3250,1:R1-6:R2$$$",6,0.8333333333333334,0.5,0.3333333333333333,0.0,0.3333333333333333,144.88166666666666,20.981539510298628,177.247,24.705,4.395000000000001,29.1,0.9740333333333332,0.3570932028974445,1.4061,0.5808624248333334,0.079197230092641,0.688834587,0.6840187590000001,0.2501098926587908,0.875,10.333333333333334,1.699673171197595,13.0,2.0,0.0,2.0,0.5,0.5,1.0,0.5,0.5,1.0,-5.188655503333272,0.9999059156702328,-4.188749587663039,bHph.Me_dL.Me_dL.P.L.F,-0.5686555033332716
"PEPTIDE3312{[meA].[meL].[bHph].P.[meL].F}$PEPTIDE3312,PEPTIDE3312,1:R1-6:R2$$$",-4.54,0,meA,L,"PEPTIDE3312{L.[meL].[bHph].P.[meL].F}$PEPTIDE3312,PEPTIDE3312,1:R1-6:R2$$$",6,0.8333333333333334,0.5,0.3333333333333333,0.0,0.3333333333333333,144.8816666666667,20.981539510298628,177.247,24.705,4.395000000000001,29.1,0.9740333333333332,0.3570932028974445,1.4061,0.5808624248333334,0.079197230092641,0.688834587,0.6840187590000001,0.2501098926587908,0.875,10.333333333333334,1.699673171197595,13.0,2.0,0.0,2.0,0.5,0.5,1.0,0.5,0.5,1.0,-5.188655503333272,0.9999059156702328,-4.188749587663039,L.meL.bHph.P.meL.F,-0.6486555033332717
"PEPTIDE3254{[meA].L.[Me_dL].P.[Me_dL].F}$PEPTIDE3254,PEPTIDE3254,1:R1-6:R2$$$",-4.0,0,meA,bHph,"PEPTIDE3254{[bHph].L.[Me_dL].P.[Me_dL].F}$PEPTIDE3254,PEPTIDE3254,1:R1-6:R2$$$",6,0.8333333333333334,0.5,0.3333333333333333,0.0,0.3333333333333333,144.8816666666667,20.981539510298628,177.247,24.705,4.395000000000001,29.1,0.9740333333333332,0.3570932028974445,1.4061,0.5808624248333334,0.079197230092641,0.688834587,0.6840187590000001,0.2501098926587908,0.875,10.333333333333334,1.699673171197595,13.0,2.0,0.0,2.0,0.5,0.5,1.0,0.5,0.5,1.0,-5.188655503333272,0.9999059156702328,-4.188749587663039,bHph.L.Me_dL.P.Me_dL.F,-1.1886555033332717
"PEPTIDE3266{[meA].[meL].L.P.[meL].F}$PEPTIDE3266,PEPTIDE3266,1:R1-6:R2$$$",-4.0,0,meA,bHph,"PEPTIDE3266{[bHph].[meL].L.P.[meL].F}$PEPTIDE3266,PEPTIDE3266,1:R1-6:R2$$$",6,0.8333333333333334,0.5,0.3333333333333333,0.0,0.3333333333333333,144.88166666666666,20.981539510298628,177.247,24.705,4.395000000000001,29.1,0.9740333333333332,0.3570932028974445,1.4061,0.5808624248333334,0.079197230092641,0.688834587,0.6840187590000001,0.2501098926587908,0.875,10.333333333333334,1.699673171197595,13.0,2.0,0.0,2.0,0.5,0.5,1.0,0.5,0.5,1.0,-5.188655503333272,0.9999059156702328,-4.188749587663039,bHph.meL.L.P.meL.F,-1.1886555033332717
"PEPTIDE3253{[meA].[Me_dL].L.P.[Me_dL].F}$PEPTIDE3253,PEPTIDE3253,1:R1-6:R2$$$",-4.0,0,meA,bHph,"PEPTIDE3253{[bHph].[Me_dL].L.P.[Me_dL].F}$PEPTIDE3253,PEPTIDE3253,1:R1-6:R2$$$",6,0.8333333333333334,0.5,0.3333333333333333,0.0,0.3333333333333333,144.88166666666666,20.981539510298628,177.247,24.705,4.395000000000001,29.1,0.9740333333333332,0.3570932028974445,1.4061,0.5808624248333334,0.079197230092641,0.688834587,0.6840187590000001,0.2501098926587908,0.875,10.333333333333334,1.699673171197595,13.0,2.0,0.0,2.0,0.5,0.5,1.0,0.5,0.5,1.0,-5.188655503333272,0.9999059156702328,-4.188749587663039,bHph.Me_dL.L.P.Me_dL.F,-1.1886555033332717
"PEPTIDE2793{[Pr_Gly].[meL].[Me_dL].P.[dL].F}$PEPTIDE2793,PEPTIDE2793,1:R1-6:R2$$$",-4.71,0,Pr_Gly,bHph,"PEPTIDE2793{[bHph].[meL].[Me_dL].P.[dL].F}$PEPTIDE2793,PEPTIDE2793,1:R1-6:R2$$$",6,1.0,0.3333333333333333,0.3333333333333333,0.1666666666666666,0.3333333333333333,144.88166666666666,20.981539510298628,177.247,24.705,4.395000000000001,29.1,0.9740333333333332,0.3570932028974445,1.4061,0.5808624248333334,0.079197230092641,0.688834587,0.6840187590000001,0.2501098926587908,0.875,10.333333333333334,1.699673171197595,13.0,2.0,0.0,2.0,0.5,0.5,1.0,0.5,0.5,1.0,-5.2388925104340105,0.9999059156702328,-4.2389865947637775,bHph.meL.Me_dL.P.dL.F,-0.5288925104340105
"PEPTIDE3252{[meA].[dL].[Me_dL].P.[meL].F}$PEPTIDE3252,PEPTIDE3252,1:R1-6:R2$$$",-4.0,0,meA,bHph,"PEPTIDE3252{[bHph].[dL].[Me_dL].P.[meL].F}$PEPTIDE3252,PEPTIDE3252,1:R1-6:R2$$$",6,1.0,0.3333333333333333,0.3333333333333333,0.1666666666666666,0.3333333333333333,144.8816666666667,20.981539510298628,177.247,24.705,4.395000000000001,29.1,0.9740333333333332,0.3570932028974445,1.4061,0.5808624248333334,0.079197230092641,0.688834587,0.6840187590000001,0.2501098926587908,0.875,10.333333333333334,1.699673171197595,13.0,2.0,0.0,2.0,0.5,0.5,1.0,0.5,0.5,1.0,-5.2388925104340105,0.9999059156702328,-4.2389865947637775,bHph.dL.Me_dL.P.meL.F,-1.2388925104340105
"PEPTIDE2793{[Pr_Gly].[meL].[Me_dL].P.[dL].F}$PEPTIDE2793,PEPTIDE2793,1:R1-6:R2$$$",-4.71,1,meL,Me_dL,"PEPTIDE2793{[Pr_Gly].[Me_dL].[Me_dL].P.[dL].F}$PEPTIDE2793,PEPTIDE2793,1:R1-6:R2$$$",6,0.8333333333333334,0.3333333333333333,0.3333333333333333,0.1666666666666666,0.1666666666666666,134.5365,17.483930676957815,163.22,23.24,4.14364573775317,29.1,0.8275333333333332,0.3289852158110182,1.1616,0.5490466435,0.0668055653402872,0.671232567,0.7623015871666667,0.2074489922458794,0.875,9.5,1.384437310486346,12.0,2.0,0.0,2.0,0.3333333333333333,0.4714045207910317,1.0,0.3333333333333333,0.4714045207910317,1.0,-4.874278064685316,0.9997436978480456,-3.8745343668372714,Pr_Gly.Me_dL.Me_dL.P.dL.F,-0.16427806468531614
"PEPTIDE2793{[Pr_Gly].[meL].[Me_dL].P.[dL].F}$PEPTIDE2793,PEPTIDE2793,1:R1-6:R2$$$",-4.71,2,Me_dL,meL,"PEPTIDE2793{[Pr_Gly].[meL].[meL].P.[dL].F}$PEPTIDE2793,PEPTIDE2793,1:R1-6:R2$$$",6,0.8333333333333334,0.3333333333333333,0.3333333333333333,0.1666666666666666,0.1666666666666666,134.5365,17.483930676957815,163.22,23.24,4.14364573775317,29.1,0.8275333333333332,0.3289852158110182,1.1616,0.5490466435,0.0668055653402872,0.671232567,0.7623015871666667,0.2074489922458794,0.875,9.5,1.384437310486346,12.0,2.0,0.0,2.0,0.3333333333333333,0.4714045207910317,1.0,0.3333333333333333,0.4714045207910317,1.0,-4.874278064685316,0.9997436978480456,-3.8745343668372714,Pr_Gly.meL.meL.P.dL.F,-0.16427806468531614
"PEPTIDE3261{[meA].[meL].[dL].P.[meL].F}$PEPTIDE3261,PEPTIDE3261,1:R1-6:R2$$$",-4.69,0,meA,Pr_Gly,"PEPTIDE3261{[Pr_Gly].[meL].[dL].P.[meL].F}$PEPTIDE3261,PEPTIDE3261,1:R1-6:R2$$$",6,0.8333333333333334,0.3333333333333333,0.3333333333333333,0.1666666666666666,0.1666666666666666,134.53650000000002,17.48393067695782,163.22,23.24,4.14364573775317,29.1,0.8275333333333332,0.3289852158110182,1.1616,0.5490466435,0.0668055653402872,0.671232567,0.7623015871666667,0.2074489922458794,0.875,9.5,1.384437310486346,12.0,2.0,0.0,2.0,0.3333333333333333,0.4714045207910317,1.0,0.3333333333333333,0.4714045207910317,1.0,-4.874278064685316,0.9997436978480456,-3.8745343668372714,Pr_Gly.meL.dL.P.meL.F,-0.1842780646853157
"PEPTIDE3258{[meA].[dL].[meL].P.[meL].F}$PEPTIDE3258,PEPTIDE3258,1:R1-6:R2$$$",-4.5,0,meA,Pr_Gly,"PEPTIDE3258{[Pr_Gly].[dL].[meL].P.[meL].F}$PEPTIDE3258,PEPTIDE3258,1:R1-6:R2$$$",6,0.8333333333333334,0.3333333333333333,0.3333333333333333,0.1666666666666666,0.1666666666666666,134.53650000000002,17.48393067695782,163.22,23.24,4.14364573775317,29.1,0.8275333333333332,0.3289852158110182,1.1616,0.5490466435,0.0668055653402872,0.671232567,0.7623015871666667,0.2074489922458794,0.875,9.5,1.384437310486346,12.0,2.0,0.0,2.0,0.3333333333333333,0.4714045207910317,1.0,0.3333333333333333,0.4714045207910317,1.0,-4.874278064685316,0.9997436978480456,-3.8745343668372714,Pr_Gly.dL.meL.P.meL.F,-0.3742780646853161
"PEPTIDE3295{[meA].[Me_dL].[Bn_Gly].P.[Me_dL].F}$PEPTIDE3295,PEPTIDE3295,1:R1-6:R2$$$",-4.67,0,meA,Pr_Gly,"PEPTIDE3295{[Pr_Gly].[Me_dL].[Bn_Gly].P.[Me_dL].F}$PEPTIDE3295,PEPTIDE3295,1:R1-6:R2$$$",6,0.8333333333333334,0.3333333333333333,0.3333333333333333,0.0,0.1666666666666666,140.206,20.14764072209614,163.22,21.775,3.2758395870371926,29.1,0.9105166666666666,0.3759156528472251,1.3173,0.5581320726666668,0.0724093594539448,0.671232567,0.6694444443333333,0.2617898977822945,0.875,10.0,1.632993161855452,12.0,2.0,0.0,2.0,0.1666666666666666,0.372677996249965,1.0,0.5,0.5,1.0,-4.969813155122659,0.9996745979290592,-3.9701385571936,Pr_Gly.Me_dL.Bn_Gly.P.Me_dL.F,-0.29981315512265905
"PEPTIDE3294{[meA].[Me_dL].[Me_dL].P.[Bn_Gly].F}$PEPTIDE3294,PEPTIDE3294,1:R1-6:R2$$$",-4.67,0,meA,Pr_Gly,"PEPTIDE3294{[Pr_Gly].[Me_dL].[Me_dL].P.[Bn_Gly].F}$PEPTIDE3294,PEPTIDE3294,1:R1-6:R2$$$",6,0.8333333333333334,0.3333333333333333,0.3333333333333333,0.0,0.1666666666666666,140.206,20.14764072209614,163.22,21.775,3.2758395870371926,29.1,0.9105166666666666,0.3759156528472251,1.3173,0.5581320726666668,0.0724093594539448,0.671232567,0.6694444443333333,0.2617898977822945,0.875,10.0,1.632993161855452,12.0,2.0,0.0,2.0,0.1666666666666666,0.372677996249965,1.0,0.5,0.5,1.0,-4.969813155122659,0.9996745979290592,-3.9701385571936,Pr_Gly.Me_dL.Me_dL.P.Bn_Gly.F,-0.29981315512265905
"PEPTIDE2793{[Pr_Gly].[meL].[Me_dL].P.[dL].F}$PEPTIDE2793,PEPTIDE2793,1:R1-6:R2$$$",-4.71,4,dL,L,"PEPTIDE2793{[Pr_Gly].[meL].[Me_dL].P.L.F}$PEPTIDE2793,PEPTIDE2793,1:R1-6:R2$$$",6,1.0,0.5,0.3333333333333333,0.0,0.1666666666666666,134.5365,17.483930676957815,163.22,23.24,4.14364573775317,29.1,0.8275333333333332,0.3289852158110182,1.1616,0.5490466435,0.0668055653402872,0.671232567,0.7623015871666667,0.2074489922458794,0.875,9.5,1.384437310486346,12.0,2.0,0.0,2.0,0.3333333333333333,0.4714045207910317,1.0,0.3333333333333333,0.4714045207910317,1.0,-4.774080071182081,0.9996108490566038,-3.774469222125477,Pr_Gly.meL.Me_dL.P.L.F,-0.06408007118208126
"PEPTIDE3260{[meA].L.[Me_dL].P.[meL].F}$PEPTIDE3260,PEPTIDE3260,1:R1-6:R2$$$",-4.67,0,meA,Pr_Gly,"PEPTIDE3260{[Pr_Gly].L.[Me_dL].P.[meL].F}$PEPTIDE3260,PEPTIDE3260,1:R1-6:R2$$$",6,1.0,0.5,0.3333333333333333,0.0,0.1666666666666666,134.53650000000002,17.48393067695782,163.22,23.24,4.14364573775317,29.1,0.8275333333333332,0.3289852158110182,1.1616,0.5490466435,0.0668055653402872,0.671232567,0.7623015871666667,0.2074489922458794,0.875,9.5,1.384437310486346,12.0,2.0,0.0,2.0,0.3333333333333333,0.4714045207910317,1.0,0.3333333333333333,0.4714045207910317,1.0,-4.774080071182081,0.9996108490566038,-3.774469222125477,Pr_Gly.L.Me_dL.P.meL.F,-0.10408007118208129
"PEPTIDE3259{[meA].[Me_dL].L.P.[meL].F}$PEPTIDE3259,PEPTIDE3259,1:R1-6:R2$$$",-4.0,0,meA,Pr_Gly,"PEPTIDE3259{[Pr_Gly].[Me_dL].L.P.[meL].F}$PEPTIDE3259,PEPTIDE3259,1:R1-6:R2$$$",6,1.0,0.5,0.3333333333333333,0.0,0.1666666666666666,134.53650000000002,17.48393067695782,163.22,23.24,4.14364573775317,29.1,0.8275333333333332,0.3289852158110182,1.1616,0.5490466435,0.0668055653402872,0.671232567,0.7623015871666667,0.2074489922458794,0.875,9.5,1.384437310486346,12.0,2.0,0.0,2.0,0.3333333333333333,0.4714045207910317,1.0,0.3333333333333333,0.4714045207910317,1.0,-4.774080071182081,0.9996108490566038,-3.774469222125477,Pr_Gly.Me_dL.L.P.meL.F,-0.7740800711820812
"PEPTIDE3312{[meA].[meL].[bHph].P.[meL].F}$PEPTIDE3312,PEPTIDE3312,1:R1-6:R2$$$",-4.54,3,P,dP,"PEPTIDE3312{[meA].[meL].[bHph].[dP].[meL].F}$PEPTIDE3312,PEPTIDE3312,1:R1-6:R2$$$",6,0.8333333333333334,0.1666666666666666,0.5,0.1666666666666666,0.3333333333333333,140.206,26.384668509066653,177.247,23.24,4.14364573775317,29.1,0.8600333333333333,0.4772336488090037,1.4061,0.5627970141666666,0.0912303555127308,0.688834587,0.6744949495000001,0.2443580800471527,0.875,10.0,2.0816659994661326,13.0,2.0,0.0,2.0,0.3333333333333333,0.4714045207910317,1.0,0.5,0.5,1.0,-5.302434089466089,0.9995404388714731,-4.302893650594616,meA.meL.bHph.dP.meL.F,-0.7624340894660886
"PEPTIDE3295{[meA].[Me_dL].[Bn_Gly].P.[Me_dL].F}$PEPTIDE3295,PEPTIDE3295,1:R1-6:R2$$$",-4.67,1,Me_dL,Bn_Gly,"PEPTIDE3295{[meA].[Bn_Gly].[Bn_Gly].P.[Me_dL].F}$PEPTIDE3295,PEPTIDE3295,1:R1-6:R2$$$",6,0.8333333333333334,0.3333333333333333,0.3333333333333333,0.0,0.1666666666666666,141.19983333333334,25.328134228012576,163.22,21.775,3.2758395870371926,29.1,0.8711833333333333,0.4821514541326431,1.3173,0.5641898203333333,0.0829897384447867,0.671232567,0.5680555555,0.268932072923755,0.875,10.166666666666666,2.034425935955617,12.0,2.0,0.0,2.0,0.1666666666666666,0.372677996249965,1.0,0.6666666666666666,0.4714045207910317,1.0,-5.2494429217171765,0.9995336705659184,-4.249909251151258,meA.Bn_Gly.Bn_Gly.P.Me_dL.F,-0.5794429217171766
"PEPTIDE3295{[meA].[Me_dL].[Bn_Gly].P.[Me_dL].F}$PEPTIDE3295,PEPTIDE3295,1:R1-6:R2$$$",-4.67,4,Me_dL,Bn_Gly,"PEPTIDE3295{[meA].[Me_dL].[Bn_Gly].P.[Bn_Gly].F}$PEPTIDE3295,PEPTIDE3295,1:R1-6:R2$$$",6,0.8333333333333334,0.3333333333333333,0.3333333333333333,0.0,0.1666666666666666,141.19983333333334,25.328134228012576,163.22,21.775,3.2758395870371926,29.1,0.8711833333333333,0.4821514541326431,1.3173,0.5641898203333333,0.0829897384447867,0.671232567,0.5680555555,0.268932072923755,0.875,10.166666666666666,2.034425935955617,12.0,2.0,0.0,2.0,0.1666666666666666,0.372677996249965,1.0,0.6666666666666666,0.4714045207910317,1.0,-5.2494429217171765,0.9995336705659184,-4.249909251151258,meA.Me_dL.Bn_Gly.P.Bn_Gly.F,-0.5794429217171766
"PEPTIDE3294{[meA].[Me_dL].[Me_dL].P.[Bn_Gly].F}$PEPTIDE3294,PEPTIDE3294,1:R1-6:R2$$$",-4.67,1,Me_dL,Bn_Gly,"PEPTIDE3294{[meA].[Bn_Gly].[Me_dL].P.[Bn_Gly].F}$PEPTIDE3294,PEPTIDE3294,1:R1-6:R2$$$",6,0.8333333333333334,0.3333333333333333,0.3333333333333333,0.0,0.1666666666666666,141.19983333333334,25.328134228012573,163.22,21.775,3.2758395870371926,29.1,0.8711833333333333,0.4821514541326431,1.3173,0.5641898203333333,0.0829897384447867,0.671232567,0.5680555555,0.268932072923755,0.875,10.166666666666666,2.034425935955617,12.0,2.0,0.0,2.0,0.1666666666666666,0.372677996249965,1.0,0.6666666666666666,0.4714045207910317,1.0,-5.2494429217171765,0.9995336705659184,-4.249909251151258,meA.Bn_Gly.Me_dL.P.Bn_Gly.F,-0.5794429217171766
"PEPTIDE3299{[meA].[Me_dL].[Bn_Gly].P.[meL].F}$PEPTIDE3299,PEPTIDE3299,1:R1-6:R2$$$",-4.0,1,Me_dL,Bn_Gly,"PEPTIDE3299{[meA].[Bn_Gly].[Bn_Gly].P.[meL].F}$PEPTIDE3299,PEPTIDE3299,1:R1-6:R2$$$",6,0.8333333333333334,0.3333333333333333,0.3333333333333333,0.0,0.1666666666666666,141.19983333333334,25.328134228012576,163.22,21.775,3.2758395870371926,29.1,0.8711833333333333,0.4821514541326431,1.3173,0.5641898203333333,0.0829897384447867,0.671232567,0.5680555555,0.268932072923755,0.875,10.166666666666666,2.034425935955617,12.0,2.0,0.0,2.0,0.1666666666666666,0.372677996249965,1.0,0.6666666666666666,0.4714045207910317,1.0,-5.2494429217171765,0.9995336705659184,-4.249909251151258,meA.Bn_Gly.Bn_Gly.P.meL.F,-1.2494429217171765
"PEPTIDE2798{[Pr_Gly].[meL].[Me_dL].P.L.F}$PEPTIDE2798,PEPTIDE2798,1:R1-6:R2$$$",-4.71,3,P,dP,"PEPTIDE2798{[Pr_Gly].[meL].[Me_dL].[dP].L.F}$PEPTIDE2798,PEPTIDE2798,1:R1-6:R2$$$",6,1.0,0.3333333333333333,0.3333333333333333,0.1666666666666666,0.1666666666666666,134.5365,17.483930676957815,163.22,23.24,4.14364573775317,29.1,0.8275333333333332,0.3289852158110182,1.1616,0.5490466435,0.0668055653402872,0.671232567,0.7623015871666667,0.2074489922458794,0.875,9.5,1.384437310486346,12.0,2.0,0.0,2.0,0.3333333333333333,0.4714045207910317,1.0,0.3333333333333333,0.4714045207910317,1.0,-4.967370477214131,0.9993545469046494,-3.9680159303094817,Pr_Gly.meL.Me_dL.dP.L.F,-0.2573704772141312
"PEPTIDE2798{[Pr_Gly].[meL].[Me_dL].P.L.F}$PEPTIDE2798,PEPTIDE2798,1:R1-6:R2$$$",-4.71,4,L,dL,"PEPTIDE2798{[Pr_Gly].[meL].[Me_dL].P.[dL].F}$PEPTIDE2798,PEPTIDE2798,1:R1-6:R2$$$",6,1.0,0.3333333333333333,0.3333333333333333,0.1666666666666666,0.1666666666666666,134.5365,17.483930676957815,163.22,23.24,4.14364573775317,29.1,0.8275333333333332,0.3289852158110182,1.1616,0.5490466435,0.0668055653402872,0.671232567,0.7623015871666667,0.2074489922458794,0.875,9.5,1.384437310486346,12.0,2.0,0.0,2.0,0.3333333333333333,0.4714045207910317,1.0,0.3333333333333333,0.4714045207910317,1.0,-4.967370477214131,0.9993545469046494,-3.9680159303094817,Pr_Gly.meL.Me_dL.P.dL.F,-0.2573704772141312
"PEPTIDE3252{[meA].[dL].[Me_dL].P.[meL].F}$PEPTIDE3252,PEPTIDE3252,1:R1-6:R2$$$",-4.0,0,meA,Pr_Gly,"PEPTIDE3252{[Pr_Gly].[dL].[Me_dL].P.[meL].F}$PEPTIDE3252,PEPTIDE3252,1:R1-6:R2$$$",6,1.0,0.3333333333333333,0.3333333333333333,0.1666666666666666,0.1666666666666666,134.53650000000002,17.48393067695782,163.22,23.24,4.14364573775317,29.1,0.8275333333333332,0.3289852158110182,1.1616,0.5490466435,0.0668055653402872,0.671232567,0.7623015871666667,0.2074489922458794,0.875,9.5,1.384437310486346,12.0,2.0,0.0,2.0,0.3333333333333333,0.4714045207910317,1.0,0.3333333333333333,0.4714045207910317,1.0,-4.967370477214131,0.9993545469046494,-3.9680159303094817,Pr_Gly.dL.Me_dL.P.meL.F,-0.9673704772141312
"PEPTIDE3295{[meA].[Me_dL].[Bn_Gly].P.[Me_dL].F}$PEPTIDE3295,PEPTIDE3295,1:R1-6:R2$$$",-4.67,3,P,dP,"PEPTIDE3295{[meA].[Me_dL].[Bn_Gly].[dP].[Me_dL].F}$PEPTIDE3295,PEPTIDE3295,1:R1-6:R2$$$",6,0.8333333333333334,0.1666666666666666,0.5,0.1666666666666666,0.1666666666666666,137.86816666666667,23.45819018606413,163.22,21.775,3.2758395870371926,29.1,0.8452333333333334,0.4611763027544045,1.3173,0.5519543785,0.078597916911926,0.671232567,0.6638888888333333,0.2585870915799745,0.875,9.833333333333334,1.863389981249825,12.0,2.0,0.0,2.0,0.1666666666666666,0.372677996249965,1.0,0.5,0.5,1.0,-5.183883930873047,0.99918222470654,-4.184701706166507,meA.Me_dL.Bn_Gly.dP.Me_dL.F,-0.513883930873047
"PEPTIDE3294{[meA].[Me_dL].[Me_dL].P.[Bn_Gly].F}$PEPTIDE3294,PEPTIDE3294,1:R1-6:R2$$$",-4.67,3,P,dP,"PEPTIDE3294{[meA].[Me_dL].[Me_dL].[dP].[Bn_Gly].F}$PEPTIDE3294,PEPTIDE3294,1:R1-6:R2$$$",6,0.8333333333333334,0.1666666666666666,0.5,0.1666666666666666,0.1666666666666666,137.86816666666667,23.45819018606413,163.22,21.775,3.2758395870371926,29.1,0.8452333333333333,0.4611763027544045,1.3173,0.5519543785,0.078597916911926,0.671232567,0.6638888888333333,0.2585870915799745,0.875,9.833333333333334,1.8633899812498247,12.0,2.0,0.0,2.0,0.1666666666666666,0.372677996249965,1.0,0.5,0.5,1.0,-5.183883930873047,0.99918222470654,-4.184701706166507,meA.Me_dL.Me_dL.dP.Bn_Gly.F,-0.513883930873047
"PEPTIDE3299{[meA].[Me_dL].[Bn_Gly].P.[meL].F}$PEPTIDE3299,PEPTIDE3299,1:R1-6:R2$$$",-4.0,3,P,dP,"PEPTIDE3299{[meA].[Me_dL].[Bn_Gly].[dP].[meL].F}$PEPTIDE3299,PEPTIDE3299,1:R1-6:R2$$$",6,1.0,0.1666666666666666,0.5,0.1666666666666666,0.1666666666666666,137.86816666666667,23.45819018606413,163.22,21.775,3.2758395870371926,29.1,0.8452333333333334,0.4611763027544045,1.3173,0.5519543785,0.078597916911926,0.671232567,0.6638888888333333,0.2585870915799745,0.875,9.833333333333334,1.863389981249825,12.0,2.0,0.0,2.0,0.1666666666666666,0.372677996249965,1.0,0.5,0.5,1.0,-5.272338171792259,0.99918222470654,-4.273155947085719,meA.Me_dL.Bn_Gly.dP.meL.F,-1.272338171792259
"PEPTIDE3270{[meA].[Me_dL].[Me_dL].P.[Me_dL].F}$PEPTIDE3270,PEPTIDE3270,1:R1-6:R2$$$",-4.0,0,meA,Pr_Gly,"PEPTIDE3270{[Pr_Gly].[Me_dL].[Me_dL].P.[Me_dL].F}$PEPTIDE3270,PEPTIDE3270,1:R1-6:R2$$$",6,0.6666666666666666,0.3333333333333333,0.5,0.0,0.1666666666666666,136.87433333333334,17.552136258080445,163.22,21.775,3.2758395870371926,29.1,0.8845666666666666,0.3515217426498047,1.1616,0.5458966308333334,0.0662209389382049,0.671232567,0.7652777776666667,0.208911235470628,0.875,9.666666666666666,1.3743685418725535,12.0,2.0,0.0,2.0,0.1666666666666666,0.372677996249965,1.0,0.3333333333333333,0.4714045207910317,1.0,-4.7841046923821775,0.999163749294184,-3.784940943087993,Pr_Gly.Me_dL.Me_dL.P.Me_dL.F,-0.7841046923821775
"PEPTIDE2798{[Pr_Gly].[meL].[Me_dL].P.L.F}$PEPTIDE2798,PEPTIDE2798,1:R1-6:R2$$$",-4.71,4,L,meL,"PEPTIDE2798{[Pr_Gly].[meL].[Me_dL].P.[meL].F}$PEPTIDE2798,PEPTIDE2798,1:R1-6:R2$$$",6,0.8333333333333334,0.3333333333333333,0.5,0.0,0.1666666666666666,136.87433333333334,17.552136258080445,163.22,21.775,3.2758395870371926,29.1,0.8845666666666666,0.3515217426498047,1.1616,0.5458966308333334,0.0662209389382049,0.671232567,0.7652777776666667,0.208911235470628,0.875,9.666666666666666,1.3743685418725535,12.0,2.0,0.0,2.0,0.1666666666666666,0.372677996249965,1.0,0.3333333333333333,0.4714045207910317,1.0,-4.788387192382176,0.999163749294184,-3.789223443087992,Pr_Gly.meL.Me_dL.P.meL.F,-0.07838719238217617
"PEPTIDE2798{[Pr_Gly].[meL].[Me_dL].P.L.F}$PEPTIDE2798,PEPTIDE2798,1:R1-6:R2$$$",-4.71,4,L,Me_dL,"PEPTIDE2798{[Pr_Gly].[meL].[Me_dL].P.[Me_dL].F}$PEPTIDE2798,PEPTIDE2798,1:R1-6:R2$$$",6,0.8333333333333334,0.3333333333333333,0.5,0.0,0.1666666666666666,136.87433333333334,17.552136258080445,163.22,21.775,3.2758395870371926,29.1,0.8845666666666666,0.3515217426498047,1.1616,0.5458966308333334,0.0662209389382049,0.671232567,0.7652777776666667,0.208911235470628,0.875,9.666666666666666,1.3743685418725535,12.0,2.0,0.0,2.0,0.1666666666666666,0.372677996249965,1.0,0.3333333333333333,0.4714045207910317,1.0,-4.788387192382176,0.999163749294184,-3.789223443087992,Pr_Gly.meL.Me_dL.P.Me_dL.F,-0.07838719238217617
"PEPTIDE3271{[meA].[Me_dL].[Me_dL].P.[meL].F}$PEPTIDE3271,PEPTIDE3271,1:R1-6:R2$$$",-4.4,0,meA,Pr_Gly,"PEPTIDE3271{[Pr_Gly].[Me_dL].[Me_dL].P.[meL].F}$PEPTIDE3271,PEPTIDE3271,1:R1-6:R2$$$",6,0.8333333333333334,0.3333333333333333,0.5,0.0,0.1666666666666666,136.87433333333334,17.552136258080445,163.22,21.775,3.2758395870371926,29.1,0.8845666666666666,0.3515217426498047,1.1616,0.5458966308333334,0.0662209389382049,0.671232567,0.7652777776666667,0.208911235470628,0.875,9.666666666666666,1.3743685418725535,12.0,2.0,0.0,2.0,0.1666666666666666,0.372677996249965,1.0,0.3333333333333333,0.4714045207910317,1.0,-4.788387192382176,0.999163749294184,-3.789223443087992,Pr_Gly.Me_dL.Me_dL.P.meL.F,-0.3883871923821758
"PEPTIDE3272{[meA].[Me_dL].[meL].P.[Me_dL].F}$PEPTIDE3272,PEPTIDE3272,1:R1-6:R2$$$",-4.0,0,meA,Pr_Gly,"PEPTIDE3272{[Pr_Gly].[Me_dL].[meL].P.[Me_dL].F}$PEPTIDE3272,PEPTIDE3272,1:R1-6:R2$$$",6,0.8333333333333334,0.3333333333333333,0.5,0.0,0.1666666666666666,136.87433333333334,17.552136258080445,163.22,21.775,3.2758395870371926,29.1,0.8845666666666666,0.3515217426498047,1.1616,0.5458966308333334,0.0662209389382049,0.671232567,0.7652777776666667,0.208911235470628,0.875,9.666666666666666,1.3743685418725535,12.0,2.0,0.0,2.0,0.1666666666666666,0.372677996249965,1.0,0.3333333333333333,0.4714045207910317,1.0,-4.788387192382176,0.999163749294184,-3.789223443087992,Pr_Gly.Me_dL.meL.P.Me_dL.F,-0.7883871923821761
"PEPTIDE3278{[meA].[Me_dL].[meL].P.[meL].F}$PEPTIDE3278,PEPTIDE3278,1:R1-6:R2$$$",-4.0,0,meA,Pr_Gly,"PEPTIDE3278{[Pr_Gly].[Me_dL].[meL].P.[meL].F}$PEPTIDE3278,PEPTIDE3278,1:R1-6:R2$$$",6,0.8333333333333334,0.3333333333333333,0.5,0.0,0.1666666666666666,136.87433333333334,17.552136258080445,163.22,21.775,3.2758395870371926,29.1,0.8845666666666666,0.3515217426498047,1.1616,0.5458966308333334,0.0662209389382049,0.671232567,0.7652777776666667,0.208911235470628,0.875,9.666666666666666,1.3743685418725535,12.0,2.0,0.0,2.0,0.1666666666666666,0.372677996249965,1.0,0.3333333333333333,0.4714045207910317,1.0,-4.788387192382176,0.999163749294184,-3.789223443087992,Pr_Gly.Me_dL.meL.P.meL.F,-0.7883871923821761
"PEPTIDE3261{[meA].[meL].[dL].P.[meL].F}$PEPTIDE3261,PEPTIDE3261,1:R1-6:R2$$$",-4.69,2,dL,L,"PEPTIDE3261{[meA].[meL].L.P.[meL].F}$PEPTIDE3261,PEPTIDE3261,1:R1-6:R2$$$",6,0.8333333333333334,0.5,0.5,0.0,0.1666666666666666,132.19866666666667,20.580048588108067,163.22,23.24,4.14364573775317,29.1,0.76225,0.4108131195162426,1.1616,0.5428689493333334,0.0726997026216041,0.671232567,0.7567460316666668,0.2059130004538831,0.875,9.333333333333334,1.5986105077709063,12.0,2.0,0.0,2.0,0.3333333333333333,0.4714045207910317,1.0,0.3333333333333333,0.4714045207910317,1.0,-4.388084134976139,0.9986960606147802,-3.3893880743613587,meA.meL.L.P.meL.F,0.3019158650238616
"PEPTIDE3295{[meA].[Me_dL].[Bn_Gly].P.[Me_dL].F}$PEPTIDE3295,PEPTIDE3295,1:R1-6:R2$$$",-4.67,2,Bn_Gly,L,"PEPTIDE3295{[meA].[Me_dL].L.P.[Me_dL].F}$PEPTIDE3295,PEPTIDE3295,1:R1-6:R2$$$",6,0.8333333333333334,0.5,0.5,0.0,0.1666666666666666,132.19866666666667,20.580048588108067,163.22,23.24,4.14364573775317,29.1,0.76225,0.4108131195162426,1.1616,0.5428689493333334,0.0726997026216041,0.671232567,0.7567460316666668,0.2059130004538831,0.875,9.333333333333334,1.5986105077709063,12.0,2.0,0.0,2.0,0.3333333333333333,0.4714045207910317,1.0,0.3333333333333333,0.4714045207910317,1.0,-4.388084134976139,0.9986960606147802,-3.3893880743613587,meA.Me_dL.L.P.Me_dL.F,0.2819158650238611
"PEPTIDE3294{[meA].[Me_dL].[Me_dL].P.[Bn_Gly].F}$PEPTIDE3294,PEPTIDE3294,1:R1-6:R2$$$",-4.67,4,Bn_Gly,L,"PEPTIDE3294{[meA].[Me_dL].[Me_dL].P.L.F}$PEPTIDE3294,PEPTIDE3294,1:R1-6:R2$$$",6,0.8333333333333334,0.5,0.5,0.0,0.1666666666666666,132.19866666666667,20.580048588108067,163.22,23.24,4.14364573775317,29.1,0.7622499999999999,0.4108131195162426,1.1616,0.5428689493333334,0.0726997026216041,0.671232567,0.7567460316666667,0.2059130004538831,0.875,9.333333333333334,1.5986105077709063,12.0,2.0,0.0,2.0,0.3333333333333333,0.4714045207910317,1.0,0.3333333333333333,0.4714045207910317,1.0,-4.388084134976139,0.9986960606147802,-3.3893880743613587,meA.Me_dL.Me_dL.P.L.F,0.2819158650238611
"PEPTIDE3260{[meA].L.[Me_dL].P.[meL].F}$PEPTIDE3260,PEPTIDE3260,1:R1-6:R2$$$",-4.67,2,Me_dL,meL,"PEPTIDE3260{[meA].L.[meL].P.[meL].F}$PEPTIDE3260,PEPTIDE3260,1:R1-6:R2$$$",6,0.8333333333333334,0.5,0.5,0.0,0.1666666666666666,132.19866666666667,20.580048588108067,163.22,23.24,4.14364573775317,29.1,0.76225,0.4108131195162426,1.1616,0.5428689493333334,0.0726997026216041,0.671232567,0.7567460316666668,0.2059130004538831,0.875,9.333333333333334,1.5986105077709063,12.0,2.0,0.0,2.0,0.3333333333333333,0.4714045207910317,1.0,0.3333333333333333,0.4714045207910317,1.0,-4.388084134976139,0.9986960606147802,-3.3893880743613587,meA.L.meL.P.meL.F,0.2819158650238611
"PEPTIDE3260{[meA].L.[Me_dL].P.[meL].F}$PEPTIDE3260,PEPTIDE3260,1:R1-6:R2$$$",-4.67,4,meL,Me_dL,"PEPTIDE3260{[meA].L.[Me_dL].P.[Me_dL].F}$PEPTIDE3260,PEPTIDE3260,1:R1-6:R2$$$",6,0.8333333333333334,0.5,0.5,0.0,0.1666666666666666,132.19866666666667,20.580048588108067,163.22,23.24,4.14364573775317,29.1,0.76225,0.4108131195162426,1.1616,0.5428689493333334,0.0726997026216041,0.671232567,0.7567460316666668,0.2059130004538831,0.875,9.333333333333334,1.5986105077709063,12.0,2.0,0.0,2.0,0.3333333333333333,0.4714045207910317,1.0,0.3333333333333333,0.4714045207910317,1.0,-4.388084134976139,0.9986960606147802,-3.3893880743613587,meA.L.Me_dL.P.Me_dL.F,0.2819158650238611
"PEPTIDE3250{[meA].[Me_dL].[Me_dL].P.L.F}$PEPTIDE3250,PEPTIDE3250,1:R1-6:R2$$$",-4.62,0,meA,Me_dA,"PEPTIDE3250{[Me_dA].[Me_dL].[Me_dL].P.L.F}$PEPTIDE3250,PEPTIDE3250,1:R1-6:R2$$$",6,0.8333333333333334,0.5,0.5,0.0,0.1666666666666666,132.19866666666667,20.580048588108067,163.22,23.24,4.14364573775317,29.1,0.7622499999999999,0.4108131195162426,1.1616,0.5428689493333334,0.0726997026216041,0.671232567,0.7567460316666667,0.2059130004538831,0.875,9.333333333333334,1.5986105077709063,12.0,2.0,0.0,2.0,0.3333333333333333,0.4714045207910317,1.0,0.3333333333333333,0.4714045207910317,1.0,-4.388084134976139,0.9986960606147802,-3.3893880743613587,Me_dA.Me_dL.Me_dL.P.L.F,0.2319158650238613
"PEPTIDE3254{[meA].L.[Me_dL].P.[Me_dL].F}$PEPTIDE3254,PEPTIDE3254,1:R1-6:R2$$$",-4.0,0,meA,Me_dA,"PEPTIDE3254{[Me_dA].L.[Me_dL].P.[Me_dL].F}$PEPTIDE3254,PEPTIDE3254,1:R1-6:R2$$$",6,0.8333333333333334,0.5,0.5,0.0,0.1666666666666666,132.19866666666667,20.580048588108067,163.22,23.24,4.14364573775317,29.1,0.76225,0.4108131195162426,1.1616,0.5428689493333334,0.0726997026216041,0.671232567,0.7567460316666668,0.2059130004538831,0.875,9.333333333333334,1.5986105077709063,12.0,2.0,0.0,2.0,0.3333333333333333,0.4714045207910317,1.0,0.3333333333333333,0.4714045207910317,1.0,-4.388084134976139,0.9986960606147802,-3.3893880743613587,Me_dA.L.Me_dL.P.Me_dL.F,-0.3880841349761388
"PEPTIDE3266{[meA].[meL].L.P.[meL].F}$PEPTIDE3266,PEPTIDE3266,1:R1-6:R2$$$",-4.0,0,meA,Me_dA,"PEPTIDE3266{[Me_dA].[meL].L.P.[meL].F}$PEPTIDE3266,PEPTIDE3266,1:R1-6:R2$$$",6,0.8333333333333334,0.5,0.5,0.0,0.1666666666666666,132.19866666666667,20.580048588108067,163.22,23.24,4.14364573775317,29.1,0.76225,0.4108131195162426,1.1616,0.5428689493333334,0.0726997026216041,0.671232567,0.7567460316666668,0.2059130004538831,0.875,9.333333333333334,1.5986105077709063,12.0,2.0,0.0,2.0,0.3333333333333333,0.4714045207910317,1.0,0.3333333333333333,0.4714045207910317,1.0,-4.388084134976139,0.9986960606147802,-3.3893880743613587,Me_dA.meL.L.P.meL.F,-0.3880841349761388
"PEPTIDE3253{[meA].[Me_dL].L.P.[Me_dL].F}$PEPTIDE3253,PEPTIDE3253,1:R1-6:R2$$$",-4.0,0,meA,Me_dA,"PEPTIDE3253{[Me_dA].[Me_dL].L.P.[Me_dL].F}$PEPTIDE3253,PEPTIDE3253,1:R1-6:R2$$$",6,0.8333333333333334,0.5,0.5,0.0,0.1666666666666666,132.19866666666667,20.580048588108067,163.22,23.24,4.14364573775317,29.1,0.76225,0.4108131195162426,1.1616,0.5428689493333334,0.0726997026216041,0.671232567,0.7567460316666668,0.2059130004538831,0.875,9.333333333333334,1.5986105077709063,12.0,2.0,0.0,2.0,0.3333333333333333,0.4714045207910317,1.0,0.3333333333333333,0.4714045207910317,1.0,-4.388084134976139,0.9986960606147802,-3.3893880743613587,Me_dA.Me_dL.L.P.Me_dL.F,-0.3880841349761388
"PEPTIDE3261{[meA].[meL].[dL].P.[meL].F}$PEPTIDE3261,PEPTIDE3261,1:R1-6:R2$$$",-4.69,3,P,dP,"PEPTIDE3261{[meA].[meL].[dL].[dP].[meL].F}$PEPTIDE3261,PEPTIDE3261,1:R1-6:R2$$$",6,0.8333333333333334,0.1666666666666666,0.5,0.3333333333333333,0.1666666666666666,132.19866666666667,20.580048588108067,163.22,23.24,4.14364573775317,29.1,0.76225,0.4108131195162426,1.1616,0.5428689493333334,0.0726997026216041,0.671232567,0.7567460316666668,0.2059130004538831,0.875,9.333333333333334,1.5986105077709063,12.0,2.0,0.0,2.0,0.3333333333333333,0.4714045207910317,1.0,0.3333333333333333,0.4714045207910317,1.0,-4.991307002552997,0.9985949583162504,-3.9927120442367454,meA.meL.dL.dP.meL.F,-0.3013070025529965
"PEPTIDE3258{[meA].[dL].[meL].P.[meL].F}$PEPTIDE3258,PEPTIDE3258,1:R1-6:R2$$$",-4.5,3,P,dP,"PEPTIDE3258{[meA].[dL].[meL].[dP].[meL].F}$PEPTIDE3258,PEPTIDE3258,1:R1-6:R2$$$",6,0.8333333333333334,0.1666666666666666,0.5,0.3333333333333333,0.1666666666666666,132.19866666666667,20.580048588108067,163.22,23.24,4.14364573775317,29.1,0.76225,0.4108131195162426,1.1616,0.5428689493333334,0.0726997026216041,0.671232567,0.7567460316666668,0.2059130004538831,0.875,9.333333333333334,1.5986105077709063,12.0,2.0,0.0,2.0,0.3333333333333333,0.4714045207910317,1.0,0.3333333333333333,0.4714045207910317,1.0,-4.991307002552997,0.9985949583162504,-3.9927120442367454,meA.dL.meL.dP.meL.F,-0.49130700255299686
"PEPTIDE2793{[Pr_Gly].[meL].[Me_dL].P.[dL].F}$PEPTIDE2793,PEPTIDE2793,1:R1-6:R2$$$",-4.71,3,P,dP,"PEPTIDE2793{[Pr_Gly].[meL].[Me_dL].[dP].[dL].F}$PEPTIDE2793,PEPTIDE2793,1:R1-6:R2$$$",6,1.0,0.1666666666666666,0.3333333333333333,0.3333333333333333,0.1666666666666666,134.5365,17.483930676957815,163.22,23.24,4.14364573775317,29.1,0.8275333333333332,0.3289852158110182,1.1616,0.5490466435,0.0668055653402872,0.671232567,0.7623015871666667,0.2074489922458794,0.875,9.5,1.384437310486346,12.0,2.0,0.0,2.0,0.3333333333333333,0.4714045207910317,1.0,0.3333333333333333,0.4714045207910317,1.0,-5.043397920634918,0.9985818584872708,-4.044816062147647,Pr_Gly.meL.Me_dL.dP.dL.F,-0.33339792063491824
"PEPTIDE2798{[Pr_Gly].[meL].[Me_dL].P.L.F}$PEPTIDE2798,PEPTIDE2798,1:R1-6:R2$$$",-4.71,4,L,Bn_Gly,"PEPTIDE2798{[Pr_Gly].[meL].[Me_dL].P.[Bn_Gly].F}$PEPTIDE2798,PEPTIDE2798,1:R1-6:R2$$$",6,1.0,0.3333333333333333,0.3333333333333333,0.0,0.1666666666666666,140.206,20.14764072209614,163.22,21.775,3.2758395870371926,29.1,0.9105166666666666,0.3759156528472251,1.3173,0.5581320726666668,0.0724093594539448,0.671232567,0.6694444443333333,0.2617898977822945,0.875,10.0,1.632993161855452,12.0,2.0,0.0,2.0,0.1666666666666666,0.372677996249965,1.0,0.5,0.5,1.0,-5.044904572039068,0.9984000331032692,-4.046504538935798,Pr_Gly.meL.Me_dL.P.Bn_Gly.F,-0.3349045720390684
"PEPTIDE3299{[meA].[Me_dL].[Bn_Gly].P.[meL].F}$PEPTIDE3299,PEPTIDE3299,1:R1-6:R2$$$",-4.0,0,meA,Pr_Gly,"PEPTIDE3299{[Pr_Gly].[Me_dL].[Bn_Gly].P.[meL].F}$PEPTIDE3299,PEPTIDE3299,1:R1-6:R2$$$",6,1.0,0.3333333333333333,0.3333333333333333,0.0,0.1666666666666666,140.206,20.14764072209614,163.22,21.775,3.2758395870371926,29.1,0.9105166666666666,0.3759156528472251,1.3173,0.5581320726666668,0.0724093594539448,0.671232567,0.6694444443333333,0.2617898977822945,0.875,10.0,1.632993161855452,12.0,2.0,0.0,2.0,0.1666666666666666,0.372677996249965,1.0,0.5,0.5,1.0,-5.044904572039068,0.9984000331032692,-4.046504538935798,Pr_Gly.Me_dL.Bn_Gly.P.meL.F,-1.0449045720390684
"PEPTIDE2798{[Pr_Gly].[meL].[Me_dL].P.L.F}$PEPTIDE2798,PEPTIDE2798,1:R1-6:R2$$$",-4.71,0,Pr_Gly,bHph,"PEPTIDE2798{[bHph].[meL].[Me_dL].P.L.F}$PEPTIDE2798,PEPTIDE2798,1:R1-6:R2$$$",6,1.0,0.5,0.3333333333333333,0.0,0.3333333333333333,144.88166666666666,20.981539510298628,177.247,24.705,4.395000000000001,29.1,0.9740333333333332,0.3570932028974445,1.4061,0.5808624248333334,0.079197230092641,0.688834587,0.6840187590000001,0.2501098926587908,0.875,10.333333333333334,1.699673171197595,13.0,2.0,0.0,2.0,0.5,0.5,1.0,0.5,0.5,1.0,-5.194497167887661,0.9981208907241832,-4.196376277163478,bHph.meL.Me_dL.P.L.F,-0.4844971678876613
"PEPTIDE3260{[meA].L.[Me_dL].P.[meL].F}$PEPTIDE3260,PEPTIDE3260,1:R1-6:R2$$$",-4.67,0,meA,bHph,"PEPTIDE3260{[bHph].L.[Me_dL].P.[meL].F}$PEPTIDE3260,PEPTIDE3260,1:R1-6:R2$$$",6,1.0,0.5,0.3333333333333333,0.0,0.3333333333333333,144.8816666666667,20.981539510298628,177.247,24.705,4.395000000000001,29.1,0.9740333333333332,0.3570932028974445,1.4061,0.5808624248333334,0.079197230092641,0.688834587,0.6840187590000001,0.2501098926587908,0.875,10.333333333333334,1.699673171197595,13.0,2.0,0.0,2.0,0.5,0.5,1.0,0.5,0.5,1.0,-5.194497167887661,0.9981208907241832,-4.196376277163478,bHph.L.Me_dL.P.meL.F,-0.5244971678876613
"PEPTIDE3259{[meA].[Me_dL].L.P.[meL].F}$PEPTIDE3259,PEPTIDE3259,1:R1-6:R2$$$",-4.0,0,meA,bHph,"PEPTIDE3259{[bHph].[Me_dL].L.P.[meL].F}$PEPTIDE3259,PEPTIDE3259,1:R1-6:R2$$$",6,1.0,0.5,0.3333333333333333,0.0,0.3333333333333333,144.88166666666666,20.981539510298628,177.247,24.705,4.395000000000001,29.1,0.9740333333333332,0.3570932028974445,1.4061,0.5808624248333334,0.079197230092641,0.688834587,0.6840187590000001,0.2501098926587908,0.875,10.333333333333334,1.699673171197595,13.0,2.0,0.0,2.0,0.5,0.5,1.0,0.5,0.5,1.0,-5.194497167887661,0.9981208907241832,-4.196376277163478,bHph.Me_dL.L.P.meL.F,-1.1944971678876612
