parent_helm,parent_tokens,tokens,mutation_sites,mutation_count,from_monomer,to_monomer,mutation_description,HELM,parent_permeability,seq_len,unique_ratio,natural_ratio,n_methyl_ratio,d_ratio,aromatic_ratio,MolWt_mean,MolWt_std,MolWt_max,TPSA_mean,TPSA_std,TPSA_max,MolLogP_mean,MolLogP_std,MolLogP_max,qed_mean,qed_std,qed_max,FractionCSP3_mean,FractionCSP3_std,FractionCSP3_max,HeavyAtomCount_mean,HeavyAtomCount_std,HeavyAtomCount_max,NumHAcceptors_mean,NumHAcceptors_std,NumHAcceptors_max,NumHDonors_mean,NumHDonors_std,NumHDonors_max,RingCount_mean,RingCount_std,RingCount_max,predicted_permeability,predicted_positive_prob,improvement,signature,composition_signature,parent_composition_signature
"PEPTIDE3382{[Me_dA].[Me_dL].L.P.[Bn_Gly].F}$PEPTIDE3382,PEPTIDE3382,1:R1-6:R2$$$","['Me_dA', 'Me_dL', 'L', 'P', 'Bn_Gly', 'F']",Me_dA.Me_dL.meL.P.Me_dL.F,"[2, 4]",2,L|Bn_Gly,meL|Me_dL,2:L->meL;4:Bn_Gly->Me_dL,"PEPTIDE3382{[Me_dA].[Me_dL].[meL].P.[Me_dL].F}$PEPTIDE3382,PEPTIDE3382,1:R1-6:R2$$$",-4.73,6,0.8333333333333334,0.3333333333333333,0.6666666666666666,0.0,0.16666666666666666,134.53650000000002,20.90117184713176,163.22,21.775000000000002,3.2758395870371926,29.1,0.8192833333333333,0.4376646372763308,1.1616,0.5397189366666667,0.07189267226178321,0.671232567,0.7597222221666665,0.2074657862418688,0.875,9.5,1.6072751268321592,12.0,2.0,0.0,2.0,0.16666666666666666,0.372677996249965,1.0,0.3333333333333333,0.4714045207910317,1.0,-4.511311171520846,1.0,0.21868882847915483,Me_dA.Me_dL.meL.P.Me_dL.F,F.Me_dA.Me_dL.Me_dL.P.meL,Bn_Gly.F.L.Me_dA.Me_dL.P
"PEPTIDE2798{[Pr_Gly].[meL].[Me_dL].P.L.F}$PEPTIDE2798,PEPTIDE2798,1:R1-6:R2$$$","['Pr_Gly', 'meL', 'Me_dL', 'P', 'L', 'F']",meL.meL.Me_dL.P.meA.F,"[0, 4]",2,Pr_Gly|L,meL|meA,0:Pr_Gly->meL;4:L->meA,"PEPTIDE2798{[meL].[meL].[Me_dL].P.[meA].F}$PEPTIDE2798,PEPTIDE2798,1:R1-6:R2$$$",-4.71,6,0.8333333333333334,0.3333333333333333,0.6666666666666666,0.0,0.16666666666666666,134.5365,20.90117184713176,163.22,21.775000000000002,3.2758395870371926,29.1,0.8192833333333334,0.43766463727633076,1.1616,0.5397189366666667,0.07189267226178321,0.671232567,0.7597222221666667,0.2074657862418688,0.875,9.5,1.6072751268321592,12.0,2.0,0.0,2.0,0.16666666666666666,0.372677996249965,1.0,0.3333333333333333,0.4714045207910317,1.0,-4.511311171520846,1.0,0.19868882847915437,meL.meL.Me_dL.P.meA.F,F.Me_dL.P.meA.meL.meL,F.L.Me_dL.P.Pr_Gly.meL
"PEPTIDE2798{[Pr_Gly].[meL].[Me_dL].P.L.F}$PEPTIDE2798,PEPTIDE2798,1:R1-6:R2$$$","['Pr_Gly', 'meL', 'Me_dL', 'P', 'L', 'F']",Me_dL.meL.Me_dL.P.Me_dA.F,"[0, 4]",2,Pr_Gly|L,Me_dL|Me_dA,0:Pr_Gly->Me_dL;4:L->Me_dA,"PEPTIDE2798{[Me_dL].[meL].[Me_dL].P.[Me_dA].F}$PEPTIDE2798,PEPTIDE2798,1:R1-6:R2$$$",-4.71,6,0.8333333333333334,0.3333333333333333,0.6666666666666666,0.0,0.16666666666666666,134.5365,20.90117184713176,163.22,21.775000000000002,3.2758395870371926,29.1,0.8192833333333334,0.43766463727633076,1.1616,0.5397189366666667,0.07189267226178321,0.671232567,0.7597222221666667,0.2074657862418688,0.875,9.5,1.6072751268321592,12.0,2.0,0.0,2.0,0.16666666666666666,0.372677996249965,1.0,0.3333333333333333,0.4714045207910317,1.0,-4.511311171520846,1.0,0.19868882847915437,Me_dL.meL.Me_dL.P.Me_dA.F,F.Me_dA.Me_dL.Me_dL.P.meL,F.L.Me_dL.P.Pr_Gly.meL
"PEPTIDE7226{[Me_dV].[dF].[meL].[dP].F.P}$PEPTIDE7226,PEPTIDE7226,1:R1-6:R2$$$","['Me_dV', 'dF', 'meL', 'dP', 'F', 'P']",Me_dV.meL.meL.Pr_Gly.F.P,"[1, 3]",2,dF|dP,meL|Pr_Gly,1:dF->meL;3:dP->Pr_Gly,"PEPTIDE7226{[Me_dV].[meL].[meL].[Pr_Gly].F.P}$PEPTIDE7226,PEPTIDE7226,1:R1-6:R2$$$",-4.94,6,0.8333333333333334,0.3333333333333333,0.5,0.0,0.16666666666666666,134.53650000000002,17.483930676957815,163.22,21.775000000000002,3.2758395870371926,29.1,0.81955,0.3296661986009484,1.1616,0.5415924185,0.06662858767003085,0.671232567,0.7623015871666666,0.20744899224587943,0.875,9.5,1.3844373104863459,12.0,2.0,0.0,2.0,0.16666666666666666,0.37267799624996495,1.0,0.3333333333333333,0.4714045207910317,1.0,-4.679095954633924,1.0,0.26090404536607625,Me_dV.meL.meL.Pr_Gly.F.P,F.Me_dV.P.Pr_Gly.meL.meL,F.Me_dV.P.dF.dP.meL
"PEPTIDE7226{[Me_dV].[dF].[meL].[dP].F.P}$PEPTIDE7226,PEPTIDE7226,1:R1-6:R2$$$","['Me_dV', 'dF', 'meL', 'dP', 'F', 'P']",Me_dV.Pr_Gly.meL.meL.F.P,"[1, 3]",2,dF|dP,Pr_Gly|meL,1:dF->Pr_Gly;3:dP->meL,"PEPTIDE7226{[Me_dV].[Pr_Gly].[meL].[meL].F.P}$PEPTIDE7226,PEPTIDE7226,1:R1-6:R2$$$",-4.94,6,0.8333333333333334,0.3333333333333333,0.5,0.0,0.16666666666666666,134.53650000000002,17.483930676957815,163.22,21.775000000000002,3.2758395870371926,29.1,0.81955,0.3296661986009484,1.1616,0.5415924185,0.06662858767003085,0.671232567,0.7623015871666666,0.20744899224587943,0.875,9.5,1.3844373104863459,12.0,2.0,0.0,2.0,0.16666666666666666,0.37267799624996495,1.0,0.3333333333333333,0.4714045207910317,1.0,-4.679095954633924,1.0,0.26090404536607625,Me_dV.Pr_Gly.meL.meL.F.P,F.Me_dV.P.Pr_Gly.meL.meL,F.Me_dV.P.dF.dP.meL
"PEPTIDE979{P.[Mono29].[Me_dL].[Me_dL].[Sta].[Me_dL]}$PEPTIDE979,PEPTIDE979,1:R1-6:R2$$$","['P', 'Mono29', 'Me_dL', 'Me_dL', 'Sta', 'Me_dL']",P.Pr_Gly.Me_dL.Me_dL.F.Me_dL,"[1, 4]",2,Mono29|Sta,Pr_Gly|F,1:Mono29->Pr_Gly;4:Sta->F,"PEPTIDE979{P.[Pr_Gly].[Me_dL].[Me_dL].F.[Me_dL]}$PEPTIDE979,PEPTIDE979,1:R1-6:R2$$$",-5.0,6,0.6666666666666666,0.3333333333333333,0.5,0.0,0.16666666666666666,136.87433333333334,17.552136258080445,163.22,21.775000000000002,3.2758395870371926,29.1,0.8845666666666666,0.35152174264980474,1.1616,0.5458966308333334,0.06622093893820499,0.671232567,0.7652777776666667,0.20891123547062804,0.875,9.666666666666666,1.3743685418725535,12.0,2.0,0.0,2.0,0.16666666666666666,0.37267799624996495,1.0,0.3333333333333333,0.4714045207910317,1.0,-4.7841046923821775,0.9991637492941841,0.2158953076178225,P.Pr_Gly.Me_dL.Me_dL.F.Me_dL,F.Me_dL.Me_dL.Me_dL.P.Pr_Gly,Me_dL.Me_dL.Me_dL.Mono29.P.Sta
"PEPTIDE977{P.[Mono29].[meL].[meL].[Sta(3R,4R)].[meL]}$PEPTIDE977,PEPTIDE977,1:R1-6:R2$$$","['P', 'Mono29', 'meL', 'meL', 'Sta(3R,4R)', 'meL']",P.Pr_Gly.meL.meL.F.meL,"[1, 4]",2,"Mono29|Sta(3R,4R)",Pr_Gly|F,"1:Mono29->Pr_Gly;4:Sta(3R,4R)->F","PEPTIDE977{P.[Pr_Gly].[meL].[meL].F.[meL]}$PEPTIDE977,PEPTIDE977,1:R1-6:R2$$$",-4.96,6,0.6666666666666666,0.3333333333333333,0.5,0.0,0.16666666666666666,136.87433333333334,17.552136258080445,163.22,21.775000000000002,3.2758395870371926,29.1,0.8845666666666666,0.35152174264980474,1.1616,0.5458966308333334,0.06622093893820499,0.671232567,0.7652777776666667,0.20891123547062804,0.875,9.666666666666666,1.3743685418725535,12.0,2.0,0.0,2.0,0.16666666666666666,0.37267799624996495,1.0,0.3333333333333333,0.4714045207910317,1.0,-4.7841046923821775,0.9991637492941841,0.17589530761782246,P.Pr_Gly.meL.meL.F.meL,F.P.Pr_Gly.meL.meL.meL,"Mono29.P.Sta(3R,4R).meL.meL.meL"
"PEPTIDE3382{[Me_dA].[Me_dL].L.P.[Bn_Gly].F}$PEPTIDE3382,PEPTIDE3382,1:R1-6:R2$$$","['Me_dA', 'Me_dL', 'L', 'P', 'Bn_Gly', 'F']",Me_dL.Me_dL.L.P.meA.F,"[0, 4]",2,Me_dA|Bn_Gly,Me_dL|meA,0:Me_dA->Me_dL;4:Bn_Gly->meA,"PEPTIDE3382{[Me_dL].[Me_dL].L.P.[meA].F}$PEPTIDE3382,PEPTIDE3382,1:R1-6:R2$$$",-4.73,6,0.8333333333333334,0.5,0.5,0.0,0.16666666666666666,132.19866666666667,20.580048588108067,163.22,23.24,4.14364573775317,29.1,0.76225,0.41081311951624266,1.1616,0.5428689493333334,0.0726997026216041,0.671232567,0.7567460316666667,0.20591300045388317,0.875,9.333333333333334,1.5986105077709065,12.0,2.0,0.0,2.0,0.3333333333333333,0.4714045207910317,1.0,0.3333333333333333,0.4714045207910317,1.0,-4.388084134976139,0.9986960606147802,0.3419158650238616,Me_dL.Me_dL.L.P.meA.F,F.L.Me_dL.Me_dL.P.meA,Bn_Gly.F.L.Me_dA.Me_dL.P
"PEPTIDE7218{[dI].P.[Me_dF].[dI].P.[Me_dF]}$PEPTIDE7218,PEPTIDE7218,1:R1-6:R2$$$","['dI', 'P', 'Me_dF', 'dI', 'P', 'Me_dF']",dI.meL.meA.dI.P.Me_dF,"[1, 2]",2,P|Me_dF,meL|meA,1:P->meL;2:Me_dF->meA,"PEPTIDE7218{[dI].[meL].[meA].[dI].P.[Me_dF]}$PEPTIDE7218,PEPTIDE7218,1:R1-6:R2$$$",-4.92,6,0.8333333333333334,0.16666666666666666,0.5,0.3333333333333333,0.0,132.19866666666667,24.136912662743114,177.247,23.24,4.14364573775317,29.1,0.76225,0.43725613298538574,1.3582,0.5419998851666666,0.06675605390384252,0.647118106,0.7643759018333333,0.18076941477249614,0.875,9.333333333333334,1.8856180831641267,13.0,2.0,0.0,2.0,0.3333333333333333,0.4714045207910317,1.0,0.3333333333333333,0.4714045207910317,1.0,-4.747011759147283,0.9899282968234682,0.17298824085271658,dI.meL.meA.dI.P.Me_dF,Me_dF.P.dI.dI.meA.meL,Me_dF.Me_dF.P.P.dI.dI
"PEPTIDE7218{[dI].P.[Me_dF].[dI].P.[Me_dF]}$PEPTIDE7218,PEPTIDE7218,1:R1-6:R2$$$","['dI', 'P', 'Me_dF', 'dI', 'P', 'Me_dF']",dI.meL.Me_dF.dI.P.meA,"[1, 5]",2,P|Me_dF,meL|meA,1:P->meL;5:Me_dF->meA,"PEPTIDE7218{[dI].[meL].[Me_dF].[dI].P.[meA]}$PEPTIDE7218,PEPTIDE7218,1:R1-6:R2$$$",-4.92,6,0.8333333333333334,0.16666666666666666,0.5,0.3333333333333333,0.0,132.19866666666667,24.136912662743118,177.247,23.24,4.14364573775317,29.1,0.7622499999999999,0.43725613298538574,1.3582,0.5419998851666666,0.06675605390384252,0.647118106,0.7643759018333333,0.18076941477249614,0.875,9.333333333333334,1.8856180831641267,13.0,2.0,0.0,2.0,0.3333333333333333,0.4714045207910317,1.0,0.3333333333333333,0.4714045207910317,1.0,-4.747011759147283,0.9899282968234682,0.17298824085271658,dI.meL.Me_dF.dI.P.meA,Me_dF.P.dI.dI.meA.meL,Me_dF.Me_dF.P.P.dI.dI
"PEPTIDE7417{[dP].[dPye].L.[dL].[Nal].L}$PEPTIDE7417,PEPTIDE7417,1:R1-6:R2$$$","['dP', 'dPye', 'L', 'dL', 'Nal', 'L']",dP.L.L.dL.F.L,"[1, 4]",2,dPye|Nal,L|F,1:dPye->L;4:Nal->F,"PEPTIDE7417{[dP].L.L.[dL].F.L}$PEPTIDE7417,PEPTIDE7417,1:R1-6:R2$$$",-5.09,6,0.6666666666666666,0.6666666666666666,0.0,0.3333333333333333,0.16666666666666666,132.19866666666667,15.059271924262768,163.22,27.634999999999994,3.275839587037193,29.1,0.7621833333333333,0.22748666200216858,1.016,0.5672343853333334,0.062455647485181606,0.671232567,0.7603174601666667,0.2060437298680526,0.857142857,9.333333333333334,1.247219128924647,12.0,2.0,0.0,2.0,0.8333333333333334,0.372677996249965,1.0,0.3333333333333333,0.4714045207910317,1.0,-4.807722420634922,0.9776587258167296,0.28227757936507825,dP.L.L.dL.F.L,F.L.L.L.dL.dP,L.L.Nal.dL.dP.dPye
"PEPTIDE7453{[dLeu(O->S)].L.L.[dP].Y.L}$PEPTIDE7453,PEPTIDE7453,1:R1-6:R2$$$","['dLeu(O->S)', 'L', 'L', 'dP', 'Y', 'L']",F.L.L.dP.dL.L,"[0, 4]",2,dLeu(O->S)|Y,F|dL,0:dLeu(O->S)->F;4:Y->dL,"PEPTIDE7453{F.L.L.[dP].[dL].L}$PEPTIDE7453,PEPTIDE7453,1:R1-6:R2$$$",-4.97,6,0.6666666666666666,0.6666666666666666,0.0,0.3333333333333333,0.16666666666666666,132.19866666666664,15.05927192426277,163.22,27.635,3.2758395870371926,29.1,0.7621833333333333,0.22748666200216855,1.016,0.5672343853333334,0.062455647485181606,0.671232567,0.7603174601666667,0.2060437298680526,0.857142857,9.333333333333334,1.247219128924647,12.0,2.0,0.0,2.0,0.8333333333333334,0.37267799624996495,1.0,0.3333333333333333,0.4714045207910317,1.0,-4.807722420634922,0.9776587258167296,0.16227757936507814,F.L.L.dP.dL.L,F.L.L.L.dL.dP,L.L.L.Y.dLeu(O->S).dP
"PEPTIDE7453{[dLeu(O->S)].L.L.[dP].Y.L}$PEPTIDE7453,PEPTIDE7453,1:R1-6:R2$$$","['dLeu(O->S)', 'L', 'L', 'dP', 'Y', 'L']",dL.L.L.dP.F.L,"[0, 4]",2,dLeu(O->S)|Y,dL|F,0:dLeu(O->S)->dL;4:Y->F,"PEPTIDE7453{[dL].L.L.[dP].F.L}$PEPTIDE7453,PEPTIDE7453,1:R1-6:R2$$$",-4.97,6,0.6666666666666666,0.6666666666666666,0.0,0.3333333333333333,0.16666666666666666,132.19866666666667,15.059271924262768,163.22,27.635,3.2758395870371926,29.1,0.7621833333333333,0.22748666200216858,1.016,0.5672343853333334,0.0624556474851816,0.671232567,0.7603174601666667,0.2060437298680526,0.857142857,9.333333333333334,1.247219128924647,12.0,2.0,0.0,2.0,0.8333333333333334,0.37267799624996495,1.0,0.3333333333333333,0.4714045207910317,1.0,-4.807722420634922,0.9776587258167296,0.16227757936507814,dL.L.L.dP.F.L,F.L.L.L.dL.dP,L.L.L.Y.dLeu(O->S).dP
"PEPTIDE1845{L.[dF].[dP].F.[dL].L}$PEPTIDE1845,PEPTIDE1845,1:R1-6:R2$$$","['L', 'dF', 'dP', 'F', 'dL', 'L']",L.L.dP.F.dL.L,[1],1,dF,L,1:dF->L,"PEPTIDE1845{L.L.[dP].F.[dL].L}$PEPTIDE1845,PEPTIDE1845,1:R1-6:R2$$$",-4.96,6,0.6666666666666666,0.6666666666666666,0.0,0.3333333333333333,0.16666666666666666,132.19866666666667,15.059271924262768,163.22,27.635,3.275839587037193,29.1,0.7621833333333333,0.22748666200216855,1.016,0.5672343853333334,0.062455647485181606,0.671232567,0.7603174601666667,0.2060437298680526,0.857142857,9.333333333333334,1.247219128924647,12.0,2.0,0.0,2.0,0.8333333333333334,0.372677996249965,1.0,0.3333333333333333,0.4714045207910317,1.0,-4.807722420634922,0.9776587258167296,0.15227757936507835,L.L.dP.F.dL.L,F.L.L.L.dL.dP,F.L.L.dF.dL.dP
"PEPTIDE1845{L.[dF].[dP].F.[dL].L}$PEPTIDE1845,PEPTIDE1845,1:R1-6:R2$$$","['L', 'dF', 'dP', 'F', 'dL', 'L']",L.dP.L.F.dL.L,"[1, 2]",2,dF|dP,dP|L,1:dF->dP;2:dP->L,"PEPTIDE1845{L.[dP].L.F.[dL].L}$PEPTIDE1845,PEPTIDE1845,1:R1-6:R2$$$",-4.96,6,0.6666666666666666,0.6666666666666666,0.0,0.3333333333333333,0.16666666666666666,132.19866666666667,15.059271924262768,163.22,27.634999999999994,3.275839587037193,29.1,0.7621833333333333,0.22748666200216858,1.016,0.5672343853333334,0.062455647485181606,0.671232567,0.7603174601666667,0.2060437298680526,0.857142857,9.333333333333334,1.247219128924647,12.0,2.0,0.0,2.0,0.8333333333333334,0.372677996249965,1.0,0.3333333333333333,0.4714045207910317,1.0,-4.807722420634922,0.9776587258167296,0.15227757936507835,L.dP.L.F.dL.L,F.L.L.L.dL.dP,F.L.L.dF.dL.dP
"PEPTIDE7417{[dP].[dPye].L.[dL].[Nal].L}$PEPTIDE7417,PEPTIDE7417,1:R1-6:R2$$$","['dP', 'dPye', 'L', 'dL', 'Nal', 'L']",dP.F.L.dL.Nle.L,"[1, 4]",2,dPye|Nal,F|Nle,1:dPye->F;4:Nal->Nle,"PEPTIDE7417{[dP].F.L.[dL].[Nle].L}$PEPTIDE7417,PEPTIDE7417,1:R1-6:R2$$$",-5.09,6,0.8333333333333334,0.5,0.0,0.3333333333333333,0.16666666666666666,132.19866666666664,15.059271924262772,163.22,27.634999999999994,3.275839587037193,29.1,0.7862,0.23954642556297928,1.016,0.5657165465,0.06249847316597498,0.671232567,0.7603174601666667,0.2060437298680526,0.857142857,9.333333333333334,1.247219128924647,12.0,2.0,0.0,2.0,0.8333333333333334,0.372677996249965,1.0,0.3333333333333333,0.47140452079103173,1.0,-4.911241893217887,0.9722267296067191,0.17875810678211312,dP.F.L.dL.Nle.L,F.L.L.Nle.dL.dP,L.L.Nal.dL.dP.dPye
"PEPTIDE1133{P.F.L.L.F.A}$PEPTIDE1133,PEPTIDE1133,1:R1-6:R2$$$","['P', 'F', 'L', 'L', 'F', 'A']",P.dL.L.L.F.dF,"[1, 5]",2,F|A,dL|dF,1:F->dL;5:A->dF,"PEPTIDE1133{P.[dL].L.L.F.[dF]}$PEPTIDE1133,PEPTIDE1133,1:R1-6:R2$$$",-4.94,6,0.8333333333333334,0.6666666666666666,0.0,0.3333333333333333,0.16666666666666666,137.86816666666667,18.802392342613096,163.22,27.634999999999994,3.275839587037193,29.1,0.79495,0.24671451619229867,1.016,0.5842287801666667,0.07357862485069157,0.671232567,0.6674603173333332,0.25997000612858273,0.857142857,9.833333333333334,1.5723301886761007,12.0,2.0,0.0,2.0,0.8333333333333334,0.372677996249965,1.0,0.5,0.5,1.0,-4.605972821789326,0.9714929109524506,0.3340271782106745,P.dL.L.L.F.dF,F.L.L.P.dF.dL,A.F.F.L.L.P
"PEPTIDE1133{P.F.L.L.F.A}$PEPTIDE1133,PEPTIDE1133,1:R1-6:R2$$$","['P', 'F', 'L', 'L', 'F', 'A']",P.dF.L.L.F.dL,"[1, 5]",2,F|A,dF|dL,1:F->dF;5:A->dL,"PEPTIDE1133{P.[dF].L.L.F.[dL]}$PEPTIDE1133,PEPTIDE1133,1:R1-6:R2$$$",-4.94,6,0.8333333333333334,0.6666666666666666,0.0,0.3333333333333333,0.16666666666666666,137.86816666666667,18.802392342613093,163.22,27.634999999999994,3.275839587037193,29.1,0.79495,0.24671451619229867,1.016,0.5842287801666667,0.07357862485069157,0.671232567,0.6674603173333332,0.25997000612858273,0.857142857,9.833333333333334,1.5723301886761005,12.0,2.0,0.0,2.0,0.8333333333333334,0.372677996249965,1.0,0.5,0.5,1.0,-4.605972821789326,0.9714929109524506,0.3340271782106745,P.dF.L.L.F.dL,F.L.L.P.dF.dL,A.F.F.L.L.P
"PEPTIDE1846{L.F.[dP].L.L.I}$PEPTIDE1846,PEPTIDE1846,1:R1-6:R2$$$","['L', 'F', 'dP', 'L', 'L', 'I']",dF.F.dP.L.L.I,[0],1,L,dF,0:L->dF,"PEPTIDE1846{[dF].F.[dP].L.L.I}$PEPTIDE1846,PEPTIDE1846,1:R1-6:R2$$$",-4.82,6,0.8333333333333334,0.6666666666666666,0.0,0.3333333333333333,0.16666666666666666,137.86816666666667,18.802392342613093,163.22,27.635,3.275839587037193,29.1,0.79495,0.24671451619229867,1.016,0.5842287801666668,0.07357862485069157,0.671232567,0.6674603173333334,0.25997000612858273,0.857142857,9.833333333333334,1.5723301886761005,12.0,2.0,0.0,2.0,0.8333333333333334,0.372677996249965,1.0,0.5,0.5,1.0,-4.605972821789326,0.9714929109524506,0.2140271782106744,dF.F.dP.L.L.I,F.I.L.L.dF.dP,F.I.L.L.L.dP
"PEPTIDE1846{L.F.[dP].L.L.I}$PEPTIDE1846,PEPTIDE1846,1:R1-6:R2$$$","['L', 'F', 'dP', 'L', 'L', 'I']",L.F.dP.dF.L.I,[3],1,L,dF,3:L->dF,"PEPTIDE1846{L.F.[dP].[dF].L.I}$PEPTIDE1846,PEPTIDE1846,1:R1-6:R2$$$",-4.82,6,0.8333333333333334,0.6666666666666666,0.0,0.3333333333333333,0.16666666666666666,137.86816666666667,18.802392342613096,163.22,27.635,3.275839587037193,29.1,0.79495,0.24671451619229867,1.016,0.5842287801666667,0.07357862485069157,0.671232567,0.6674603173333332,0.25997000612858273,0.857142857,9.833333333333334,1.5723301886761005,12.0,2.0,0.0,2.0,0.8333333333333334,0.372677996249965,1.0,0.5,0.5,1.0,-4.605972821789326,0.9714929109524506,0.2140271782106744,L.F.dP.dF.L.I,F.I.L.L.dF.dP,F.I.L.L.L.dP
"PEPTIDE979{P.[Mono29].[Me_dL].[Me_dL].[Sta].[Me_dL]}$PEPTIDE979,PEPTIDE979,1:R1-6:R2$$$","['P', 'Mono29', 'Me_dL', 'Me_dL', 'Sta', 'Me_dL']",P.Pr_Gly.Me_dL.Me_dL.L.Me_dL,"[1, 4]",2,Mono29|Sta,Pr_Gly|L,1:Mono29->Pr_Gly;4:Sta->L,"PEPTIDE979{P.[Pr_Gly].[Me_dL].[Me_dL].L.[Me_dL]}$PEPTIDE979,PEPTIDE979,1:R1-6:R2$$$",-5.0,6,0.6666666666666666,0.3333333333333333,0.5,0.0,0.0,131.20483333333334,13.04071026205585,143.23,21.775000000000002,3.2758395870371926,29.1,0.8517999999999999,0.3468754003000693,1.1616,0.528902236,0.03961367517120844,0.569266198,0.8581349205000001,0.018639180930914965,0.875,9.166666666666666,0.8975274678557508,10.0,2.0,0.0,2.0,0.16666666666666666,0.37267799624996495,1.0,0.16666666666666666,0.372677996249965,1.0,-4.751759026390275,0.9575185342247311,0.2482409736097253,P.Pr_Gly.Me_dL.Me_dL.L.Me_dL,L.Me_dL.Me_dL.Me_dL.P.Pr_Gly,Me_dL.Me_dL.Me_dL.Mono29.P.Sta
"PEPTIDE977{P.[Mono29].[meL].[meL].[Sta(3R,4R)].[meL]}$PEPTIDE977,PEPTIDE977,1:R1-6:R2$$$","['P', 'Mono29', 'meL', 'meL', 'Sta(3R,4R)', 'meL']",P.Pr_Gly.meL.meL.L.meL,"[1, 4]",2,"Mono29|Sta(3R,4R)",Pr_Gly|L,"1:Mono29->Pr_Gly;4:Sta(3R,4R)->L","PEPTIDE977{P.[Pr_Gly].[meL].[meL].L.[meL]}$PEPTIDE977,PEPTIDE977,1:R1-6:R2$$$",-4.96,6,0.6666666666666666,0.3333333333333333,0.5,0.0,0.0,131.20483333333334,13.04071026205585,143.23,21.775000000000002,3.2758395870371926,29.1,0.8517999999999999,0.3468754003000693,1.1616,0.528902236,0.03961367517120844,0.569266198,0.8581349205000001,0.018639180930914965,0.875,9.166666666666666,0.8975274678557508,10.0,2.0,0.0,2.0,0.16666666666666666,0.37267799624996495,1.0,0.16666666666666666,0.372677996249965,1.0,-4.751759026390275,0.9575185342247311,0.20824097360972527,P.Pr_Gly.meL.meL.L.meL,L.P.Pr_Gly.meL.meL.meL,"Mono29.P.Sta(3R,4R).meL.meL.meL"
"PEPTIDE992{[Mono14].A.[meF].P.V.P}$PEPTIDE992,PEPTIDE992,1:R1-6:R2$$$","['Mono14', 'A', 'meF', 'P', 'V', 'P']",meL.A.meF.Me_dL.V.P,"[0, 3]",2,Mono14|P,meL|Me_dL,0:Mono14->meL;3:P->Me_dL,"PEPTIDE992{[meL].A.[meF].[Me_dL].V.P}$PEPTIDE992,PEPTIDE992,1:R1-6:R2$$$",-5.04,6,1.0,0.5,0.5,0.0,0.0,129.86083333333332,28.647536441008135,177.247,23.24,4.14364573775317,29.1,0.6972333333333333,0.5674086436501377,1.3582,0.5359035576666666,0.06244402590240812,0.647118106,0.7550505049999999,0.1799364250674796,0.875,9.166666666666666,2.1921577396609844,13.0,2.0,0.0,2.0,0.3333333333333333,0.4714045207910317,1.0,0.3333333333333333,0.4714045207910317,1.0,-4.848491797096361,0.9405190139227896,0.19150820290363946,meL.A.meF.Me_dL.V.P,A.Me_dL.P.V.meF.meL,A.Mono14.P.P.V.meF
"PEPTIDE992{[Mono14].A.[meF].P.V.P}$PEPTIDE992,PEPTIDE992,1:R1-6:R2$$$","['Mono14', 'A', 'meF', 'P', 'V', 'P']",meL.A.meF.P.V.Me_dL,"[0, 5]",2,Mono14|P,meL|Me_dL,0:Mono14->meL;5:P->Me_dL,"PEPTIDE992{[meL].A.[meF].P.V.[Me_dL]}$PEPTIDE992,PEPTIDE992,1:R1-6:R2$$$",-5.04,6,1.0,0.5,0.5,0.0,0.0,129.86083333333335,28.647536441008135,177.247,23.24,4.14364573775317,29.1,0.6972333333333335,0.5674086436501377,1.3582,0.5359035576666668,0.06244402590240812,0.647118106,0.7550505050000001,0.17993642506747956,0.875,9.166666666666666,2.1921577396609844,13.0,2.0,0.0,2.0,0.3333333333333333,0.4714045207910317,1.0,0.3333333333333333,0.4714045207910317,1.0,-4.848491797096361,0.9405190139227896,0.19150820290363946,meL.A.meF.P.V.Me_dL,A.Me_dL.P.V.meF.meL,A.Mono14.P.P.V.meF
"PEPTIDE967{P.[Sta].[meL].[meL].[Sta].[meL]}$PEPTIDE967,PEPTIDE967,1:R1-6:R2$$$","['P', 'Sta', 'meL', 'meL', 'Sta', 'meL']",P.L.meL.meL.dA.meL,"[1, 4]",2,Sta|Sta,L|dA,1:Sta->L;4:Sta->dA,"PEPTIDE967{P.L.[meL].[meL].[dA].[meL]}$PEPTIDE967,PEPTIDE967,1:R1-6:R2$$$",-5.1,6,0.6666666666666666,0.3333333333333333,0.5,0.16666666666666666,0.0,126.52916666666665,20.718599891696883,143.23,23.24,4.14364573775317,29.1,0.7294833333333334,0.5239864706162639,1.1616,0.5246078184999999,0.0439019791421633,0.569266198,0.8442460316666667,0.044730953647940705,0.875,8.833333333333334,1.4624940645653537,10.0,2.0,0.0,2.0,0.3333333333333333,0.4714045207910317,1.0,0.16666666666666666,0.372677996249965,1.0,-4.878555097907226,0.9392281579080867,0.2214449020927738,P.L.meL.meL.dA.meL,L.P.dA.meL.meL.meL,P.Sta.Sta.meL.meL.meL
"PEPTIDE967{P.[Sta].[meL].[meL].[Sta].[meL]}$PEPTIDE967,PEPTIDE967,1:R1-6:R2$$$","['P', 'Sta', 'meL', 'meL', 'Sta', 'meL']",P.dL.meL.meL.A.meL,"[1, 4]",2,Sta|Sta,dL|A,1:Sta->dL;4:Sta->A,"PEPTIDE967{P.[dL].[meL].[meL].A.[meL]}$PEPTIDE967,PEPTIDE967,1:R1-6:R2$$$",-5.1,6,0.6666666666666666,0.3333333333333333,0.5,0.16666666666666666,0.0,126.52916666666665,20.718599891696883,143.23,23.24,4.14364573775317,29.1,0.7294833333333334,0.5239864706162639,1.1616,0.5246078184999999,0.0439019791421633,0.569266198,0.8442460316666667,0.044730953647940705,0.875,8.833333333333334,1.4624940645653537,10.0,2.0,0.0,2.0,0.3333333333333333,0.4714045207910317,1.0,0.16666666666666666,0.372677996249965,1.0,-4.878555097907226,0.9392281579080867,0.2214449020927738,P.dL.meL.meL.A.meL,A.P.dL.meL.meL.meL,P.Sta.Sta.meL.meL.meL
