parent_helm,parent_tokens,tokens,mutation_sites,mutation_count,from_monomer,to_monomer,mutation_description,HELM,parent_permeability,seq_len,unique_ratio,natural_ratio,n_methyl_ratio,d_ratio,aromatic_ratio,MolWt_mean,MolWt_std,MolWt_max,TPSA_mean,TPSA_std,TPSA_max,MolLogP_mean,MolLogP_std,MolLogP_max,qed_mean,qed_std,qed_max,FractionCSP3_mean,FractionCSP3_std,FractionCSP3_max,HeavyAtomCount_mean,HeavyAtomCount_std,HeavyAtomCount_max,NumHAcceptors_mean,NumHAcceptors_std,NumHAcceptors_max,NumHDonors_mean,NumHDonors_std,NumHDonors_max,RingCount_mean,RingCount_std,RingCount_max,predicted_permeability,predicted_positive_prob,improvement,signature,composition_signature,parent_composition_signature,permeability_std,positive_prob_std,robust_score
"PEPTIDE3382{[Me_dA].[Me_dL].L.P.[Bn_Gly].F}$PEPTIDE3382,PEPTIDE3382,1:R1-6:R2$$$","['Me_dA', 'Me_dL', 'L', 'P', 'Bn_Gly', 'F']","['Me_dA', 'Me_dL', 'L', 'P', 'Me_dL', 'F']",[4],1,Bn_Gly,Me_dL,4:Bn_Gly->Me_dL,"PEPTIDE3382{[Me_dA].[Me_dL].L.P.[Me_dL].F}$PEPTIDE3382,PEPTIDE3382,1:R1-6:R2$$$",-4.73,6,0.8333333333333334,0.5,0.5,0.0,0.1666666666666666,132.19866666666667,20.580048588108067,163.22,23.24,4.14364573775317,29.1,0.76225,0.4108131195162426,1.1616,0.5428689493333334,0.0726997026216041,0.671232567,0.7567460316666668,0.2059130004538831,0.875,9.333333333333334,1.5986105077709063,12.0,2.0,0.0,2.0,0.3333333333333333,0.4714045207910317,1.0,0.3333333333333333,0.4714045207910317,1.0,-4.388084134976139,0.9986960606147802,0.3419158650238616,Me_dA.Me_dL.L.P.Me_dL.F,"['Me_dA', 'Me_dL', 'L', 'P', 'Me_dL', 'F']",Bn_Gly.F.L.Me_dA.Me_dL.P,0.1607141052709237,0.0093136994931859,-3.4720735518701167
"PEPTIDE3382{[Me_dA].[Me_dL].L.P.[Bn_Gly].F}$PEPTIDE3382,PEPTIDE3382,1:R1-6:R2$$$","['Me_dA', 'Me_dL', 'L', 'P', 'Bn_Gly', 'F']","['Me_dL', 'Me_dL', 'L', 'P', 'meA', 'F']","[0, 4]",2,Me_dA|Bn_Gly,Me_dL|meA,0:Me_dA->Me_dL;4:Bn_Gly->meA,"PEPTIDE3382{[Me_dL].[Me_dL].L.P.[meA].F}$PEPTIDE3382,PEPTIDE3382,1:R1-6:R2$$$",-4.73,6,0.8333333333333334,0.5,0.5,0.0,0.1666666666666666,132.19866666666667,20.580048588108067,163.22,23.24,4.14364573775317,29.1,0.76225,0.4108131195162426,1.1616,0.5428689493333334,0.0726997026216041,0.671232567,0.7567460316666667,0.2059130004538831,0.875,9.333333333333334,1.5986105077709063,12.0,2.0,0.0,2.0,0.3333333333333333,0.4714045207910317,1.0,0.3333333333333333,0.4714045207910317,1.0,-4.388084134976139,0.9986960606147802,0.3419158650238616,Me_dL.Me_dL.L.P.meA.F,"['Me_dL', 'Me_dL', 'L', 'P', 'meA', 'F']",Bn_Gly.F.L.Me_dA.Me_dL.P,0.1607141052709237,0.0093136994931859,-3.4720735518701167
"PEPTIDE2798{[Pr_Gly].[meL].[Me_dL].P.L.F}$PEPTIDE2798,PEPTIDE2798,1:R1-6:R2$$$","['Pr_Gly', 'meL', 'Me_dL', 'P', 'L', 'F']","['meL', 'meL', 'meA', 'P', 'L', 'F']","[0, 2]",2,Pr_Gly|Me_dL,meL|meA,0:Pr_Gly->meL;2:Me_dL->meA,"PEPTIDE2798{[meL].[meL].[meA].P.L.F}$PEPTIDE2798,PEPTIDE2798,1:R1-6:R2$$$",-4.71,6,0.8333333333333334,0.5,0.5,0.0,0.1666666666666666,132.19866666666667,20.580048588108067,163.22,23.24,4.14364573775317,29.1,0.76225,0.4108131195162426,1.1616,0.5428689493333334,0.0726997026216041,0.671232567,0.7567460316666667,0.2059130004538831,0.875,9.333333333333334,1.5986105077709063,12.0,2.0,0.0,2.0,0.3333333333333333,0.4714045207910317,1.0,0.3333333333333333,0.4714045207910317,1.0,-4.388084134976139,0.9986960606147802,0.3219158650238611,meL.meL.meA.P.L.F,"['meL', 'meL', 'meA', 'P', 'L', 'F']",F.L.Me_dL.P.Pr_Gly.meL,0.1607141052709237,0.0093136994931859,-3.4720735518701167
"PEPTIDE2798{[Pr_Gly].[meL].[Me_dL].P.L.F}$PEPTIDE2798,PEPTIDE2798,1:R1-6:R2$$$","['Pr_Gly', 'meL', 'Me_dL', 'P', 'L', 'F']","['meL', 'meL', 'Me_dA', 'P', 'L', 'F']","[0, 2]",2,Pr_Gly|Me_dL,meL|Me_dA,0:Pr_Gly->meL;2:Me_dL->Me_dA,"PEPTIDE2798{[meL].[meL].[Me_dA].P.L.F}$PEPTIDE2798,PEPTIDE2798,1:R1-6:R2$$$",-4.71,6,0.8333333333333334,0.5,0.5,0.0,0.1666666666666666,132.19866666666667,20.580048588108067,163.22,23.24,4.14364573775317,29.1,0.76225,0.4108131195162426,1.1616,0.5428689493333334,0.0726997026216041,0.671232567,0.7567460316666667,0.2059130004538831,0.875,9.333333333333334,1.5986105077709063,12.0,2.0,0.0,2.0,0.3333333333333333,0.4714045207910317,1.0,0.3333333333333333,0.4714045207910317,1.0,-4.388084134976139,0.9986960606147802,0.3219158650238611,meL.meL.Me_dA.P.L.F,"['meL', 'meL', 'Me_dA', 'P', 'L', 'F']",F.L.Me_dL.P.Pr_Gly.meL,0.1607141052709237,0.0093136994931859,-3.4720735518701167
"PEPTIDE7226{[Me_dV].[dF].[meL].[dP].F.P}$PEPTIDE7226,PEPTIDE7226,1:R1-6:R2$$$","['Me_dV', 'dF', 'meL', 'dP', 'F', 'P']","['Me_dV', 'meL', 'meL', 'meA', 'F', 'P']","[1, 3]",2,dF|dP,meL|meA,1:dF->meL;3:dP->meA,"PEPTIDE7226{[Me_dV].[meL].[meL].[meA].F.P}$PEPTIDE7226,PEPTIDE7226,1:R1-6:R2$$$",-4.94,6,0.8333333333333334,0.3333333333333333,0.6666666666666666,0.0,0.1666666666666666,132.19866666666667,20.580048588108067,163.22,21.775,3.2758395870371926,29.1,0.7542666666666666,0.4100897367921102,1.1616,0.5354147243333334,0.0718994579335493,0.671232567,0.7567460316666667,0.2059130004538831,0.875,9.333333333333334,1.5986105077709063,12.0,2.0,0.0,2.0,0.1666666666666666,0.3726779962499649,1.0,0.3333333333333333,0.4714045207910317,1.0,-4.469302504205621,0.9960240171376892,0.4706974957943792,Me_dV.meL.meL.meA.F.P,"['Me_dV', 'meL', 'meL', 'meA', 'F', 'P']",F.Me_dV.P.dF.dP.meL,0.1844350710626512,0.0410271997804233,-3.575752822544364
"PEPTIDE7226{[Me_dV].[dF].[meL].[dP].F.P}$PEPTIDE7226,PEPTIDE7226,1:R1-6:R2$$$","['Me_dV', 'dF', 'meL', 'dP', 'F', 'P']","['Me_dV', 'meL', 'meL', 'Me_dA', 'F', 'P']","[1, 3]",2,dF|dP,meL|Me_dA,1:dF->meL;3:dP->Me_dA,"PEPTIDE7226{[Me_dV].[meL].[meL].[Me_dA].F.P}$PEPTIDE7226,PEPTIDE7226,1:R1-6:R2$$$",-4.94,6,0.8333333333333334,0.3333333333333333,0.6666666666666666,0.0,0.1666666666666666,132.19866666666667,20.580048588108067,163.22,21.775,3.2758395870371926,29.1,0.7542666666666666,0.4100897367921102,1.1616,0.5354147243333334,0.0718994579335493,0.671232567,0.7567460316666667,0.2059130004538831,0.875,9.333333333333334,1.5986105077709063,12.0,2.0,0.0,2.0,0.1666666666666666,0.3726779962499649,1.0,0.3333333333333333,0.4714045207910317,1.0,-4.469302504205621,0.9960240171376892,0.4706974957943792,Me_dV.meL.meL.Me_dA.F.P,"['Me_dV', 'meL', 'meL', 'Me_dA', 'F', 'P']",F.Me_dV.P.dF.dP.meL,0.1844350710626512,0.0410271997804233,-3.575752822544364
"PEPTIDE1845{L.[dF].[dP].F.[dL].L}$PEPTIDE1845,PEPTIDE1845,1:R1-6:R2$$$","['L', 'dF', 'dP', 'F', 'dL', 'L']","['P', 'dF', 'L', 'F', 'dL', 'L']","[0, 2]",2,L|dP,P|L,0:L->P;2:dP->L,"PEPTIDE1845{P.[dF].L.F.[dL].L}$PEPTIDE1845,PEPTIDE1845,1:R1-6:R2$$$",-4.96,6,0.8333333333333334,0.6666666666666666,0.0,0.3333333333333333,0.1666666666666666,137.86816666666667,18.802392342613093,163.22,27.634999999999994,3.275839587037193,29.1,0.79495,0.2467145161922986,1.016,0.5842287801666667,0.0735786248506915,0.671232567,0.6674603173333332,0.2599700061285827,0.857142857,9.833333333333334,1.5723301886761003,12.0,2.0,0.0,2.0,0.8333333333333334,0.372677996249965,1.0,0.5,0.5,1.0,-4.605972821789327,0.9714929109524504,0.3540271782106741,P.dF.L.F.dL.L,"['P', 'dF', 'L', 'F', 'dL', 'L']",F.L.L.dF.dL.dP,0.2569040956238854,0.1247258495293409,-3.7941134210311542
"PEPTIDE1845{L.[dF].[dP].F.[dL].L}$PEPTIDE1845,PEPTIDE1845,1:R1-6:R2$$$","['L', 'dF', 'dP', 'F', 'dL', 'L']","['L', 'P', 'dF', 'F', 'dL', 'L']","[1, 2]",2,dF|dP,P|dF,1:dF->P;2:dP->dF,"PEPTIDE1845{L.P.[dF].F.[dL].L}$PEPTIDE1845,PEPTIDE1845,1:R1-6:R2$$$",-4.96,6,0.8333333333333334,0.6666666666666666,0.0,0.3333333333333333,0.1666666666666666,137.86816666666667,18.802392342613096,163.22,27.634999999999994,3.275839587037193,29.1,0.79495,0.2467145161922986,1.016,0.5842287801666668,0.0735786248506915,0.671232567,0.6674603173333334,0.2599700061285827,0.857142857,9.833333333333334,1.5723301886761003,12.0,2.0,0.0,2.0,0.8333333333333334,0.372677996249965,1.0,0.5,0.5,1.0,-4.605972821789327,0.9714929109524504,0.3540271782106741,L.P.dF.F.dL.L,"['L', 'P', 'dF', 'F', 'dL', 'L']",F.L.L.dF.dL.dP,0.2569040956238854,0.1247258495293409,-3.7941134210311542
"PEPTIDE1133{P.F.L.L.F.A}$PEPTIDE1133,PEPTIDE1133,1:R1-6:R2$$$","['P', 'F', 'L', 'L', 'F', 'A']","['P', 'dL', 'L', 'L', 'F', 'dF']","[1, 5]",2,F|A,dL|dF,1:F->dL;5:A->dF,"PEPTIDE1133{P.[dL].L.L.F.[dF]}$PEPTIDE1133,PEPTIDE1133,1:R1-6:R2$$$",-4.94,6,0.8333333333333334,0.6666666666666666,0.0,0.3333333333333333,0.1666666666666666,137.86816666666667,18.802392342613096,163.22,27.634999999999994,3.275839587037193,29.1,0.79495,0.2467145161922986,1.016,0.5842287801666667,0.0735786248506915,0.671232567,0.6674603173333332,0.2599700061285827,0.857142857,9.833333333333334,1.5723301886761007,12.0,2.0,0.0,2.0,0.8333333333333334,0.372677996249965,1.0,0.5,0.5,1.0,-4.605972821789327,0.9714929109524504,0.3340271782106745,P.dL.L.L.F.dF,"['P', 'dL', 'L', 'L', 'F', 'dF']",A.F.F.L.L.P,0.2569040956238854,0.1247258495293409,-3.7941134210311542
"PEPTIDE1133{P.F.L.L.F.A}$PEPTIDE1133,PEPTIDE1133,1:R1-6:R2$$$","['P', 'F', 'L', 'L', 'F', 'A']","['P', 'dF', 'L', 'L', 'F', 'dL']","[1, 5]",2,F|A,dF|dL,1:F->dF;5:A->dL,"PEPTIDE1133{P.[dF].L.L.F.[dL]}$PEPTIDE1133,PEPTIDE1133,1:R1-6:R2$$$",-4.94,6,0.8333333333333334,0.6666666666666666,0.0,0.3333333333333333,0.1666666666666666,137.86816666666667,18.802392342613093,163.22,27.634999999999994,3.275839587037193,29.1,0.79495,0.2467145161922986,1.016,0.5842287801666667,0.0735786248506915,0.671232567,0.6674603173333332,0.2599700061285827,0.857142857,9.833333333333334,1.5723301886761003,12.0,2.0,0.0,2.0,0.8333333333333334,0.372677996249965,1.0,0.5,0.5,1.0,-4.605972821789327,0.9714929109524504,0.3340271782106745,P.dF.L.L.F.dL,"['P', 'dF', 'L', 'L', 'F', 'dL']",A.F.F.L.L.P,0.2569040956238854,0.1247258495293409,-3.7941134210311542
"PEPTIDE1846{L.F.[dP].L.L.I}$PEPTIDE1846,PEPTIDE1846,1:R1-6:R2$$$","['L', 'F', 'dP', 'L', 'L', 'I']","['dF', 'F', 'dP', 'L', 'L', 'I']",[0],1,L,dF,0:L->dF,"PEPTIDE1846{[dF].F.[dP].L.L.I}$PEPTIDE1846,PEPTIDE1846,1:R1-6:R2$$$",-4.82,6,0.8333333333333334,0.6666666666666666,0.0,0.3333333333333333,0.1666666666666666,137.86816666666667,18.802392342613093,163.22,27.635,3.275839587037193,29.1,0.79495,0.2467145161922986,1.016,0.5842287801666668,0.0735786248506915,0.671232567,0.6674603173333334,0.2599700061285827,0.857142857,9.833333333333334,1.5723301886761003,12.0,2.0,0.0,2.0,0.8333333333333334,0.372677996249965,1.0,0.5,0.5,1.0,-4.605972821789327,0.9714929109524504,0.2140271782106744,dF.F.dP.L.L.I,"['dF', 'F', 'dP', 'L', 'L', 'I']",F.I.L.L.L.dP,0.2569040956238854,0.1247258495293409,-3.7941134210311542
"PEPTIDE1846{L.F.[dP].L.L.I}$PEPTIDE1846,PEPTIDE1846,1:R1-6:R2$$$","['L', 'F', 'dP', 'L', 'L', 'I']","['L', 'F', 'dP', 'dF', 'L', 'I']",[3],1,L,dF,3:L->dF,"PEPTIDE1846{L.F.[dP].[dF].L.I}$PEPTIDE1846,PEPTIDE1846,1:R1-6:R2$$$",-4.82,6,0.8333333333333334,0.6666666666666666,0.0,0.3333333333333333,0.1666666666666666,137.86816666666667,18.802392342613096,163.22,27.635,3.275839587037193,29.1,0.79495,0.2467145161922986,1.016,0.5842287801666667,0.0735786248506915,0.671232567,0.6674603173333332,0.2599700061285827,0.857142857,9.833333333333334,1.5723301886761003,12.0,2.0,0.0,2.0,0.8333333333333334,0.372677996249965,1.0,0.5,0.5,1.0,-4.605972821789327,0.9714929109524504,0.2140271782106744,L.F.dP.dF.L.I,"['L', 'F', 'dP', 'dF', 'L', 'I']",F.I.L.L.L.dP,0.2569040956238854,0.1247258495293409,-3.7941134210311542
