seq_len,unique_ratio,natural_ratio,n_methyl_ratio,d_ratio,aromatic_ratio,MolWt_mean,MolWt_std,MolWt_max,TPSA_mean,TPSA_std,TPSA_max,MolLogP_mean,MolLogP_std,MolLogP_max,qed_mean,qed_std,qed_max,FractionCSP3_mean,FractionCSP3_std,FractionCSP3_max,HeavyAtomCount_mean,HeavyAtomCount_std,HeavyAtomCount_max,NumHAcceptors_mean,NumHAcceptors_std,NumHAcceptors_max,NumHDonors_mean,NumHDonors_std,NumHDonors_max,RingCount_mean,RingCount_std,RingCount_max,tokens,composition_signature,predicted_permeability,predicted_positive_prob,permeability_std,positive_prob_std,robust_score,motif_score,novelty_score,composition_alignment,uncertainty_stability,multiobjective_score,parent_tokens,HELM,novelty_vs_train,stage
6,0.8333333333333334,0.3333333333333333,0.5,0.0,0.16666666666666666,132.19866666666667,20.580048588108067,163.22,23.24,4.14364573775317,29.1,0.7862666666666667,0.41760810044293384,1.1616,0.5413511105000001,0.07222625835975928,0.671232567,0.7567460316666668,0.20591300045388317,0.875,9.333333333333334,1.5986105077709065,12.0,2.0,0.0,2.0,0.3333333333333333,0.4714045207910317,1.0,0.3333333333333333,0.4714045207910317,1.0,Me_dA.Nle.meL.P.meL.F,F.Me_dA.Nle.P.meL.meL,-4.478954500185559,0.9961555543566324,0.22845234356408137,0.046471840148286425,-3.608643077648038,0.2147656213534491,1.0,0.508038258038258,0.784360366502866,0.738183406376449,Pr_Gly.Nle.meL.P.meL.F,"PEPTIDE1{[Me_dA].[Nle].[meL].P.[meL].F}$PEPTIDE1,PEPTIDE1,1:R1-6:R2$$$",1,focused_refinement
6,0.8333333333333334,0.3333333333333333,0.5,0.0,0.16666666666666666,132.19866666666667,20.580048588108067,163.22,21.775000000000002,3.2758395870371926,29.1,0.7545333333333333,0.4101013763557602,1.1616,0.5350822311666666,0.07195356689434967,0.671232567,0.7567460316666667,0.20591300045388317,0.875,9.333333333333334,1.5986105077709065,12.0,2.0,0.0,2.0,0.16666666666666666,0.372677996249965,1.0,0.3333333333333333,0.4714045207910317,1.0,Me_dA.Me_dL.Me_dL.P.iBu_Gly.F,F.Me_dA.Me_dL.Me_dL.P.iBu_Gly,-4.483769009640153,0.9960240171376891,0.19926501211777312,0.04102719978042338,-3.597634298506457,0.1945894712927708,1.0,0.508038258038258,0.806261613518928,0.735887414637681,P.Me_dL.Me_dL.L.iBu_Gly.F,"PEPTIDE2{[Me_dA].[Me_dL].[Me_dL].P.[iBu_Gly].F}$PEPTIDE2,PEPTIDE2,1:R1-6:R2$$$",1,focused_refinement
6,0.6666666666666666,0.3333333333333333,0.6666666666666666,0.0,0.16666666666666666,134.53650000000002,20.90117184713176,163.22,21.775000000000002,3.2758395870371926,29.1,0.8192833333333333,0.4376646372763308,1.1616,0.5397189366666667,0.07189267226178321,0.671232567,0.7597222221666665,0.2074657862418688,0.875,9.5,1.6072751268321592,12.0,2.0,0.0,2.0,0.16666666666666666,0.372677996249965,1.0,0.3333333333333333,0.4714045207910317,1.0,meA.meL.meL.P.meL.F,F.P.meA.meL.meL.meL,-4.469216187150636,1.0,0.14714768743518866,0.0,-3.54279003086823,0.24024399428586296,1.0,0.399063899063899,0.8717273381214028,0.7342904053046537,P.meL.meL.P.meL.F,"PEPTIDE3{[meA].[meL].[meL].P.[meL].F}$PEPTIDE3,PEPTIDE3,1:R1-6:R2$$$",1,focused_refinement
6,0.8333333333333334,0.3333333333333333,0.5,0.0,0.16666666666666666,132.19866666666667,20.580048588108067,163.22,23.24,4.14364573775317,29.1,0.7862666666666668,0.41760810044293395,1.1616,0.5413511105000001,0.07222625835975928,0.671232567,0.7567460316666667,0.20591300045388317,0.875,9.333333333333334,1.5986105077709065,12.0,2.0,0.0,2.0,0.3333333333333333,0.4714045207910317,1.0,0.3333333333333333,0.4714045207910317,1.0,P.Me_dL.Me_dL.Nle.meA.F,F.Me_dL.Me_dL.Nle.P.meA,-4.478954500185559,0.9961555543566324,0.22845234356408137,0.046471840148286425,-3.608643077648038,0.16836138993620486,1.0,0.508038258038258,0.784360366502866,0.73075872934969,P.Me_dL.Me_dL.Nle.meA.F,"PEPTIDE4{P.[Me_dL].[Me_dL].[Nle].[meA].F}$PEPTIDE4,PEPTIDE4,1:R1-6:R2$$$",1,focused_refinement
6,0.8333333333333334,0.3333333333333333,0.3333333333333333,0.16666666666666666,0.16666666666666666,134.5365,17.483930676957815,163.22,23.24,4.14364573775317,29.1,0.8275333333333332,0.3289852158110182,1.1616,0.5490466435,0.06680556534028723,0.671232567,0.7623015871666667,0.20744899224587943,0.875,9.5,1.3844373104863459,12.0,2.0,0.0,2.0,0.3333333333333333,0.4714045207910317,1.0,0.3333333333333333,0.4714045207910317,1.0,Pr_Gly.meL.meL.P.dL.F,F.P.Pr_Gly.dL.meL.meL,-4.874278064685316,0.9997436978480457,0.04584452724889453,0.005725356386733752,-3.898887969558401,0.22182057180071083,1.0,0.9589762089762089,0.9509591474250538,0.7158859980394705,Pr_Gly.meL.meL.P.Me_dA.F,"PEPTIDE5{[Pr_Gly].[meL].[meL].P.[dL].F}$PEPTIDE5,PEPTIDE5,1:R1-6:R2$$$",1,focused_refinement
6,0.6666666666666666,0.3333333333333333,0.5,0.0,0.16666666666666666,134.53650000000002,20.90117184713176,163.22,21.775000000000002,3.2758395870371926,29.1,0.81955,0.43724815894409436,1.1616,0.5414210855,0.0701044245303267,0.671232567,0.7597222221666665,0.2074657862418688,0.875,9.5,1.6072751268321592,12.0,2.0,0.0,2.0,0.16666666666666666,0.372677996249965,1.0,0.3333333333333333,0.4714045207910317,1.0,meL.Et_Gly.meL.P.meL.F,Et_Gly.F.P.meL.meL.meL,-4.597323869807157,0.998940014114326,0.2465531880430919,0.023678291087748875,-3.7275800224863147,0.20069025510444227,1.0,0.508038258038258,0.7872580836087079,0.7133519145483596,meL.Et_Gly.meL.P.Me_dL.F,"PEPTIDE6{[meL].[Et_Gly].[meL].P.[meL].F}$PEPTIDE6,PEPTIDE6,1:R1-6:R2$$$",1,focused_refinement
6,0.8333333333333334,0.3333333333333333,0.3333333333333333,0.16666666666666666,0.16666666666666666,134.5365,17.483930676957815,163.22,23.24,4.14364573775317,29.1,0.8275333333333332,0.3289852158110182,1.1616,0.5490466435,0.06680556534028723,0.671232567,0.7623015871666666,0.20744899224587943,0.875,9.5,1.3844373104863459,12.0,2.0,0.0,2.0,0.3333333333333333,0.4714045207910317,1.0,0.3333333333333333,0.4714045207910317,1.0,Pr_Gly.Me_dL.Me_dL.L.dP.F,F.L.Me_dL.Me_dL.Pr_Gly.dP,-4.874278064685316,0.9997436978480457,0.04584452724889453,0.005725356386733752,-3.898887969558401,0.1908435023687016,1.0,0.9589762089762089,0.9509591474250538,0.7109296669303491,Pr_Gly.Me_dL.Me_dL.Nle.Me_dA.F,"PEPTIDE7{[Pr_Gly].[Me_dL].[Me_dL].L.[dP].F}$PEPTIDE7,PEPTIDE7,1:R1-6:R2$$$",1,focused_refinement
6,0.6666666666666666,0.3333333333333333,0.5,0.0,0.16666666666666666,134.53650000000002,20.90117184713176,163.22,21.775000000000002,3.2758395870371926,29.1,0.8195500000000001,0.43724815894409436,1.1616,0.5414210855,0.0701044245303267,0.671232567,0.7597222221666667,0.2074657862418688,0.875,9.5,1.6072751268321592,12.0,2.0,0.0,2.0,0.16666666666666666,0.372677996249965,1.0,0.3333333333333333,0.4714045207910317,1.0,F.Me_dL.P.Me_dL.Me_dL.Et_Gly,Et_Gly.F.Me_dL.Me_dL.Me_dL.P,-4.597323869807157,0.998940014114326,0.2465531880430919,0.023678291087748875,-3.7275800224863147,0.09240449157043179,1.0,0.508038258038258,0.7872580836087079,0.6960261923829179,F.Me_dL.P.Nle.Me_dL.Et_Gly,"PEPTIDE8{F.[Me_dL].P.[Me_dL].[Me_dL].[Et_Gly]}$PEPTIDE8,PEPTIDE8,1:R1-6:R2$$$",1,focused_refinement
6,0.8333333333333334,0.3333333333333333,0.5,0.0,0.16666666666666666,132.53466666666668,20.280751857090724,163.22,23.24,4.14364573775317,29.1,0.8035166666666665,0.37072785353799476,1.1616,0.5500074403333334,0.06547586686775525,0.671232567,0.7567460316666667,0.20591300045388317,0.875,9.333333333333334,1.5986105077709065,12.0,2.0,0.0,2.0,0.3333333333333333,0.4714045207910317,1.0,0.16666666666666666,0.372677996249965,1.0,Pr_Gly.L.meL.meA.meL.F,F.L.Pr_Gly.meA.meL.meL,-4.652246819912953,0.9841376734846886,0.2635468731673689,0.1047610466785086,-3.8260728446815766,0.18678768233263407,1.0,0.508038258038258,0.730829651349703,0.6891175049148701,Pr_Gly.dL.meL.meA.meL.F,"PEPTIDE9{[Pr_Gly].L.[meL].[meA].[meL].F}$PEPTIDE9,PEPTIDE9,1:R1-6:R2$$$",1,focused_refinement
6,0.8333333333333334,0.3333333333333333,0.3333333333333333,0.16666666666666666,0.0,134.5365,17.483930676957815,163.22,23.24,4.14364573775317,29.1,0.8275333333333332,0.32898521581101814,1.1616,0.5490466435,0.06680556534028723,0.671232567,0.7623015871666666,0.20744899224587943,0.875,9.5,1.3844373104863459,12.0,2.0,0.0,2.0,0.3333333333333333,0.4714045207910317,1.0,0.3333333333333333,0.4714045207910317,1.0,Pr_Gly.dF.meL.P.L.meL,L.P.Pr_Gly.dF.meL.meL,-4.8803281527084055,0.9929560168086938,0.10079841949531652,0.076554107415379,-3.9569098725012144,0.12591329777586838,1.0,0.9589762089762089,0.8493632766253467,0.6886264815681882,Pr_Gly.dF.meL.P.L.meL,"PEPTIDE10{[Pr_Gly].[dF].[meL].P.L.[meL]}$PEPTIDE10,PEPTIDE10,1:R1-6:R2$$$",1,focused_refinement
6,1.0,0.3333333333333333,0.5,0.0,0.16666666666666666,134.53650000000002,20.90117184713176,163.22,21.775000000000002,3.2758395870371926,29.1,0.8435666666666667,0.45948222550557444,1.3073,0.5167392206666667,0.08555439481303531,0.671232567,0.7597222221666665,0.2074657862418688,0.875,9.5,1.6072751268321592,12.0,2.0,0.0,2.0,0.16666666666666666,0.372677996249965,1.0,0.3333333333333333,0.4714045207910317,1.0,Me_dA.pentyl_Gly.Me_dL.P.meL.F,F.Me_dA.Me_dL.P.meL.pentyl_Gly,-4.698896805009804,0.9911856217737943,0.21903991119278204,0.05411417615799761,-3.8307596828719,0.2051217663782546,1.0,0.508038258038258,0.7854508813468387,0.6847785186974453,Me_dA.Me_dL.Me_dL.P.meL.F,"PEPTIDE11{[Me_dA].[pentyl_Gly].[Me_dL].P.[meL].F}$PEPTIDE11,PEPTIDE11,1:R1-6:R2$$$",1,focused_refinement
6,0.8333333333333334,0.3333333333333333,0.5,0.16666666666666666,0.0,126.52916666666665,15.248070450788916,143.23,23.24,4.14364573775317,29.1,0.7294833333333334,0.3968710219398181,1.1616,0.5258745545000001,0.04864534960611399,0.569266198,0.8496031745,0.026232529990672146,0.875,8.833333333333334,1.0671873729054748,10.0,2.0,0.0,2.0,0.3333333333333333,0.4714045207910317,1.0,0.16666666666666666,0.372677996249965,1.0,meA.meL.meL.P.dL.L,L.P.dL.meA.meL.meL,-4.787444842097171,0.9831516996149973,0.27178917128716057,0.1003914465704599,-3.9652855897683694,0.1591387312868255,1.0,0.7605635105635105,0.7287670347372314,0.6828484178112153,iBu_Gly.meL.meL.P.dL.L,"PEPTIDE12{[meA].[meL].[meL].P.[dL].L}$PEPTIDE12,PEPTIDE12,1:R1-6:R2$$$",1,focused_refinement
6,0.8333333333333334,0.3333333333333333,0.5,0.16666666666666666,0.0,126.52916666666665,15.248070450788918,143.23,23.24,4.14364573775317,29.1,0.7294833333333334,0.3968710219398181,1.1616,0.5258745545000001,0.04864534960611399,0.569266198,0.8496031745000002,0.026232529990672146,0.875,8.833333333333334,1.0671873729054748,10.0,2.0,0.0,2.0,0.3333333333333333,0.4714045207910317,1.0,0.16666666666666666,0.372677996249965,1.0,Me_dA.Me_dL.dL.P.Me_dL.L,L.Me_dA.Me_dL.Me_dL.P.dL,-4.787444842097171,0.9831516996149973,0.27178917128716057,0.1003914465704599,-3.9652855897683694,0.14791740029773368,1.0,0.7605635105635105,0.7287670347372314,0.6810530048529606,dP.Me_dL.dL.P.Me_dL.L,"PEPTIDE13{[Me_dA].[Me_dL].[dL].P.[Me_dL].L}$PEPTIDE13,PEPTIDE13,1:R1-6:R2$$$",1,focused_refinement
6,0.6666666666666666,0.3333333333333333,0.5,0.16666666666666666,0.0,126.52916666666665,15.248070450788918,143.23,23.24,4.14364573775317,29.1,0.7294833333333334,0.3968710219398181,1.1616,0.5258745545000001,0.04864534960611399,0.569266198,0.8496031745000002,0.026232529990672146,0.875,8.833333333333334,1.0671873729054748,10.0,2.0,0.0,2.0,0.3333333333333333,0.4714045207910317,1.0,0.16666666666666666,0.372677996249965,1.0,meA.Me_dL.L.dP.Me_dL.L,L.L.Me_dL.Me_dL.dP.meA,-4.783348214096418,0.9840995318649605,0.2913580097323839,0.09963794797410704,-3.9698371740911766,0.14137718794211598,1.0,0.7605635105635105,0.7189093501384612,0.680839372630681,Me_dA.Me_dL.L.dP.Me_dL.L,"PEPTIDE14{[meA].[Me_dL].L.[dP].[Me_dL].L}$PEPTIDE14,PEPTIDE14,1:R1-6:R2$$$",1,focused_refinement
6,0.8333333333333334,0.3333333333333333,0.5,0.16666666666666666,0.0,126.52916666666665,15.248070450788918,143.23,23.24,4.14364573775317,29.1,0.7294833333333334,0.3968710219398181,1.1616,0.5258745545000001,0.04864534960611399,0.569266198,0.8496031745000002,0.026232529990672146,0.875,8.833333333333334,1.0671873729054748,10.0,2.0,0.0,2.0,0.3333333333333333,0.4714045207910317,1.0,0.16666666666666666,0.372677996249965,1.0,Me_dA.Me_dL.L.dP.meL.L,L.L.Me_dA.Me_dL.dP.meL,-4.787444842097171,0.9831516996149973,0.27178917128716057,0.1003914465704599,-3.9652855897683694,0.14617576601470025,1.0,0.7605635105635105,0.7287670347372314,0.6807743433676754,Me_dA.Me_dL.L.dP.Me_dL.L,"PEPTIDE15{[Me_dA].[Me_dL].L.[dP].[meL].L}$PEPTIDE15,PEPTIDE15,1:R1-6:R2$$$",1,focused_refinement
6,0.8333333333333334,0.3333333333333333,0.5,0.0,0.0,132.19866666666667,20.580048588108067,163.22,21.775000000000002,3.2758395870371926,29.1,0.8124666666666668,0.45481968466146616,1.3173,0.5349599836666666,0.05972904285942178,0.623778773,0.7567460316666668,0.20591300045388317,0.875,9.333333333333334,1.5986105077709065,12.0,2.0,0.0,2.0,0.16666666666666666,0.372677996249965,1.0,0.3333333333333333,0.4714045207910317,1.0,Me_dA.Bn_Gly.meL.P.meL.L,Bn_Gly.L.Me_dA.P.meL.meL,-4.673244185901196,0.9916727263760442,0.26378230377987233,0.07156193813331056,-3.8313530959484154,0.1495228441428579,1.0,0.508038258038258,0.7488705673132448,0.680568357642704,Pr_Gly.Mono38.meL.P.meL.L,"PEPTIDE16{[Me_dA].[Bn_Gly].[meL].P.[meL].L}$PEPTIDE16,PEPTIDE16,1:R1-6:R2$$$",1,focused_refinement
6,0.6666666666666666,0.3333333333333333,0.5,0.16666666666666666,0.0,126.52916666666668,15.248070450788918,143.23,23.24,4.14364573775317,29.1,0.7294833333333334,0.39687102193981805,1.1616,0.5258745545,0.04864534960611399,0.569266198,0.8496031745,0.026232529990672146,0.875,8.833333333333334,1.0671873729054748,10.0,2.0,0.0,2.0,0.3333333333333333,0.4714045207910317,1.0,0.16666666666666666,0.372677996249965,1.0,meA.L.L.dP.meL.meL,L.L.dP.meA.meL.meL,-4.783348214096418,0.9840995318649605,0.2913580097323839,0.09963794797410704,-3.9698371740911766,0.1340976687111498,1.0,0.7605635105635105,0.7189093501384612,0.6796746495537263,meA.L.L.dP.meL.meL,"PEPTIDE17{[meA].L.L.[dP].[meL].[meL]}$PEPTIDE17,PEPTIDE17,1:R1-6:R2$$$",1,focused_refinement
6,1.0,0.5,0.3333333333333333,0.0,0.16666666666666666,134.53650000000002,17.48393067695782,163.22,23.24,4.14364573775317,29.1,0.8275333333333332,0.3289852158110182,1.1616,0.5490466435,0.06680556534028723,0.671232567,0.7623015871666667,0.20744899224587943,0.875,9.5,1.3844373104863459,12.0,2.0,0.0,2.0,0.3333333333333333,0.4714045207910317,1.0,0.3333333333333333,0.4714045207910317,1.0,Pr_Gly.L.Me_dL.P.meL.F,F.L.Me_dL.P.Pr_Gly.meL,-4.774080071182081,0.9996108490566038,0.05592425035558139,0.008692973594595872,-3.8046045907019166,0.21184230287781483,1.0,0.508038258038258,0.9393047355457764,0.676195483275291,Pr_Gly.L.Me_dL.P.meL.F,"PEPTIDE18{[Pr_Gly].L.[Me_dL].P.[meL].F}$PEPTIDE18,PEPTIDE18,1:R1-6:R2$$$",1,focused_refinement
6,0.8333333333333334,0.3333333333333333,0.5,0.0,0.0,132.19866666666667,20.580048588108067,163.22,21.775000000000002,3.2758395870371926,29.1,0.8124666666666666,0.45481968466146616,1.3173,0.5349599836666666,0.05972904285942178,0.623778773,0.7567460316666668,0.20591300045388317,0.875,9.333333333333334,1.5986105077709065,12.0,2.0,0.0,2.0,0.16666666666666666,0.372677996249965,1.0,0.3333333333333333,0.4714045207910317,1.0,L.Bn_Gly.Me_dL.P.Me_dL.meA,Bn_Gly.L.Me_dL.Me_dL.P.meA,-4.673244185901196,0.9916727263760442,0.26378230377987233,0.07156193813331056,-3.8313530959484154,0.1173764369395706,1.0,0.508038258038258,0.7488705673132448,0.675424932490178,L.dL.Me_dL.P.Me_dL.meA,"PEPTIDE19{L.[Bn_Gly].[Me_dL].P.[Me_dL].[meA]}$PEPTIDE19,PEPTIDE19,1:R1-6:R2$$$",1,focused_refinement
6,0.6666666666666666,0.3333333333333333,0.3333333333333333,0.16666666666666666,0.0,128.53099999999998,12.285219113498407,143.23,23.24,4.14364573775317,29.1,0.7775166666666666,0.3713545539268668,1.1616,0.5233959188333333,0.04871109028870649,0.569266198,0.85515873,0.017068105825121485,0.875,9.0,0.816496580927726,10.0,2.0,0.0,2.0,0.3333333333333333,0.4714045207910317,1.0,0.3333333333333333,0.4714045207910317,1.0,Nle.Me_dL.Me_dL.P.dL.P,Me_dL.Me_dL.Nle.P.P.dL,-4.91639746307811,0.975837533307504,0.267836681437487,0.12350306446444041,-4.105354036605459,0.12697782633712507,1.0,0.9589762089762089,0.7187317137639564,0.6614153980531057,Nle.Me_dL.Me_dL.P.Bn_Gly.P,"PEPTIDE20{[Nle].[Me_dL].[Me_dL].P.[dL].P}$PEPTIDE20,PEPTIDE20,1:R1-6:R2$$$",1,focused_refinement
6,0.6666666666666666,0.3333333333333333,0.3333333333333333,0.0,0.0,131.86266666666666,19.234254224054425,163.22,20.31,0.0,20.31,0.7877666666666666,0.4367542011500544,1.3173,0.5221114703333334,0.0598551454650512,0.623778773,0.7583333331666666,0.20581815052640792,0.875,9.333333333333334,1.4907119849998596,12.0,2.0,0.0,2.0,0.0,0.0,0.0,0.5,0.5,1.0,Pr_Gly.meL.meL.P.Bn_Gly.P,Bn_Gly.P.P.Pr_Gly.meL.meL,-4.78763765789582,0.9541793553119892,0.31363482044881147,0.18185263722674677,-4.035738872114923,0.14723310920726654,1.0,0.7064509564509563,0.6686782927315911,0.6604592969494782,Pr_Gly.meL.meL.P.Bn_Gly.P,"PEPTIDE21{[Pr_Gly].[meL].[meL].P.[Bn_Gly].P}$PEPTIDE21,PEPTIDE21,1:R1-6:R2$$$",1,focused_refinement
6,0.8333333333333334,0.3333333333333333,0.3333333333333333,0.16666666666666666,0.0,128.53099999999998,12.285219113498407,143.23,23.24,4.14364573775317,29.1,0.7775166666666666,0.3713545539268668,1.1616,0.5233959188333333,0.04871109028870649,0.569266198,0.85515873,0.017068105825121485,0.875,9.0,0.816496580927726,10.0,2.0,0.0,2.0,0.3333333333333333,0.4714045207910317,1.0,0.3333333333333333,0.4714045207910317,1.0,Nle.meL.meL.P.dP.L,L.Nle.P.dP.meL.meL,-4.931747682572459,0.9735726561683112,0.2593800693014989,0.13235692606824204,-4.120954292571956,0.15302651910738277,1.0,0.9589762089762089,0.7185265630840915,0.6596175682500545,Nle.meL.meL.P.dP.F,"PEPTIDE22{[Nle].[meL].[meL].P.[dP].L}$PEPTIDE22,PEPTIDE22,1:R1-6:R2$$$",1,focused_refinement
6,0.6666666666666666,0.3333333333333333,0.3333333333333333,0.16666666666666666,0.0,128.531,12.285219113498409,143.23,23.24,4.14364573775317,29.1,0.7775166666666667,0.3713545539268668,1.1616,0.5233959188333333,0.04871109028870649,0.569266198,0.85515873,0.01706810582512148,0.875,9.0,0.816496580927726,10.0,2.0,0.0,2.0,0.3333333333333333,0.4714045207910317,1.0,0.3333333333333333,0.4714045207910317,1.0,P.Nle.dL.P.meL.meL,Nle.P.P.dL.meL.meL,-4.91639746307811,0.975837533307504,0.267836681437487,0.12350306446444041,-4.105354036605459,0.1132005502232476,1.0,0.9589762089762089,0.7187317137639564,0.6592110338748853,P.Nle.dL.P.meL.meL,"PEPTIDE23{P.[Nle].[dL].P.[meL].[meL]}$PEPTIDE23,PEPTIDE23,1:R1-6:R2$$$",1,focused_refinement
6,0.8333333333333334,0.3333333333333333,0.5,0.0,0.0,128.867,16.50251281875985,143.23,21.775000000000002,3.2758395870371926,29.1,0.7867833333333335,0.4285792825007864,1.1616,0.5244266906666667,0.04411963821772016,0.569266198,0.852579365,0.027880337911008128,0.875,9.0,1.1547005383792515,10.0,2.0,0.0,2.0,0.16666666666666666,0.372677996249965,1.0,0.16666666666666666,0.372677996249965,1.0,L.Me_dL.meL.P.meL.Et_Gly,Et_Gly.L.Me_dL.P.meL.meL,-4.708207352766512,0.9538850967880946,0.31478235813512123,0.18423988447119297,-3.957773406163776,0.1752864286240101,1.0,0.508038258038258,0.6671015089551465,0.6587703034177148,L.Me_dL.meL.P.meL.Et_Gly,"PEPTIDE24{L.[Me_dL].[meL].P.[meL].[Et_Gly]}$PEPTIDE24,PEPTIDE24,1:R1-6:R2$$$",1,focused_refinement
6,0.6666666666666666,0.3333333333333333,0.3333333333333333,0.0,0.0,131.86266666666668,19.234254224054425,163.22,20.31,0.0,20.31,0.7877666666666667,0.4367542011500544,1.3173,0.5221114703333333,0.0598551454650512,0.623778773,0.7583333331666666,0.20581815052640792,0.875,9.333333333333334,1.4907119849998596,12.0,2.0,0.0,2.0,0.0,0.0,0.0,0.5,0.5,1.0,P.Me_dL.Me_dL.P.Bn_Gly.Pr_Gly,Bn_Gly.Me_dL.Me_dL.P.P.Pr_Gly,-4.78763765789582,0.9541793553119892,0.31363482044881147,0.18185263722674677,-4.035738872114923,0.11892680648919167,1.0,0.7064509564509563,0.6686782927315911,0.6559302885145863,P.Me_dL.Me_dL.L.pentyl_Gly.Pr_Gly,"PEPTIDE25{P.[Me_dL].[Me_dL].P.[Bn_Gly].[Pr_Gly]}$PEPTIDE25,PEPTIDE25,1:R1-6:R2$$$",1,focused_refinement
6,0.6666666666666666,0.3333333333333333,0.5,0.0,0.0,126.86516666666665,14.96943727974509,143.23,23.24,4.14364573775317,29.1,0.77075,0.3590023293796295,1.1616,0.5330130455000001,0.040135284828337586,0.569266198,0.8496031745,0.026232529990672146,0.875,8.833333333333334,1.0671873729054748,10.0,2.0,0.0,2.0,0.3333333333333333,0.4714045207910317,1.0,0.0,0.0,0.0,Me_dA.Pr_Gly.meL.L.meL.L,L.L.Me_dA.Pr_Gly.meL.meL,-4.6891130711233195,0.9595723731311476,0.3438003197708584,0.17540594776713395,-3.9452923448193844,0.11661999307279047,1.0,0.508038258038258,0.6582384639714449,0.6557583771080866,Me_dA.Pr_Gly.meL.L.meL.F,"PEPTIDE26{[Me_dA].[Pr_Gly].[meL].L.[meL].L}$PEPTIDE26,PEPTIDE26,1:R1-6:R2$$$",1,focused_refinement
6,0.6666666666666666,0.3333333333333333,0.5,0.0,0.0,126.86516666666667,14.96943727974509,143.23,23.24,4.14364573775317,29.1,0.7707499999999999,0.3590023293796295,1.1616,0.5330130455000001,0.040135284828337586,0.569266198,0.8496031744999999,0.026232529990672146,0.875,8.833333333333334,1.0671873729054748,10.0,2.0,0.0,2.0,0.3333333333333333,0.4714045207910317,1.0,0.0,0.0,0.0,Pr_Gly.L.Me_dL.L.Me_dL.meA,L.L.Me_dL.Me_dL.Pr_Gly.meA,-4.6891130711233195,0.9595723731311476,0.3438003197708584,0.17540594776713395,-3.9452923448193844,0.10295285318029224,1.0,0.508038258038258,0.6582384639714449,0.6535716347252869,Pr_Gly.L.L.meL.Me_dL.meA,"PEPTIDE27{[Pr_Gly].L.[Me_dL].L.[Me_dL].[meA]}$PEPTIDE27,PEPTIDE27,1:R1-6:R2$$$",1,focused_refinement
6,0.8333333333333334,0.3333333333333333,0.3333333333333333,0.16666666666666666,0.16666666666666666,134.20049999999998,17.867920078080342,163.22,21.775000000000002,3.2758395870371926,29.1,0.7785500000000001,0.3759363011202828,1.1616,0.5341214343333333,0.0729693772740503,0.671232567,0.7623015871666667,0.20744899224587943,0.875,9.5,1.3844373104863459,12.0,2.0,0.0,2.0,0.16666666666666666,0.372677996249965,1.0,0.5,0.5,1.0,F.meL.meL.dP.P.iBu_Gly,F.P.dP.iBu_Gly.meL.meL,-4.947827077390359,0.9760475480059803,0.2351637615092783,0.12431549414710523,-4.120440283675794,0.1361600293478385,1.0,0.9589762089762089,0.7355757697951634,0.6532692114571987,F.meL.meL.Nle.P.iBu_Gly,"PEPTIDE28{F.[meL].[meL].[dP].P.[iBu_Gly]}$PEPTIDE28,PEPTIDE28,1:R1-6:R2$$$",1,focused_refinement
6,0.6666666666666666,0.3333333333333333,0.3333333333333333,0.16666666666666666,0.0,128.867,11.881152160740411,143.23,23.24,4.14364573775317,29.1,0.7947666666666667,0.31819600179065033,1.1616,0.5320522486666667,0.0418817285355153,0.569266198,0.8551587299999999,0.01706810582512148,0.875,9.0,0.816496580927726,10.0,2.0,0.0,2.0,0.3333333333333333,0.4714045207910317,1.0,0.16666666666666666,0.372677996249965,1.0,L.meL.L.dP.meL.Pr_Gly,L.L.Pr_Gly.dP.meL.meL,-4.934765488934608,0.9720721692202388,0.30133041785534587,0.13494782338168018,-4.147095484487462,0.13293345414956517,1.0,0.9589762089762089,0.6962439249505918,0.6532027747454925,L.pentyl_Gly.L.dP.meL.Pr_Gly,"PEPTIDE29{L.[meL].L.[dP].[meL].[Pr_Gly]}$PEPTIDE29,PEPTIDE29,1:R1-6:R2$$$",1,focused_refinement
6,0.6666666666666666,0.3333333333333333,0.5,0.0,0.0,129.203,14.026999999999997,143.23,23.24,4.14364573775317,29.1,0.81175,0.34250309852613015,1.1616,0.5371140438333333,0.037513493495264984,0.569266198,0.8535714285,0.025253813603703733,0.875,9.0,1.0,10.0,2.0,0.0,2.0,0.3333333333333333,0.4714045207910317,1.0,0.0,0.0,0.0,Me_dA.iBu_Gly.meL.L.meL.L,L.L.Me_dA.iBu_Gly.meL.meL,-4.700162663475413,0.9609174361954635,0.35208504638253607,0.17104126436823755,-3.958048066563277,0.11545464566733753,1.0,0.508038258038258,0.6565443672935332,0.6524751047373125,Me_dA.iBu_Gly.meL.L.meL.L,"PEPTIDE30{[Me_dA].[iBu_Gly].[meL].L.[meL].L}$PEPTIDE30,PEPTIDE30,1:R1-6:R2$$$",1,focused_refinement
6,0.6666666666666666,0.3333333333333333,0.5,0.16666666666666666,0.0,130.86883333333333,13.468332492884514,143.23,21.775000000000002,3.2758395870371926,29.1,0.8105333333333333,0.39450704119895696,1.1616,0.521763745,0.04760338493618237,0.569266198,0.8581349205,0.01863918093091497,0.875,9.166666666666666,0.8975274678557508,10.0,2.0,0.0,2.0,0.16666666666666666,0.372677996249965,1.0,0.3333333333333333,0.4714045207910317,1.0,dL.Me_dL.meL.P.meL.P,Me_dL.P.P.dL.meL.meL,-4.846759191478235,0.962777485613675,0.35272060525799953,0.1550324551820233,-4.099100122289066,0.16154829254317507,1.0,0.7605635105635105,0.6632385807979457,0.6524026901982272,dL.Me_dL.meL.P.meL.P,"PEPTIDE31{[dL].[Me_dL].[meL].P.[meL].P}$PEPTIDE31,PEPTIDE31,1:R1-6:R2$$$",1,focused_refinement
6,0.6666666666666666,0.3333333333333333,0.3333333333333333,0.16666666666666666,0.0,134.2005,17.867920078080342,163.22,21.775000000000002,3.2758395870371926,29.1,0.7785500000000001,0.3759363011202828,1.1616,0.5341214343333333,0.0729693772740503,0.671232567,0.7623015871666667,0.20744899224587943,0.875,9.5,1.3844373104863459,12.0,2.0,0.0,2.0,0.16666666666666666,0.372677996249965,1.0,0.5,0.5,1.0,dF.P.meL.P.meL.iBu_Gly,P.P.dF.iBu_Gly.meL.meL,-4.935647370998213,0.9668614905533565,0.2843899474541143,0.15166003820125884,-4.148895863722228,0.13226267600262706,1.0,0.9589762089762089,0.6963545907098965,0.6515451928379021,dF.P.meL.P.meL.dL,"PEPTIDE32{[dF].P.[meL].P.[meL].[iBu_Gly]}$PEPTIDE32,PEPTIDE32,1:R1-6:R2$$$",1,focused_refinement
6,0.6666666666666666,0.3333333333333333,0.5,0.0,0.0,130.86883333333333,13.468332492884514,143.23,20.31,0.0,20.31,0.8028166666666666,0.3947109044041671,1.1616,0.5139770268333334,0.042772312644340144,0.550366122,0.8581349205,0.01863918093091497,0.875,9.166666666666666,0.8975274678557508,10.0,2.0,0.0,2.0,0.0,0.0,0.0,0.3333333333333333,0.4714045207910317,1.0,iBu_Gly.meL.meL.P.Me_dL.P,Me_dL.P.P.iBu_Gly.meL.meL,-4.706805028499277,0.9485516850103823,0.3666354610472609,0.18760342547102266,-3.988471930380281,0.14543830668503765,1.0,0.508038258038258,0.6434017374511473,0.6512456117875387,iBu_Gly.meL.meL.P.dL.L,"PEPTIDE33{[iBu_Gly].[meL].[meL].P.[Me_dL].P}$PEPTIDE33,PEPTIDE33,1:R1-6:R2$$$",1,focused_refinement
6,0.6666666666666666,0.3333333333333333,0.5,0.16666666666666666,0.0,130.86883333333333,13.468332492884514,143.23,21.775000000000002,3.2758395870371926,29.1,0.8105333333333333,0.39450704119895696,1.1616,0.521763745,0.04760338493618237,0.569266198,0.8581349205,0.01863918093091497,0.875,9.166666666666666,0.8975274678557507,10.0,2.0,0.0,2.0,0.16666666666666666,0.372677996249965,1.0,0.3333333333333333,0.4714045207910317,1.0,L.Me_dL.Me_dL.P.dP.Me_dL,L.Me_dL.Me_dL.Me_dL.P.dP,-4.846759191478235,0.962777485613675,0.35272060525799953,0.1550324551820233,-4.099100122289066,0.1522647094689593,1.0,0.7605635105635105,0.6632385807979457,0.6509173169063525,L.Me_dL.meL.P.dP.Me_dL,"PEPTIDE34{L.[Me_dL].[Me_dL].P.[dP].[Me_dL]}$PEPTIDE34,PEPTIDE34,1:R1-6:R2$$$",1,focused_refinement
6,0.6666666666666666,0.3333333333333333,0.5,0.0,0.0,129.203,14.026999999999997,143.23,23.24,4.14364573775317,29.1,0.8117500000000001,0.3425030985261301,1.1616,0.5371140438333333,0.037513493495264984,0.569266198,0.8535714285,0.025253813603703733,0.875,9.0,1.0,10.0,2.0,0.0,2.0,0.3333333333333333,0.4714045207910317,1.0,0.0,0.0,0.0,L.Me_dL.L.Me_dA.Me_dL.iBu_Gly,L.L.Me_dA.Me_dL.Me_dL.iBu_Gly,-4.700162663475413,0.9609174361954635,0.35208504638253607,0.17104126436823755,-3.958048066563277,0.1022499497089633,1.0,0.508038258038258,0.6565443672935332,0.6503623533839726,L.Me_dL.L.Me_dA.Me_dL.iBu_Gly,"PEPTIDE35{L.[Me_dL].L.[Me_dA].[Me_dL].[iBu_Gly]}$PEPTIDE35,PEPTIDE35,1:R1-6:R2$$$",1,focused_refinement
6,0.6666666666666666,0.3333333333333333,0.5,0.0,0.0,124.52733333333333,17.49474272142602,143.23,23.24,4.14364573775317,29.1,0.7057333333333333,0.42626415388686967,1.1616,0.5285375001666667,0.04499929480216527,0.569266198,0.844047619,0.03198816389132582,0.875,8.666666666666666,1.247219128924647,10.0,2.0,0.0,2.0,0.3333333333333333,0.4714045207910317,1.0,0.0,0.0,0.0,meA.L.meL.Et_Gly.meL.L,Et_Gly.L.L.meA.meL.meL,-4.694057503871942,0.9416502434255378,0.3680258651486373,0.2046510126349051,-3.987582946179449,0.12298446978708649,1.0,0.508038258038258,0.6358585251214182,0.649224138650448,meA.Nle.meL.Et_Gly.meL.L,"PEPTIDE36{[meA].L.[meL].[Et_Gly].[meL].L}$PEPTIDE36,PEPTIDE36,1:R1-6:R2$$$",1,focused_refinement
6,0.6666666666666666,0.3333333333333333,0.5,0.0,0.0,124.52733333333333,17.49474272142602,143.23,23.24,4.14364573775317,29.1,0.7057333333333334,0.42626415388686967,1.1616,0.5285375001666667,0.04499929480216527,0.569266198,0.8440476189999999,0.03198816389132582,0.875,8.666666666666666,1.247219128924647,10.0,2.0,0.0,2.0,0.3333333333333333,0.4714045207910317,1.0,0.0,0.0,0.0,meA.Me_dL.L.L.Me_dL.Et_Gly,Et_Gly.L.L.Me_dL.Me_dL.meA,-4.694057503871942,0.9416502434255378,0.3680258651486373,0.2046510126349051,-3.987582946179449,0.1227795604024829,1.0,0.508038258038258,0.6358585251214182,0.6491913531489115,meA.Me_dL.bHph.L.Me_dL.P,"PEPTIDE37{[meA].[Me_dL].L.L.[Me_dL].[Et_Gly]}$PEPTIDE37,PEPTIDE37,1:R1-6:R2$$$",1,focused_refinement
6,0.8333333333333334,0.3333333333333333,0.5,0.0,0.16666666666666666,137.21033333333335,18.928589793102798,163.22,23.24,4.14364573775317,29.1,0.93355,0.38742188782600634,1.3073,0.5357654281666667,0.08236720712259778,0.671232567,0.7636904761666666,0.20905741515195536,0.875,9.666666666666666,1.4907119849998598,12.0,2.0,0.0,2.0,0.3333333333333333,0.4714045207910317,1.0,0.16666666666666666,0.372677996249965,1.0,Me_dA.pentyl_Gly.meL.L.meL.F,F.L.Me_dA.meL.meL.pentyl_Gly,-4.750435450895504,0.9674589996385305,0.4049139031706309,0.15620731169671676,-4.024485230766468,0.19143477995796387,1.0,0.508038258038258,0.6405652491789195,0.6491486252057346,Me_dA.pentyl_Gly.meL.L.dP.F,"PEPTIDE38{[Me_dA].[pentyl_Gly].[meL].L.[meL].F}$PEPTIDE38,PEPTIDE38,1:R1-6:R2$$$",1,focused_refinement
6,0.8333333333333334,0.3333333333333333,0.3333333333333333,0.16666666666666666,0.0,126.52916666666665,20.718599891696883,143.23,23.24,4.14364573775317,29.1,0.7537666666666666,0.5463485049754313,1.3073,0.5016281025000001,0.05817115704246057,0.569266198,0.8442460316666668,0.04473095364794072,0.875,8.833333333333334,1.4624940645653535,10.0,2.0,0.0,2.0,0.3333333333333333,0.4714045207910317,1.0,0.16666666666666666,0.372677996249965,1.0,dA.pentyl_Gly.meL.P.meL.L,L.P.dA.meL.meL.pentyl_Gly,-4.938879319337548,0.9475803233695982,0.22870911644578693,0.17395591048198253,-4.149142531811339,0.144424562369057,1.0,0.9589762089762089,0.7129285900784744,0.6490603123024818,dA.Me_dL.meL.P.Me_dL.L,"PEPTIDE39{[dA].[pentyl_Gly].[meL].P.[meL].L}$PEPTIDE39,PEPTIDE39,1:R1-6:R2$$$",1,focused_refinement
6,0.6666666666666666,0.3333333333333333,0.5,0.0,0.0,124.52733333333333,17.49474272142602,143.23,23.24,4.14364573775317,29.1,0.7057333333333334,0.42626415388686967,1.1616,0.5285375001666667,0.04499929480216527,0.569266198,0.8440476189999999,0.03198816389132582,0.875,8.666666666666666,1.247219128924647,10.0,2.0,0.0,2.0,0.3333333333333333,0.4714045207910317,1.0,0.0,0.0,0.0,Me_dA.Me_dL.L.L.Me_dL.Et_Gly,Et_Gly.L.L.Me_dA.Me_dL.Me_dL,-4.694057503871942,0.9416502434255378,0.3680258651486373,0.2046510126349051,-3.987582946179449,0.12034923056593533,1.0,0.508038258038258,0.6358585251214182,0.6488025003750639,Mono34.Me_dL.L.L.Me_dL.Et_Gly,"PEPTIDE40{[Me_dA].[Me_dL].L.L.[Me_dL].[Et_Gly]}$PEPTIDE40,PEPTIDE40,1:R1-6:R2$$$",1,focused_refinement
6,0.8333333333333334,0.3333333333333333,0.3333333333333333,0.16666666666666666,0.0,126.52916666666665,20.718599891696883,143.23,23.24,4.14364573775317,29.1,0.7537666666666666,0.5463485049754313,1.3073,0.5016281024999999,0.05817115704246057,0.569266198,0.8442460316666667,0.044730953647940705,0.875,8.833333333333334,1.4624940645653537,10.0,2.0,0.0,2.0,0.3333333333333333,0.4714045207910317,1.0,0.16666666666666666,0.372677996249965,1.0,A.pentyl_Gly.meL.P.dL.meL,A.P.dL.meL.meL.pentyl_Gly,-4.938879319337548,0.9475803233695982,0.22870911644578693,0.17395591048198253,-4.149142531811339,0.14049875563997824,1.0,0.9589762089762089,0.7129285900784744,0.6484321832258291,A.cHexCH2_Gly.meL.P.dL.meL,"PEPTIDE41{A.[pentyl_Gly].[meL].P.[dL].[meL]}$PEPTIDE41,PEPTIDE41,1:R1-6:R2$$$",1,focused_refinement
6,0.6666666666666666,0.3333333333333333,0.5,0.0,0.0,136.53833333333333,17.978410586651485,163.22,20.31,0.0,20.31,0.8935166666666666,0.4376511678520031,1.3173,0.5308491741666667,0.05951443284652695,0.623778773,0.7652777776666667,0.20891123547062804,0.875,9.666666666666666,1.3743685418725535,12.0,2.0,0.0,2.0,0.0,0.0,0.0,0.5,0.5,1.0,meL.Me_dL.meL.P.Bn_Gly.P,Bn_Gly.Me_dL.P.P.meL.meL,-4.730039385336877,0.9512990824966019,0.2949590558276768,0.19419061823315104,-3.974767485312401,0.1414226945853485,1.0,0.508038258038258,0.6715241707524644,0.6463008915019179,meL.Me_dL.meL.P.Mono38.P,"PEPTIDE42{[meL].[Me_dL].[meL].P.[Bn_Gly].P}$PEPTIDE42,PEPTIDE42,1:R1-6:R2$$$",1,focused_refinement
6,0.8333333333333334,0.3333333333333333,0.3333333333333333,0.16666666666666666,0.0,126.52916666666665,20.718599891696883,143.23,23.24,4.14364573775317,29.1,0.7537666666666666,0.5463485049754313,1.3073,0.5016281025000001,0.05817115704246057,0.569266198,0.8442460316666668,0.04473095364794072,0.875,8.833333333333334,1.4624940645653535,10.0,2.0,0.0,2.0,0.3333333333333333,0.4714045207910317,1.0,0.16666666666666666,0.372677996249965,1.0,A.pentyl_Gly.Me_dL.dP.Me_dL.L,A.L.Me_dL.Me_dL.dP.pentyl_Gly,-4.938879319337548,0.9475803233695982,0.22870911644578693,0.17395591048198253,-4.149142531811339,0.11922345215150781,1.0,0.9589762089762089,0.7129285900784744,0.6450281346676738,A.Me_dL.Me_dL.dP.Me_dL.L,"PEPTIDE43{A.[pentyl_Gly].[Me_dL].[dP].[Me_dL].L}$PEPTIDE43,PEPTIDE43,1:R1-6:R2$$$",1,focused_refinement
6,0.8333333333333334,0.3333333333333333,0.3333333333333333,0.16666666666666666,0.0,134.2005,17.867920078080342,163.22,23.24,4.14364573775317,29.1,0.8102833333333331,0.38212201112849925,1.1616,0.5403903136666667,0.07332048053864461,0.671232567,0.7623015871666667,0.20744899224587943,0.875,9.5,1.3844373104863459,12.0,2.0,0.0,2.0,0.3333333333333333,0.47140452079103173,1.0,0.5,0.5,1.0,dF.Nle.meL.Me_dL.P.P,Me_dL.Nle.P.P.dF.meL,-4.932666839074926,0.9600207983537172,0.21952995635182138,0.160403292103314,-4.122511841922948,0.08058988033448795,1.0,0.9589762089762089,0.7246727340757397,0.6449447486689519,meA.Nle.meL.Me_dL.P.P,"PEPTIDE44{[dF].[Nle].[meL].[Me_dL].P.P}$PEPTIDE44,PEPTIDE44,1:R1-6:R2$$$",1,focused_refinement
6,0.8333333333333334,0.3333333333333333,0.5,0.0,0.16666666666666666,134.8725,18.90695322493817,163.22,23.24,4.14364573775317,29.1,0.8445166666666667,0.3509671989263701,1.1616,0.5541084386666666,0.06280224739829376,0.671232567,0.7607142856666665,0.20757344407388406,0.875,9.5,1.5,12.0,2.0,0.0,2.0,0.3333333333333333,0.4714045207910317,1.0,0.16666666666666666,0.372677996249965,1.0,iBu_Gly.meA.Me_dL.L.Me_dL.F,F.L.Me_dL.Me_dL.iBu_Gly.meA,-4.754063793188497,0.9689404228283357,0.2809322777452356,0.15006159392403143,-3.963104907713786,0.13958127648160581,1.0,0.508038258038258,0.6988150122777892,0.6446809497628723,iBu_Gly.meA.Me_dL.dP.Me_dL.F,"PEPTIDE45{[iBu_Gly].[meA].[Me_dL].L.[Me_dL].F}$PEPTIDE45,PEPTIDE45,1:R1-6:R2$$$",1,focused_refinement
6,0.6666666666666666,0.3333333333333333,0.5,0.0,0.0,124.52733333333333,17.49474272142602,143.23,23.24,4.14364573775317,29.1,0.7057333333333332,0.4262641538868696,1.1616,0.5285375001666667,0.04499929480216527,0.569266198,0.8440476189999999,0.03198816389132582,0.875,8.666666666666666,1.247219128924647,10.0,2.0,0.0,2.0,0.3333333333333333,0.4714045207910317,1.0,0.0,0.0,0.0,meL.L.meL.L.Me_dA.Et_Gly,Et_Gly.L.L.Me_dA.meL.meL,-4.694057503871942,0.9416502434255378,0.3680258651486373,0.2046510126349051,-3.987582946179449,0.09158891103308336,1.0,0.508038258038258,0.6358585251214182,0.6442008492498077,meL.L.meL.Nle.Me_dA.Me_dA,"PEPTIDE46{[meL].L.[meL].L.[Me_dA].[Et_Gly]}$PEPTIDE46,PEPTIDE46,1:R1-6:R2$$$",1,focused_refinement
6,1.0,0.3333333333333333,0.3333333333333333,0.0,0.0,126.52916666666665,15.248070450788916,143.23,23.24,4.14364573775317,29.1,0.7777833333333333,0.4329873724743277,1.3073,0.5013769996666667,0.06075463245131266,0.569266198,0.8496031744999999,0.026232529990672146,0.875,8.833333333333334,1.0671873729054748,10.0,2.0,0.0,2.0,0.3333333333333333,0.4714045207910317,1.0,0.16666666666666666,0.372677996249965,1.0,meA.pentyl_Gly.L.Nle.meL.P,L.Nle.P.meA.meL.pentyl_Gly,-4.849846598575058,0.9668813812684276,0.20435387110911982,0.1430756494888053,-4.020911065233392,0.12412947719655543,1.0,0.7064509564509563,0.7421538453129984,0.6439598345749213,meA.pentyl_Gly.L.Nle.meL.dP,"PEPTIDE47{[meA].[pentyl_Gly].L.[Nle].[meL].P}$PEPTIDE47,PEPTIDE47,1:R1-6:R2$$$",1,focused_refinement
6,1.0,0.3333333333333333,0.3333333333333333,0.0,0.0,126.52916666666665,15.248070450788918,143.23,23.24,4.14364573775317,29.1,0.7777833333333334,0.4329873724743277,1.3073,0.5013769996666666,0.06075463245131266,0.569266198,0.8496031745,0.026232529990672146,0.875,8.833333333333334,1.0671873729054748,10.0,2.0,0.0,2.0,0.3333333333333333,0.4714045207910317,1.0,0.16666666666666666,0.37267799624996495,1.0,Me_dA.Me_dL.L.Nle.P.pentyl_Gly,L.Me_dA.Me_dL.Nle.P.pentyl_Gly,-4.849846598575058,0.9668813812684276,0.20435387110911982,0.1430756494888053,-4.020911065233392,0.12193953715892845,1.0,0.7064509564509563,0.7421538453129984,0.6436094441689009,Me_dA.meL.L.Nle.P.pentyl_Gly,"PEPTIDE48{[Me_dA].[Me_dL].L.[Nle].P.[pentyl_Gly]}$PEPTIDE48,PEPTIDE48,1:R1-6:R2$$$",1,focused_refinement
6,0.6666666666666666,0.3333333333333333,0.3333333333333333,0.0,0.0,134.2005,17.867920078080342,163.22,20.31,0.0,20.31,0.8287666666666668,0.421645070593213,1.3173,0.5262124686666666,0.05889375372472328,0.623778773,0.7623015871666667,0.20744899224587943,0.875,9.5,1.3844373104863459,12.0,2.0,0.0,2.0,0.0,0.0,0.0,0.5,0.5,1.0,meL.P.Bn_Gly.P.meL.iBu_Gly,Bn_Gly.P.P.iBu_Gly.meL.meL,-4.814435654928403,0.9473345100287726,0.27738745906932455,0.1997535379321717,-4.055733258917335,0.09841515244875192,1.0,0.7064509564509563,0.6769834443901681,0.6424202628259408,meL.P.bHph.P.meL.iBu_Gly,"PEPTIDE49{[meL].P.[Bn_Gly].P.[meL].[iBu_Gly]}$PEPTIDE49,PEPTIDE49,1:R1-6:R2$$$",1,focused_refinement
6,0.8333333333333334,0.3333333333333333,0.3333333333333333,0.0,0.0,132.53466666666665,18.593636533920833,163.22,23.24,4.14364573775317,29.1,0.8377,0.37260246912762135,1.3173,0.5493494856666666,0.049800426119279116,0.623778773,0.7577380951666667,0.20603580057743892,0.875,9.333333333333334,1.4907119849998596,12.0,2.0,0.0,2.0,0.3333333333333333,0.4714045207910317,1.0,0.16666666666666666,0.37267799624996495,1.0,meA.meL.L.L.Bn_Gly.iBu_Gly,Bn_Gly.L.L.iBu_Gly.meA.meL,-4.851144618437123,0.9796306423436719,0.2412328977733437,0.11574507923222668,-4.02106669478818,0.09691589110839678,1.0,0.7064509564509563,0.7369316355499665,0.6417866093978069,meA.meL.dP.L.Bn_Gly.F,"PEPTIDE50{[meA].[meL].L.L.[Bn_Gly].[iBu_Gly]}$PEPTIDE50,PEPTIDE50,1:R1-6:R2$$$",1,focused_refinement
6,0.6666666666666666,0.5,0.3333333333333333,0.16666666666666666,0.16666666666666666,134.2005,17.867920078080342,163.22,23.24,4.14364573775317,29.1,0.7862666666666667,0.3762203151818832,1.1616,0.5419081525,0.07380666569169679,0.671232567,0.7623015871666666,0.20744899224587943,0.875,9.5,1.3844373104863459,12.0,2.0,0.0,2.0,0.3333333333333333,0.4714045207910317,1.0,0.5,0.5,1.0,dL.Me_dL.Me_dL.P.P.F,F.Me_dL.Me_dL.P.P.dL,-4.908260868512135,0.9655400989475902,0.23648088097797404,0.14318615143428107,-4.096757747912102,0.1959581463806153,1.0,0.7605635105635105,0.7248125645588321,0.6416025484909318,dL.Me_dL.Me_dL.P.dP.F,"PEPTIDE51{[dL].[Me_dL].[Me_dL].P.P.F}$PEPTIDE51,PEPTIDE51,1:R1-6:R2$$$",1,focused_refinement
6,1.0,0.3333333333333333,0.3333333333333333,0.16666666666666666,0.0,126.52916666666665,15.248070450788918,143.23,23.24,4.14364573775317,29.1,0.7537666666666666,0.4259594764241729,1.3073,0.5028948385,0.0622983807527505,0.569266198,0.8496031745000002,0.026232529990672146,0.875,8.833333333333334,1.0671873729054748,10.0,2.0,0.0,2.0,0.3333333333333333,0.4714045207910317,1.0,0.16666666666666666,0.372677996249965,1.0,Me_dA.pentyl_Gly.dL.P.meL.L,L.Me_dA.P.dL.meL.pentyl_Gly,-4.97593248273807,0.967682320214604,0.2346182515871843,0.12841849845047412,-4.157663912929677,0.13439344980756915,1.0,0.9589762089762089,0.7336559340548754,0.6412031601370496,Me_dA.pentyl_Gly.dL.dP.meL.F,"PEPTIDE52{[Me_dA].[pentyl_Gly].[dL].P.[meL].L}$PEPTIDE52,PEPTIDE52,1:R1-6:R2$$$",1,focused_refinement
6,0.6666666666666666,0.3333333333333333,0.6666666666666666,0.0,0.0,124.52733333333333,17.49474272142602,143.23,23.24,4.14364573775317,29.1,0.7054666666666667,0.42662021622151114,1.1616,0.5268353513333334,0.04727581791376553,0.569266198,0.844047619,0.03198816389132582,0.875,8.666666666666666,1.247219128924647,10.0,2.0,0.0,2.0,0.3333333333333333,0.4714045207910317,1.0,0.0,0.0,0.0,meA.Me_dA.meL.L.meL.L,L.L.Me_dA.meA.meL.meL,-4.673299445425558,0.9532243857924944,0.3716092991612636,0.18376974349826755,-3.9518221450882622,0.12059660699025272,1.0,0.399063899063899,0.6429300977915373,0.6407856990695928,meA.Me_dA.meL.dL.meL.L,"PEPTIDE53{[meA].[Me_dA].[meL].L.[meL].L}$PEPTIDE53,PEPTIDE53,1:R1-6:R2$$$",1,focused_refinement
6,0.6666666666666666,0.3333333333333333,0.3333333333333333,0.16666666666666666,0.0,126.52916666666665,15.248070450788916,143.23,23.24,4.14364573775317,29.1,0.7297500000000001,0.39647209128344285,1.1616,0.5275767033333333,0.04647122173986365,0.569266198,0.8496031744999999,0.026232529990672146,0.875,8.833333333333334,1.0671873729054748,10.0,2.0,0.0,2.0,0.3333333333333333,0.4714045207910317,1.0,0.16666666666666666,0.372677996249965,1.0,L.meL.L.dP.meL.Et_Gly,Et_Gly.L.L.dP.meL.meL,-4.972590568944467,0.975923276788172,0.33888035217709145,0.1287227793034584,-4.198288163070705,0.13793858092681113,1.0,0.9589762089762089,0.6813831195571096,0.6406966042095865,L.meL.L.dP.meL.Et_Gly,"PEPTIDE54{L.[meL].L.[dP].[meL].[Et_Gly]}$PEPTIDE54,PEPTIDE54,1:R1-6:R2$$$",1,focused_refinement
6,0.6666666666666666,0.3333333333333333,0.3333333333333333,0.0,0.0,128.531,14.714353026891798,143.23,20.31,0.0,20.31,0.7860999999999999,0.4347447642007894,1.3073,0.48689631250000004,0.05121244892585644,0.550366122,0.8541666665,0.020833333499999995,0.875,9.0,1.0,10.0,2.0,0.0,2.0,0.0,0.0,0.0,0.3333333333333333,0.4714045207910317,1.0,Pr_Gly.pentyl_Gly.P.P.meL.meL,P.P.Pr_Gly.meL.meL.pentyl_Gly,-4.81893479471552,0.9383814843371235,0.3228532588326071,0.195467444077462,-4.090846800814065,0.1194616145333078,1.0,0.7064509564509563,0.6586223833234727,0.6405980127240289,Pr_Gly.pentyl_Gly.L.P.meL.meL,"PEPTIDE55{[Pr_Gly].[pentyl_Gly].P.P.[meL].[meL]}$PEPTIDE55,PEPTIDE55,1:R1-6:R2$$$",1,focused_refinement
6,0.6666666666666666,0.3333333333333333,0.3333333333333333,0.16666666666666666,0.0,128.53099999999998,12.285219113498409,143.23,21.775000000000002,3.2758395870371926,29.1,0.7457833333333334,0.362126338067562,1.1616,0.5171270395,0.04591661844423062,0.569266198,0.85515873,0.01706810582512148,0.875,9.0,0.816496580927726,10.0,2.0,0.0,2.0,0.16666666666666666,0.372677996249965,1.0,0.3333333333333333,0.4714045207910317,1.0,iBu_Gly.dL.meL.P.P.meL,P.P.dL.iBu_Gly.meL.meL,-4.963776908188556,0.9675154329600063,0.31525818893978735,0.14845064698013577,-4.191003231443477,0.12831503567880628,1.0,0.9589762089762089,0.6831959850618189,0.6402836959361458,iBu_Gly.dL.meL.P.F.meL,"PEPTIDE56{[iBu_Gly].[dL].[meL].P.P.[meL]}$PEPTIDE56,PEPTIDE56,1:R1-6:R2$$$",1,focused_refinement
6,0.6666666666666666,0.3333333333333333,0.3333333333333333,0.0,0.0,128.531,14.714353026891798,143.23,20.31,0.0,20.31,0.7860999999999999,0.4347447642007894,1.3073,0.48689631250000004,0.051212448925856455,0.550366122,0.8541666665,0.020833333499999992,0.875,9.0,1.0,10.0,2.0,0.0,2.0,0.0,0.0,0.0,0.3333333333333333,0.4714045207910317,1.0,P.Me_dL.Me_dL.P.pentyl_Gly.Pr_Gly,Me_dL.Me_dL.P.P.Pr_Gly.pentyl_Gly,-4.81893479471552,0.9383814843371235,0.3228532588326071,0.195467444077462,-4.090846800814065,0.11143919467375953,1.0,0.7064509564509563,0.6586223833234727,0.6393144255465011,P.Me_dL.Me_dL.L.pentyl_Gly.Pr_Gly,"PEPTIDE57{P.[Me_dL].[Me_dL].P.[pentyl_Gly].[Pr_Gly]}$PEPTIDE57,PEPTIDE57,1:R1-6:R2$$$",1,focused_refinement
6,0.6666666666666666,0.3333333333333333,0.3333333333333333,0.16666666666666666,0.0,128.53099999999998,12.285219113498407,143.23,21.775000000000002,3.2758395870371926,29.1,0.7457833333333334,0.362126338067562,1.1616,0.5171270394999999,0.04591661844423062,0.569266198,0.85515873,0.01706810582512148,0.875,9.0,0.816496580927726,10.0,2.0,0.0,2.0,0.16666666666666666,0.372677996249965,1.0,0.3333333333333333,0.4714045207910317,1.0,Me_dL.Me_dL.dL.P.P.iBu_Gly,Me_dL.Me_dL.P.P.dL.iBu_Gly,-4.963776908188556,0.9675154329600063,0.31525818893978735,0.14845064698013577,-4.191003231443477,0.12202703041276812,1.0,0.9589762089762089,0.6831959850618189,0.6392776150935797,Me_dL.Me_dL.dL.P.P.Nle,"PEPTIDE58{[Me_dL].[Me_dL].[dL].P.P.[iBu_Gly]}$PEPTIDE58,PEPTIDE58,1:R1-6:R2$$$",1,focused_refinement
6,1.0,0.3333333333333333,0.3333333333333333,0.16666666666666666,0.16666666666666666,134.2005,17.867920078080342,163.22,23.24,4.14364573775317,29.1,0.8102833333333335,0.3821220111284992,1.1616,0.5403903136666667,0.07332048053864462,0.671232567,0.7623015871666666,0.20744899224587943,0.875,9.5,1.3844373104863459,12.0,2.0,0.0,2.0,0.3333333333333333,0.4714045207910317,1.0,0.5,0.5,1.0,P.Me_dL.meL.Nle.dP.F,F.Me_dL.Nle.P.dP.meL,-5.0064383733281606,0.9439381124435162,0.18128344530511353,0.1614268473470508,-4.193498695373965,0.2117493082359376,1.0,0.9589762089762089,0.7447622956883484,0.6386590226431927,P.Me_dL.meL.Nle.P.F,"PEPTIDE59{P.[Me_dL].[meL].[Nle].[dP].F}$PEPTIDE59,PEPTIDE59,1:R1-6:R2$$$",1,focused_refinement
6,0.6666666666666666,0.3333333333333333,0.3333333333333333,0.16666666666666666,0.0,134.2005,17.867920078080342,163.22,21.775000000000002,3.2758395870371926,29.1,0.8364833333333334,0.4209788332630936,1.3173,0.5339991868333334,0.060947008801285014,0.623778773,0.7623015871666667,0.20744899224587943,0.875,9.5,1.3844373104863459,12.0,2.0,0.0,2.0,0.16666666666666666,0.372677996249965,1.0,0.5,0.5,1.0,P.Me_dL.Me_dL.P.Bn_Gly.dL,Bn_Gly.Me_dL.Me_dL.P.P.dL,-4.946836635170179,0.9413439602348715,0.28213246314355406,0.20704754659862548,-4.198320793156741,0.12061256598146393,1.0,0.9589762089762089,0.6715104913160426,0.6376710444628919,P.Me_dL.Me_dL.P.Bn_Gly.dL,"PEPTIDE60{P.[Me_dL].[Me_dL].P.[Bn_Gly].[dL]}$PEPTIDE60,PEPTIDE60,1:R1-6:R2$$$",1,focused_refinement
6,1.0,0.3333333333333333,0.3333333333333333,0.16666666666666666,0.16666666666666666,132.19866666666667,20.580048588108067,163.22,23.24,4.14364573775317,29.1,0.7865333333333333,0.4371623484346392,1.3073,0.5198892333333334,0.08706903985405505,0.671232567,0.7567460316666667,0.20591300045388317,0.875,9.333333333333334,1.5986105077709065,12.0,2.0,0.0,2.0,0.3333333333333333,0.4714045207910317,1.0,0.3333333333333333,0.4714045207910317,1.0,Me_dA.pentyl_Gly.Me_dL.L.dP.F,F.L.Me_dA.Me_dL.dP.pentyl_Gly,-5.016418988682895,0.963601092834093,0.17565198471985194,0.08086432674273265,-4.160859969894412,0.17017859471698657,1.0,0.9589762089762089,0.7958511886216585,0.6375951680896066,Me_dA.pentyl_Gly.meL.L.dP.F,"PEPTIDE61{[Me_dA].[pentyl_Gly].[Me_dL].L.[dP].F}$PEPTIDE61,PEPTIDE61,1:R1-6:R2$$$",1,focused_refinement
6,0.6666666666666666,0.3333333333333333,0.6666666666666666,0.0,0.0,124.52733333333333,17.49474272142602,143.23,23.24,4.14364573775317,29.1,0.7054666666666667,0.42662021622151114,1.1616,0.5268353513333334,0.04727581791376553,0.569266198,0.844047619,0.03198816389132582,0.875,8.666666666666666,1.247219128924647,10.0,2.0,0.0,2.0,0.3333333333333333,0.4714045207910317,1.0,0.0,0.0,0.0,Me_dA.Me_dL.Me_dL.L.meA.L,L.L.Me_dA.Me_dL.Me_dL.meA,-4.673299445425558,0.9532243857924944,0.3716092991612636,0.18376974349826755,-3.9518221450882622,0.09973748857059939,1.0,0.399063899063899,0.6429300977915373,0.6374482401224484,dL.Me_dL.Me_dL.L.meA.Me_dA,"PEPTIDE62{[Me_dA].[Me_dL].[Me_dL].L.[meA].L}$PEPTIDE62,PEPTIDE62,1:R1-6:R2$$$",1,focused_refinement
6,0.6666666666666666,0.3333333333333333,0.3333333333333333,0.16666666666666666,0.0,126.52916666666665,15.248070450788916,143.23,23.24,4.14364573775317,29.1,0.7297499999999998,0.3964720912834429,1.1616,0.5275767033333333,0.04647122173986365,0.569266198,0.8496031744999999,0.026232529990672146,0.875,8.833333333333334,1.0671873729054748,10.0,2.0,0.0,2.0,0.3333333333333333,0.4714045207910317,1.0,0.16666666666666666,0.37267799624996495,1.0,L.Me_dL.L.Me_dL.dP.Et_Gly,Et_Gly.L.L.Me_dL.Me_dL.dP,-4.972590568944467,0.975923276788172,0.33888035217709145,0.1287227793034584,-4.198288163070705,0.11487744532534956,1.0,0.9589762089762089,0.6813831195571096,0.6370068225133525,L.Me_dL.Nle.Me_dL.dP.Et_Gly,"PEPTIDE63{L.[Me_dL].L.[Me_dL].[dP].[Et_Gly]}$PEPTIDE63,PEPTIDE63,1:R1-6:R2$$$",1,focused_refinement
6,0.6666666666666666,0.3333333333333333,0.3333333333333333,0.16666666666666666,0.0,134.2005,17.867920078080342,163.22,21.775000000000002,3.2758395870371926,29.1,0.8364833333333332,0.42097883326309354,1.3173,0.5339991868333334,0.060947008801285014,0.623778773,0.7623015871666667,0.20744899224587943,0.875,9.5,1.3844373104863459,12.0,2.0,0.0,2.0,0.16666666666666666,0.372677996249965,1.0,0.5,0.5,1.0,meL.Bn_Gly.dL.P.meL.P,Bn_Gly.P.P.dL.meL.meL,-4.946836635170179,0.9413439602348715,0.28213246314355406,0.20704754659862548,-4.198320793156741,0.11318055168194086,1.0,0.9589762089762089,0.6715104913160426,0.6364819221749682,meL.Bn_Gly.Me_dL.P.meL.P,"PEPTIDE64{[meL].[Bn_Gly].[dL].P.[meL].P}$PEPTIDE64,PEPTIDE64,1:R1-6:R2$$$",1,focused_refinement
6,0.6666666666666666,0.3333333333333333,0.3333333333333333,0.0,0.0,126.86516666666667,14.96943727974509,143.23,23.24,4.14364573775317,29.1,0.7710166666666666,0.35853057710915287,1.1616,0.5347151943333334,0.037144904787756367,0.569266198,0.8496031744999999,0.026232529990672146,0.875,8.833333333333334,1.0671873729054748,10.0,2.0,0.0,2.0,0.3333333333333333,0.4714045207910317,1.0,0.0,0.0,0.0,Pr_Gly.Me_dL.L.L.Me_dL.Et_Gly,Et_Gly.L.L.Me_dL.Me_dL.Pr_Gly,-4.843628332584082,0.9557523125135519,0.34094022097271526,0.18248471778755562,-4.103967310003777,0.12026127981835398,1.0,0.7064509564509563,0.6564156687718251,0.6360171261707153,Pr_Gly.Me_dL.dL.L.Me_dL.Et_Gly,"PEPTIDE65{[Pr_Gly].[Me_dL].L.L.[Me_dL].[Et_Gly]}$PEPTIDE65,PEPTIDE65,1:R1-6:R2$$$",1,focused_refinement
6,1.0,0.3333333333333333,0.16666666666666666,0.0,0.0,135.87316666666666,30.28715193178271,173.256,24.778333333333332,4.470739747389564,29.54,0.8045666666666667,0.6143739053341667,1.6974,0.5097131211666667,0.06274143555042634,0.596924832,0.8507275131666668,0.049938242243494475,0.9,9.5,2.140872096444188,12.0,2.1666666666666665,0.3726779962499649,3.0,0.3333333333333333,0.4714045207910317,1.0,0.3333333333333333,0.4714045207910317,1.0,A.cHexCH2_Gly.P.Nle.meL.Mono34,A.Mono34.Nle.P.cHexCH2_Gly.meL,-4.858495196969687,0.9984763221878457,0.07851464033218826,0.02416790133653803,-3.90531817028207,0.10970468709351794,1.0,0.55993080993081,0.9068793258363068,0.635894184060906,A.cHexCH2_Gly.meL.dP.meL.Mono34,"PEPTIDE66{A.[cHexCH2_Gly].P.[Nle].[meL].[Mono34]}$PEPTIDE66,PEPTIDE66,1:R1-6:R2$$$",1,focused_refinement
6,0.6666666666666666,0.3333333333333333,0.5,0.16666666666666666,0.0,126.52916666666665,20.718599891696883,143.23,23.24,4.14364573775317,29.1,0.7294833333333334,0.5239864706162639,1.1616,0.5246078185000002,0.04390197914216331,0.569266198,0.8442460316666668,0.04473095364794072,0.875,8.833333333333334,1.4624940645653535,10.0,2.0,0.0,2.0,0.3333333333333333,0.4714045207910317,1.0,0.16666666666666666,0.372677996249965,1.0,A.meL.meL.dP.meL.L,A.L.dP.meL.meL.meL,-4.878555097907226,0.9392281579080867,0.3255760289928178,0.1994284812540754,-4.151972074809066,0.15914425813170047,1.0,0.7605635105635105,0.6557357655539676,0.6344448278112405,A.meL.meL.dP.meL.F,"PEPTIDE67{A.[meL].[meL].[dP].[meL].L}$PEPTIDE67,PEPTIDE67,1:R1-6:R2$$$",1,focused_refinement
6,0.6666666666666666,0.16666666666666666,0.6666666666666666,0.16666666666666666,0.16666666666666666,134.53650000000002,20.90117184713176,163.22,21.775000000000002,3.2758395870371926,29.1,0.8192833333333333,0.4376646372763308,1.1616,0.5397189366666667,0.07189267226178321,0.671232567,0.7597222221666665,0.2074657862418688,0.875,9.5,1.6072751268321592,12.0,2.0,0.0,2.0,0.16666666666666666,0.372677996249965,1.0,0.3333333333333333,0.4714045207910317,1.0,meA.meL.meL.dP.meL.F,F.dP.meA.meL.meL.meL,-4.88282671854289,1.0,0.08481548852066902,0.0,-3.925234462803224,0.22712247566962143,1.0,0.4755614755614756,0.9218157470849448,0.634069379787032,meA.meL.meL.dP.meL.F,"PEPTIDE68{[meA].[meL].[meL].[dP].[meL].F}$PEPTIDE68,PEPTIDE68,1:R1-6:R2$$$",1,focused_refinement
6,0.8333333333333334,0.3333333333333333,0.3333333333333333,0.0,0.0,126.86516666666667,20.514404243658213,143.23,23.24,4.14364573775317,29.1,0.7950333333333334,0.5175602079844324,1.3073,0.5087665935,0.054539166847112776,0.569266198,0.8442460316666667,0.044730953647940705,0.875,8.833333333333334,1.4624940645653537,10.0,2.0,0.0,2.0,0.3333333333333333,0.4714045207910317,1.0,0.0,0.0,0.0,A.Pr_Gly.meL.L.meL.pentyl_Gly,A.L.Pr_Gly.meL.meL.pentyl_Gly,-4.856520400221123,0.9537936646620709,0.22202104120646377,0.17293786787126456,-4.0569717231301,0.10915595027756612,1.0,0.7064509564509563,0.7168669940687687,0.6340275687640728,A.L.meL.dL.meL.pentyl_Gly,"PEPTIDE69{A.[Pr_Gly].[meL].L.[meL].[pentyl_Gly]}$PEPTIDE69,PEPTIDE69,1:R1-6:R2$$$",1,focused_refinement
6,0.6666666666666666,0.3333333333333333,0.3333333333333333,0.0,0.0,134.2005,17.867920078080342,163.22,21.775000000000002,3.2758395870371926,29.1,0.8604999999999999,0.4234224958596319,1.3173,0.532481348,0.06015810649675613,0.623778773,0.7623015871666666,0.20744899224587943,0.875,9.5,1.3844373104863459,12.0,2.0,0.0,2.0,0.16666666666666666,0.372677996249965,1.0,0.5,0.5,1.0,Nle.Me_dL.Me_dL.P.Bn_Gly.P,Bn_Gly.Me_dL.Me_dL.Nle.P.P,-4.845867942529691,0.9470074876535574,0.30711010184519394,0.1998008888931351,-4.102365728022014,0.11965710642807899,1.0,0.7064509564509563,0.6636092019675549,0.6336031156437889,Nle.Me_dL.Me_dL.P.Bn_Gly.P,"PEPTIDE70{[Nle].[Me_dL].[Me_dL].P.[Bn_Gly].P}$PEPTIDE70,PEPTIDE70,1:R1-6:R2$$$",1,focused_refinement
6,0.6666666666666666,0.3333333333333333,0.3333333333333333,0.0,0.0,134.2005,17.867920078080342,163.22,21.775000000000002,3.2758395870371926,29.1,0.8604999999999999,0.4234224958596319,1.3173,0.532481348,0.06015810649675613,0.623778773,0.7623015871666666,0.20744899224587943,0.875,9.5,1.3844373104863459,12.0,2.0,0.0,2.0,0.16666666666666666,0.372677996249965,1.0,0.5,0.5,1.0,Nle.meL.Bn_Gly.P.meL.P,Bn_Gly.Nle.P.P.meL.meL,-4.845867942529691,0.9470074876535574,0.30711010184519394,0.1998008888931351,-4.102365728022014,0.1186572795752558,1.0,0.7064509564509563,0.6636092019675549,0.6334431433473371,Nle.meL.Bn_Gly.P.meL.Me_dA,"PEPTIDE71{[Nle].[meL].[Bn_Gly].P.[meL].P}$PEPTIDE71,PEPTIDE71,1:R1-6:R2$$$",1,focused_refinement
6,0.6666666666666666,0.3333333333333333,0.3333333333333333,0.0,0.0,128.53099999999998,12.285219113498407,143.23,21.775000000000002,3.2758395870371926,29.1,0.7698,0.37088480691449194,1.1616,0.5156092006666667,0.04428969794382988,0.560159165,0.8551587300000002,0.017068105825121485,0.875,9.0,0.816496580927726,10.0,2.0,0.0,2.0,0.16666666666666666,0.372677996249965,1.0,0.3333333333333333,0.4714045207910317,1.0,P.Nle.meL.P.meL.iBu_Gly,Nle.P.P.iBu_Gly.meL.meL,-4.856242438589186,0.9566184223526321,0.35958120041776187,0.1759630193745343,-4.123405371289069,0.13163711143955534,1.0,0.7064509564509563,0.6512349088424585,0.633150824586401,Pr_Gly.Nle.meL.P.meL.F,"PEPTIDE72{P.[Nle].[meL].P.[meL].[iBu_Gly]}$PEPTIDE72,PEPTIDE72,1:R1-6:R2$$$",1,focused_refinement
6,0.6666666666666666,0.3333333333333333,0.3333333333333333,0.16666666666666666,0.0,130.8688333333333,13.468332492884514,143.23,21.775000000000002,3.2758395870371926,29.1,0.8348166666666667,0.41908751439552844,1.3073,0.498784029,0.05993221165463336,0.569266198,0.8581349205,0.01863918093091497,0.875,9.166666666666666,0.8975274678557508,10.0,2.0,0.0,2.0,0.16666666666666666,0.37267799624996495,1.0,0.3333333333333333,0.4714045207910317,1.0,Me_dL.pentyl_Gly.Me_dL.P.dL.P,Me_dL.Me_dL.P.P.dL.pentyl_Gly,-4.96514596924983,0.952411827482346,0.3375413326221684,0.17228152914887884,-4.224575190365788,0.10934318309000046,1.0,0.9589762089762089,0.6623293535421655,0.6314863017188055,Me_dL.pentyl_Gly.Me_dL.Nle.P.P,"PEPTIDE73{[Me_dL].[pentyl_Gly].[Me_dL].P.[dL].P}$PEPTIDE73,PEPTIDE73,1:R1-6:R2$$$",1,focused_refinement
6,0.6666666666666666,0.3333333333333333,0.5,0.16666666666666666,0.0,126.52916666666665,20.718599891696883,143.23,23.24,4.14364573775317,29.1,0.7294833333333334,0.5239864706162639,1.1616,0.5246078185000002,0.04390197914216331,0.569266198,0.8442460316666668,0.04473095364794072,0.875,8.833333333333334,1.4624940645653535,10.0,2.0,0.0,2.0,0.3333333333333333,0.4714045207910317,1.0,0.16666666666666666,0.372677996249965,1.0,dA.Me_dL.Me_dL.P.Me_dL.L,L.Me_dL.Me_dL.Me_dL.P.dA,-4.878555097907226,0.9392281579080867,0.3255760289928178,0.1994284812540754,-4.151972074809066,0.1405544380071581,1.0,0.7605635105635105,0.6557357655539676,0.6314704565913136,dA.Me_dL.meL.P.Me_dL.L,"PEPTIDE74{[dA].[Me_dL].[Me_dL].P.[Me_dL].L}$PEPTIDE74,PEPTIDE74,1:R1-6:R2$$$",1,focused_refinement
6,0.8333333333333334,0.16666666666666666,0.5,0.0,0.16666666666666666,132.53466666666665,20.280751857090724,163.22,23.24,4.14364573775317,29.1,0.8275333333333332,0.37561425987603586,1.1616,0.5484896014999999,0.06511639528695855,0.671232567,0.7567460316666667,0.20591300045388317,0.875,9.333333333333334,1.5986105077709065,12.0,2.0,0.0,2.0,0.3333333333333333,0.4714045207910317,1.0,0.16666666666666666,0.372677996249965,1.0,Pr_Gly.Me_dL.Me_dL.Nle.Me_dA.F,F.Me_dA.Me_dL.Me_dL.Nle.Pr_Gly,-4.743655365572337,0.9820198369113363,0.28184192820054293,0.10831738583126245,-3.9296358392190873,0.18154526710402705,1.0,0.33201058201058203,0.7193420134702065,0.6313999396536181,Pr_Gly.Me_dL.Me_dL.Nle.Me_dA.F,"PEPTIDE75{[Pr_Gly].[Me_dL].[Me_dL].[Nle].[Me_dA].F}$PEPTIDE75,PEPTIDE75,1:R1-6:R2$$$",1,focused_refinement
6,0.8333333333333334,0.3333333333333333,0.3333333333333333,0.0,0.0,128.867,11.881152160740411,143.23,23.24,4.14364573775317,29.1,0.8187833333333332,0.3245241409441762,1.1616,0.5305344098333333,0.0406525374836898,0.569266198,0.85515873,0.01706810582512148,0.875,9.0,0.816496580927726,10.0,2.0,0.0,2.0,0.3333333333333333,0.4714045207910317,1.0,0.16666666666666666,0.37267799624996495,1.0,Pr_Gly.Me_dL.Me_dL.Nle.P.L,L.Me_dL.Me_dL.Nle.P.Pr_Gly,-4.875200680402931,0.969004694318847,0.3354805083174992,0.14693365351157,-4.110669653620726,0.13034508165180725,1.0,0.7064509564509563,0.6745753148810688,0.63102878289206,L.Me_dL.Me_dL.Nle.P.Mono34,"PEPTIDE76{[Pr_Gly].[Me_dL].[Me_dL].[Nle].P.L}$PEPTIDE76,PEPTIDE76,1:R1-6:R2$$$",1,focused_refinement
6,0.6666666666666666,0.3333333333333333,0.3333333333333333,0.0,0.0,126.86516666666667,14.96943727974509,143.23,23.24,4.14364573775317,29.1,0.7710166666666668,0.35853057710915287,1.1616,0.5347151943333333,0.037144904787756367,0.569266198,0.8496031744999999,0.026232529990672146,0.875,8.833333333333334,1.0671873729054748,10.0,2.0,0.0,2.0,0.3333333333333333,0.47140452079103173,1.0,0.0,0.0,0.0,L.L.Pr_Gly.meL.meL.Et_Gly,Et_Gly.L.L.Pr_Gly.meL.meL,-4.843628332584082,0.9557523125135519,0.34094022097271526,0.18248471778755562,-4.103967310003777,0.0832114947293859,1.0,0.7064509564509563,0.6564156687718251,0.6300891605564805,L.L.Pr_Gly.meL.meL.Et_Gly,"PEPTIDE77{L.L.[Pr_Gly].[meL].[meL].[Et_Gly]}$PEPTIDE77,PEPTIDE77,1:R1-6:R2$$$",1,focused_refinement
6,0.6666666666666666,0.3333333333333333,0.3333333333333333,0.0,0.0,129.203,14.026999999999997,143.23,23.24,4.14364573775317,29.1,0.8120166666666666,0.3419766191650469,1.1616,0.5388161926666667,0.03409111377766672,0.569266198,0.8535714285,0.02525381360370373,0.875,9.0,1.0,10.0,2.0,0.0,2.0,0.3333333333333333,0.4714045207910317,1.0,0.0,0.0,0.0,L.Me_dL.Me_dL.L.iBu_Gly.Et_Gly,Et_Gly.L.L.Me_dL.Me_dL.iBu_Gly,-4.85315635789211,0.9598378907409182,0.35723510023882854,0.17248847812041718,-4.11505813680071,0.09552613901481227,1.0,0.7064509564509563,0.6537128760691406,0.6294415139467662,L.Me_dL.Me_dL.dP.iBu_Gly.Et_Gly,"PEPTIDE78{L.[Me_dL].[Me_dL].L.[iBu_Gly].[Et_Gly]}$PEPTIDE78,PEPTIDE78,1:R1-6:R2$$$",1,focused_refinement
6,0.6666666666666666,0.3333333333333333,0.3333333333333333,0.16666666666666666,0.0,131.52666666666667,19.53802588685857,163.22,20.31,0.0,20.31,0.7465,0.4698751004256343,1.3173,0.5149729793333333,0.06467245005615266,0.623778773,0.7583333331666666,0.20581815052640795,0.875,9.333333333333334,1.4907119849998596,12.0,2.0,0.0,2.0,0.0,0.0,0.0,0.6666666666666666,0.4714045207910317,1.0,dP.Me_dL.Bn_Gly.P.Me_dL.P,Bn_Gly.Me_dL.Me_dL.P.P.dP,-4.97093579623973,0.941476649333562,0.29499917432822526,0.2035919320315054,-4.227856717078157,0.12219996580529009,1.0,0.9589762089762089,0.6672934303134415,0.6293451928702563,dP.Me_dL.Bn_Gly.P.Me_dL.P,"PEPTIDE79{[dP].[Me_dL].[Bn_Gly].P.[Me_dL].P}$PEPTIDE79,PEPTIDE79,1:R1-6:R2$$$",1,focused_refinement
6,0.8333333333333334,0.3333333333333333,0.5,0.0,0.0,131.54083333333332,14.96943727974509,143.23,23.24,4.14364573775317,29.1,0.9007833333333332,0.38737677789918634,1.3073,0.5187710333333332,0.0601999999948651,0.569266198,0.856547619,0.026519844534580537,0.875,9.166666666666666,1.0671873729054748,10.0,2.0,0.0,2.0,0.3333333333333333,0.4714045207910317,1.0,0.0,0.0,0.0,pentyl_Gly.L.L.Me_dL.meL.meA,L.L.Me_dL.meA.meL.pentyl_Gly,-4.7723649109224064,0.9743383788678905,0.36725035298050807,0.13216028092274654,-4.014691778775457,0.08488994774020754,1.0,0.508038258038258,0.6669287101137915,0.628603590932157,pentyl_Gly.L.L.P.meL.meA,"PEPTIDE80{[pentyl_Gly].L.L.[Me_dL].[meL].[meA]}$PEPTIDE80,PEPTIDE80,1:R1-6:R2$$$",1,focused_refinement
6,0.8333333333333334,0.6666666666666666,0.0,0.3333333333333333,0.16666666666666666,137.86816666666667,18.802392342613096,163.22,27.635,3.2758395870371926,29.1,0.79495,0.24671451619229864,1.016,0.5842287801666667,0.07357862485069157,0.671232567,0.6674603173333334,0.25997000612858273,0.857142857,9.833333333333334,1.5723301886761007,12.0,2.0,0.0,2.0,0.8333333333333334,0.37267799624996495,1.0,0.5,0.5,1.0,L.dL.L.P.dF.F,F.L.L.P.dF.dL,-4.605972821789327,0.9714929109524506,0.25690409562388544,0.12472584952934095,-3.7941134210311542,0.17548507376364186,1.0,0.08469308469308474,0.7237828070446877,0.6278526986282067,L.dL.L.P.dF.F,"PEPTIDE81{L.[dL].L.P.[dF].F}$PEPTIDE81,PEPTIDE81,1:R1-6:R2$$$",1,focused_refinement
6,0.6666666666666666,0.16666666666666666,0.6666666666666666,0.16666666666666666,0.16666666666666666,134.5365,20.90117184713176,163.22,21.775000000000002,3.2758395870371926,29.1,0.8192833333333333,0.4376646372763308,1.1616,0.5397189366666667,0.07189267226178321,0.671232567,0.7597222221666665,0.2074657862418688,0.875,9.5,1.6072751268321592,12.0,2.0,0.0,2.0,0.16666666666666666,0.372677996249965,1.0,0.3333333333333333,0.4714045207910317,1.0,meA.Me_dL.Me_dL.Me_dL.dP.F,F.Me_dL.Me_dL.Me_dL.dP.meA,-4.88282671854289,1.0,0.08481548852066902,0.0,-3.925234462803224,0.18666726521609642,1.0,0.4755614755614756,0.9218157470849448,0.6275965461144681,meA.Me_dL.Me_dL.Nle.dP.F,"PEPTIDE82{[meA].[Me_dL].[Me_dL].[Me_dL].[dP].F}$PEPTIDE82,PEPTIDE82,1:R1-6:R2$$$",1,focused_refinement
6,0.6666666666666666,0.3333333333333333,0.3333333333333333,0.0,0.0,128.53099999999998,12.285219113498409,143.23,21.775000000000002,3.2758395870371926,29.1,0.7697999999999999,0.37088480691449194,1.1616,0.5156092006666667,0.04428969794382988,0.560159165,0.8551587299999999,0.01706810582512148,0.875,9.0,0.816496580927726,10.0,2.0,0.0,2.0,0.16666666666666666,0.372677996249965,1.0,0.3333333333333333,0.4714045207910317,1.0,P.iBu_Gly.Me_dL.Nle.Me_dL.P,Me_dL.Me_dL.Nle.P.P.iBu_Gly,-4.856242438589186,0.9566184223526321,0.35958120041776187,0.1759630193745343,-4.123405371289069,0.09218882158734946,1.0,0.7064509564509563,0.6512349088424585,0.626839098210048,P.iBu_Gly.Me_dL.Nle.Me_dL.P,"PEPTIDE83{P.[iBu_Gly].[Me_dL].[Nle].[Me_dL].P}$PEPTIDE83,PEPTIDE83,1:R1-6:R2$$$",1,focused_refinement
6,0.6666666666666666,0.3333333333333333,0.3333333333333333,0.16666666666666666,0.0,128.19499999999996,15.034999999999997,143.23,20.31,0.0,20.31,0.7448333333333332,0.46786091119286954,1.3073,0.47975782149999996,0.05215204797601833,0.550366122,0.8541666665,0.020833333499999992,0.875,9.0,1.0,10.0,2.0,0.0,2.0,0.0,0.0,0.0,0.5,0.5,1.0,meL.pentyl_Gly.meL.P.dP.P,P.P.dP.meL.meL.pentyl_Gly,-4.975767553905759,0.9249375720914274,0.30962781601679445,0.20748540380304228,-4.257515240773489,0.1400335876072075,1.0,0.9589762089762089,0.6591465863824942,0.6259417767097626,meL.pentyl_Gly.meL.P.dP.F,"PEPTIDE84{[meL].[pentyl_Gly].[meL].P.[dP].P}$PEPTIDE84,PEPTIDE84,1:R1-6:R2$$$",1,focused_refinement
6,0.6666666666666666,0.3333333333333333,0.3333333333333333,0.16666666666666666,0.0,131.52666666666667,19.53802588685857,163.22,20.31,0.0,20.31,0.7465,0.4698751004256343,1.3173,0.5149729793333333,0.06467245005615266,0.623778773,0.7583333331666666,0.20581815052640795,0.875,9.333333333333334,1.4907119849998596,12.0,2.0,0.0,2.0,0.0,0.0,0.0,0.6666666666666666,0.4714045207910317,1.0,meL.Bn_Gly.dP.P.meL.P,Bn_Gly.P.P.dP.meL.meL,-4.97093579623973,0.941476649333562,0.29499917432822526,0.2035919320315054,-4.227856717078157,0.0985515885614825,1.0,0.9589762089762089,0.6672934303134415,0.625561452511247,meL.Bn_Gly.Me_dL.P.meL.P,"PEPTIDE85{[meL].[Bn_Gly].[dP].P.[meL].P}$PEPTIDE85,PEPTIDE85,1:R1-6:R2$$$",1,focused_refinement
6,0.6666666666666666,0.3333333333333333,0.5,0.0,0.0,134.8725,18.90695322493817,163.22,23.24,4.14364573775317,29.1,0.90245,0.38913970820259397,1.3173,0.5539861911666667,0.04836338349373623,0.623778773,0.7607142856666668,0.20757344407388406,0.875,9.5,1.5,12.0,2.0,0.0,2.0,0.3333333333333333,0.4714045207910317,1.0,0.16666666666666666,0.372677996249965,1.0,Me_dA.L.Bn_Gly.Me_dL.Me_dL.L,Bn_Gly.L.L.Me_dA.Me_dL.Me_dL,-4.7731045617123655,0.9632468446157678,0.339665209669361,0.15598934204066442,-4.018687657441444,0.08295499212656843,1.0,0.508038258038258,0.6686035882127132,0.625517780910789,Me_dA.cHexCH2_Gly.P.Me_dL.Me_dL.L,"PEPTIDE86{[Me_dA].L.[Bn_Gly].[Me_dL].[Me_dL].L}$PEPTIDE86,PEPTIDE86,1:R1-6:R2$$$",1,focused_refinement
6,0.6666666666666666,0.3333333333333333,0.3333333333333333,0.16666666666666666,0.0,128.195,15.034999999999997,143.23,20.31,0.0,20.31,0.7448333333333333,0.46786091119286954,1.3073,0.4797578215,0.05215204797601832,0.550366122,0.8541666665,0.020833333499999995,0.875,9.0,1.0,10.0,2.0,0.0,2.0,0.0,0.0,0.0,0.5,0.5,1.0,P.Me_dL.Me_dL.P.dP.pentyl_Gly,Me_dL.Me_dL.P.P.dP.pentyl_Gly,-4.975767553905759,0.9249375720914274,0.30962781601679445,0.20748540380304228,-4.257515240773489,0.13681749337924828,1.0,0.9589762089762089,0.6591465863824942,0.6254272016332891,P.Me_dL.Me_dL.P.meL.pentyl_Gly,"PEPTIDE87{P.[Me_dL].[Me_dL].P.[dP].[pentyl_Gly]}$PEPTIDE87,PEPTIDE87,1:R1-6:R2$$$",1,focused_refinement
6,0.6666666666666666,0.5,0.3333333333333333,0.16666666666666666,0.0,134.2005,17.867920078080342,163.22,23.24,4.14364573775317,29.1,0.7862666666666667,0.3762203151818832,1.1616,0.5419081525,0.07380666569169679,0.671232567,0.7623015871666667,0.20744899224587943,0.875,9.5,1.3844373104863459,12.0,2.0,0.0,2.0,0.3333333333333333,0.4714045207910317,1.0,0.5,0.5,1.0,dF.Me_dL.L.P.Me_dL.P,L.Me_dL.Me_dL.P.P.dF,-4.917858995690514,0.9586103887649222,0.2753215148402943,0.1614000941528749,-4.137259387883958,0.13633114980484592,1.0,0.7605635105635105,0.6960290662717766,0.6246986710650795,dP.Me_dL.Bn_Gly.P.Me_dL.P,"PEPTIDE88{[dF].[Me_dL].L.P.[Me_dL].P}$PEPTIDE88,PEPTIDE88,1:R1-6:R2$$$",1,focused_refinement
6,0.6666666666666666,0.3333333333333333,0.3333333333333333,0.16666666666666666,0.0,138.547,18.56383625942296,173.256,24.778333333333336,4.470739747389564,29.54,0.8622833333333334,0.2964747455049455,1.1616,0.5196533090000001,0.058040172641208365,0.569266198,0.8644179893333335,0.01777120231484738,0.888888889,9.666666666666666,1.247219128924647,12.0,2.1666666666666665,0.3726779962499649,3.0,0.3333333333333333,0.4714045207910317,1.0,0.16666666666666666,0.372677996249965,1.0,L.Mono34.meL.dP.meL.L,L.L.Mono34.dP.meL.meL,-5.017227093156849,0.9634857551144016,0.25050237162368705,0.15958986802126168,-4.218889990859606,0.13192975390624065,1.0,0.9589762089762089,0.709173465313016,0.6242549288536292,L.Mono34.meL.dP.meL.L,"PEPTIDE89{L.[Mono34].[meL].[dP].[meL].L}$PEPTIDE89,PEPTIDE89,1:R1-6:R2$$$",1,focused_refinement
6,0.6666666666666666,0.3333333333333333,0.5,0.0,0.0,129.52483333333333,21.80149421803214,163.22,20.31,0.0,20.31,0.7224833333333333,0.49608283386502655,1.3173,0.5159337761666666,0.06381306382847463,0.623778773,0.7527777776666666,0.20416194245630323,0.875,9.166666666666666,1.6749792701868151,12.0,2.0,0.0,2.0,0.0,0.0,0.0,0.5,0.5,1.0,meA.meL.meL.P.P.Bn_Gly,Bn_Gly.P.P.meA.meL.meL,-4.794890852801118,0.9427047247482919,0.3300867809679366,0.18026143787098695,-4.062294878004542,0.15283857367830972,1.0,0.508038258038258,0.6620989699771007,0.6238475800360703,meA.meL.meL.P.F.Bn_Gly,"PEPTIDE90{[meA].[meL].[meL].P.P.[Bn_Gly]}$PEPTIDE90,PEPTIDE90,1:R1-6:R2$$$",1,focused_refinement
6,0.6666666666666666,0.16666666666666666,0.6666666666666666,0.16666666666666666,0.16666666666666666,134.5365,20.90117184713176,163.22,21.775000000000002,3.2758395870371926,29.1,0.8192833333333333,0.4376646372763308,1.1616,0.5397189366666667,0.07189267226178321,0.671232567,0.7597222221666665,0.2074657862418688,0.875,9.5,1.6072751268321592,12.0,2.0,0.0,2.0,0.16666666666666666,0.372677996249965,1.0,0.3333333333333333,0.4714045207910317,1.0,meL.Me_dA.meL.meL.dP.F,F.Me_dA.dP.meL.meL.meL,-4.88282671854289,1.0,0.08481548852066902,0.0,-3.925234462803224,0.1627096677293073,1.0,0.4755614755614756,0.9218157470849448,0.623763330516582,meL.Me_dA.meL.meL.dP.F,"PEPTIDE91{[meL].[Me_dA].[meL].[meL].[dP].F}$PEPTIDE91,PEPTIDE91,1:R1-6:R2$$$",1,focused_refinement
6,0.6666666666666666,0.16666666666666666,0.5,0.0,0.16666666666666666,130.19683333333333,21.31229650082057,163.22,21.775000000000002,3.2758395870371926,29.1,0.7548,0.38439321447358216,1.1616,0.5381197238333334,0.06734829513386958,0.671232567,0.7527777776666666,0.20416194245630323,0.875,9.166666666666666,1.674979270186815,12.0,2.0,0.0,2.0,0.16666666666666666,0.372677996249965,1.0,0.16666666666666666,0.372677996249965,1.0,Pr_Gly.meL.Me_dA.Pr_Gly.meL.F,F.Me_dA.Pr_Gly.Pr_Gly.meL.meL,-4.740711476244344,0.9712732309448643,0.3226268657125968,0.11301488942707683,-3.959005400512547,0.1534928349229117,1.0,0.33201058201058203,0.6965526019426135,0.6234583239031022,Nle.meL.Me_dA.Pr_Gly.meL.F,"PEPTIDE92{[Pr_Gly].[meL].[Me_dA].[Pr_Gly].[meL].F}$PEPTIDE92,PEPTIDE92,1:R1-6:R2$$$",1,focused_refinement
6,1.0,0.3333333333333333,0.5,0.0,0.16666666666666666,134.5365,24.411291190417057,177.247,23.24,4.14364573775317,29.1,0.8272666666666666,0.47212203107059325,1.4061,0.5458026193333333,0.07798353575014737,0.688834587,0.7673520923333333,0.18241177080444704,0.875,9.5,1.8929694486000912,13.0,2.0,0.0,2.0,0.3333333333333333,0.4714045207910317,1.0,0.3333333333333333,0.4714045207910317,1.0,bHph.Me_dL.L.P.meL.Me_dA,L.Me_dA.Me_dL.P.bHph.meL,-4.789712842427581,0.9334256315432434,0.25152035826771885,0.19995570381704453,-4.032036315972458,0.13893220554647423,1.0,0.508038258038258,0.6889538354243985,0.6233178339190366,bHph.meL.L.P.meL.Me_dA,"PEPTIDE93{[bHph].[Me_dL].L.P.[meL].[Me_dA]}$PEPTIDE93,PEPTIDE93,1:R1-6:R2$$$",1,focused_refinement
6,1.0,0.3333333333333333,0.3333333333333333,0.0,0.0,126.52916666666665,20.718599891696883,143.23,23.24,4.14364573775317,29.1,0.7777833333333333,0.5518453388908486,1.3073,0.5001102636666667,0.05648075096307825,0.560159165,0.8442460316666668,0.04473095364794072,0.875,8.833333333333334,1.4624940645653535,10.0,2.0,0.0,2.0,0.3333333333333333,0.4714045207910317,1.0,0.16666666666666666,0.372677996249965,1.0,A.pentyl_Gly.meL.P.Me_dL.Nle,A.Me_dL.Nle.P.meL.pentyl_Gly,-4.887822044438017,0.932851965079058,0.19613606723680815,0.20437239286771858,-4.104131211194292,0.144205882884412,1.0,0.7064509564509563,0.7140263900479152,0.6232255840051166,A.Me_dL.meL.P.meL.Nle,"PEPTIDE94{A.[pentyl_Gly].[meL].P.[Me_dL].[Nle]}$PEPTIDE94,PEPTIDE94,1:R1-6:R2$$$",1,focused_refinement
6,0.8333333333333334,0.3333333333333333,0.5,0.0,0.0,129.203,19.837173639407403,143.23,23.24,4.14364573775317,29.1,0.8117500000000001,0.4841111296317544,1.1616,0.5358473078333333,0.03157136139030869,0.569266198,0.8482142856666667,0.04464285713333334,0.875,9.0,1.4142135623730951,10.0,2.0,0.0,2.0,0.3333333333333333,0.4714045207910317,1.0,0.0,0.0,0.0,A.Me_dL.L.Me_dL.meL.iBu_Gly,A.L.Me_dL.Me_dL.iBu_Gly.meL,-4.7836485566100535,0.9476919839841629,0.3340224889219699,0.18806849456457267,-4.049984940728019,0.11612417392212432,1.0,0.508038258038258,0.6569909491937026,0.6226015692590474,A.Me_dL.L.dP.meL.iBu_Gly,"PEPTIDE95{A.[Me_dL].L.[Me_dL].[meL].[iBu_Gly]}$PEPTIDE95,PEPTIDE95,1:R1-6:R2$$$",1,focused_refinement
6,0.6666666666666666,0.3333333333333333,0.5,0.0,0.16666666666666666,131.86266666666666,25.693965073966734,177.247,21.775000000000002,3.2758395870371926,29.1,0.7372833333333332,0.5145871659776299,1.4061,0.5267764118333332,0.08365744960522432,0.688834587,0.7633838383333335,0.18066589109445527,0.875,9.333333333333334,1.9720265943665385,13.0,2.0,0.0,2.0,0.16666666666666666,0.372677996249965,1.0,0.5,0.5,1.0,meA.meL.bHph.P.meL.P,P.P.bHph.meA.meL.meL,-4.779217939969309,0.9342812368845028,0.3596034497757088,0.1947149056851762,-4.073417154393955,0.1330380059285561,1.0,0.508038258038258,0.6433688417090596,0.6225008124386735,meA.meL.meL.P.meL.P,"PEPTIDE96{[meA].[meL].[bHph].P.[meL].P}$PEPTIDE96,PEPTIDE96,1:R1-6:R2$$$",1,focused_refinement
6,0.6666666666666666,0.3333333333333333,0.3333333333333333,0.16666666666666666,0.0,138.547,18.56383625942296,173.256,24.778333333333332,4.470739747389564,29.54,0.8622833333333332,0.29647474550494557,1.1616,0.519653309,0.058040172641208365,0.569266198,0.8644179893333334,0.01777120231484738,0.888888889,9.666666666666666,1.247219128924647,12.0,2.1666666666666665,0.3726779962499649,3.0,0.3333333333333333,0.4714045207910317,1.0,0.16666666666666666,0.37267799624996495,1.0,L.Me_dL.L.Me_dL.dP.Mono34,L.L.Me_dL.Me_dL.Mono34.dP,-5.017227093156849,0.9634857551144016,0.25050237162368705,0.15958986802126168,-4.218889990859606,0.11991936556860631,1.0,0.9589762089762089,0.709173465313016,0.6223332667196075,Pr_Gly.Me_dL.L.Me_dL.dP.F,"PEPTIDE97{L.[Me_dL].L.[Me_dL].[dP].[Mono34]}$PEPTIDE97,PEPTIDE97,1:R1-6:R2$$$",1,focused_refinement
6,0.6666666666666666,0.3333333333333333,0.5,0.0,0.16666666666666666,131.86266666666666,25.693965073966734,177.247,21.775000000000002,3.2758395870371926,29.1,0.7372833333333332,0.5145871659776299,1.4061,0.5267764118333332,0.08365744960522432,0.688834587,0.7633838383333335,0.18066589109445527,0.875,9.333333333333334,1.9720265943665385,13.0,2.0,0.0,2.0,0.16666666666666666,0.372677996249965,1.0,0.5,0.5,1.0,meA.Me_dL.bHph.P.Me_dL.P,Me_dL.Me_dL.P.P.bHph.meA,-4.779217939969309,0.9342812368845028,0.3596034497757088,0.1947149056851762,-4.073417154393955,0.1312641331997233,1.0,0.508038258038258,0.6433688417090596,0.6222169928020602,meA.Me_dL.bHph.L.Me_dL.P,"PEPTIDE98{[meA].[Me_dL].[bHph].P.[Me_dL].P}$PEPTIDE98,PEPTIDE98,1:R1-6:R2$$$",1,focused_refinement
6,1.0,0.5,0.3333333333333333,0.0,0.16666666666666666,132.19866666666667,20.580048588108067,163.22,23.24,4.14364573775317,29.1,0.7865333333333333,0.4371623484346392,1.3073,0.5198892333333334,0.08706903985405505,0.671232567,0.7567460316666667,0.20591300045388317,0.875,9.333333333333334,1.5986105077709065,12.0,2.0,0.0,2.0,0.3333333333333333,0.4714045207910317,1.0,0.3333333333333333,0.4714045207910317,1.0,meA.pentyl_Gly.Me_dL.L.P.F,F.L.Me_dL.P.meA.pentyl_Gly,-4.8607736294635,0.985296568905404,0.21370794301847143,0.06556763744436156,-3.998722941428422,0.1610082209475535,1.0,0.508038258038258,0.7816924009744693,0.621810648984529,meA.pentyl_Gly.Me_dL.Me_dA.P.F,"PEPTIDE99{[meA].[pentyl_Gly].[Me_dL].L.P.F}$PEPTIDE99,PEPTIDE99,1:R1-6:R2$$$",1,focused_refinement
6,0.6666666666666666,0.3333333333333333,0.5,0.0,0.0,129.52483333333333,21.80149421803214,163.22,20.31,0.0,20.31,0.7224833333333334,0.49608283386502655,1.3173,0.5159337761666666,0.06381306382847463,0.623778773,0.7527777776666666,0.20416194245630323,0.875,9.166666666666666,1.674979270186815,12.0,2.0,0.0,2.0,0.0,0.0,0.0,0.5,0.5,1.0,Me_dA.Me_dL.Bn_Gly.P.Me_dL.P,Bn_Gly.Me_dA.Me_dL.Me_dL.P.P,-4.794890852801118,0.9427047247482919,0.3300867809679366,0.18026143787098695,-4.062294878004542,0.13260832070142747,1.0,0.508038258038258,0.6620989699771007,0.6206107395597691,dP.Me_dL.Bn_Gly.P.Me_dL.P,"PEPTIDE100{[Me_dA].[Me_dL].[Bn_Gly].P.[Me_dL].P}$PEPTIDE100,PEPTIDE100,1:R1-6:R2$$$",1,focused_refinement
6,1.0,0.3333333333333333,0.3333333333333333,0.0,0.16666666666666666,134.87249999999997,18.90695322493817,163.22,23.24,4.14364573775317,29.1,0.8688000000000001,0.37619949051888235,1.3073,0.5311287226666667,0.0821976505980792,0.671232567,0.7607142856666665,0.20757344407388406,0.875,9.5,1.5,12.0,2.0,0.0,2.0,0.3333333333333333,0.4714045207910317,1.0,0.16666666666666666,0.372677996249965,1.0,meA.pentyl_Gly.meL.F.L.iBu_Gly,F.L.iBu_Gly.meA.meL.pentyl_Gly,-4.915670255069232,0.9820326991552375,0.26164276528086683,0.09741796763386062,-4.088813430462892,0.09570602023368709,1.0,0.7064509564509563,0.7358022903474938,0.6191174733134996,meA.pentyl_Gly.meL.F.meL.iBu_Gly,"PEPTIDE101{[meA].[pentyl_Gly].[meL].F.L.[iBu_Gly]}$PEPTIDE101,PEPTIDE101,1:R1-6:R2$$$",1,focused_refinement
6,0.8333333333333334,0.3333333333333333,0.3333333333333333,0.0,0.0,126.52916666666665,20.718599891696883,143.23,21.775000000000002,3.2758395870371926,29.1,0.74605,0.5456935793098541,1.3073,0.49384138433333336,0.05131949762728512,0.550366122,0.8442460316666668,0.04473095364794072,0.875,8.833333333333334,1.4624940645653535,10.0,2.0,0.0,2.0,0.16666666666666666,0.372677996249965,1.0,0.16666666666666666,0.372677996249965,1.0,A.pentyl_Gly.Me_dL.P.Me_dL.iBu_Gly,A.Me_dL.Me_dL.P.iBu_Gly.pentyl_Gly,-4.890248084425809,0.9412173676550167,0.2903004123452621,0.1918034720959374,-4.142131790967408,0.12729520567137922,1.0,0.7064509564509563,0.6747165367406293,0.6185182905870792,dP.meL.Me_dL.P.Me_dL.iBu_Gly,"PEPTIDE102{A.[pentyl_Gly].[Me_dL].P.[Me_dL].[iBu_Gly]}$PEPTIDE102,PEPTIDE102,1:R1-6:R2$$$",1,focused_refinement
6,0.6666666666666666,0.3333333333333333,0.6666666666666666,0.0,0.0,126.19316666666667,17.500943883275422,143.23,20.31,0.0,20.31,0.6965333333333333,0.4675405924147715,1.1616,0.5036983343333333,0.046707332699704236,0.550366122,0.8486111109999999,0.02863267801496467,0.875,8.833333333333334,1.2133516482134197,10.0,2.0,0.0,2.0,0.0,0.0,0.0,0.3333333333333333,0.4714045207910317,1.0,meA.meL.meL.P.Me_dL.P,Me_dL.P.P.meA.meL.meL,-4.740419708801072,0.9209578081877244,0.37592312398437966,0.2311988960158015,-4.065223186609488,0.1657483436923329,1.0,0.399063899063899,0.6222302896452674,0.6182200906715731,meL.meL.meL.P.meL.P,"PEPTIDE103{[meA].[meL].[meL].P.[Me_dL].P}$PEPTIDE103,PEPTIDE103,1:R1-6:R2$$$",1,focused_refinement
6,0.5,0.5,0.5,0.0,0.0,130.86883333333333,13.468332492884512,143.23,21.775000000000002,3.2758395870371926,29.1,0.8105333333333333,0.39450704119895696,1.1616,0.521763745,0.04760338493618238,0.569266198,0.8581349205000001,0.018639180930914965,0.875,9.166666666666666,0.8975274678557508,10.0,2.0,0.0,2.0,0.16666666666666666,0.372677996249965,1.0,0.3333333333333333,0.4714045207910317,1.0,P.meL.meL.P.meL.L,L.P.P.meL.meL.meL,-4.724252118659117,0.9599012031633949,0.4216539332873045,0.1628097719286958,-4.0158803251215485,0.15973491963179182,1.0,0.30962555962555954,0.6311283727787732,0.6181404922990841,P.meL.meL.P.meL.F,"PEPTIDE104{P.[meL].[meL].P.[meL].L}$PEPTIDE104,PEPTIDE104,1:R1-6:R2$$$",1,focused_refinement
6,0.6666666666666666,0.3333333333333333,0.3333333333333333,0.0,0.0,126.19316666666667,13.232984702586517,143.23,21.775000000000002,3.2758395870371926,29.1,0.7288,0.3816935157950682,1.1616,0.5115082023333333,0.0445956677942824,0.560159165,0.8511904760000001,0.018823081461110714,0.875,8.833333333333334,0.8975274678557508,10.0,2.0,0.0,2.0,0.16666666666666666,0.372677996249965,1.0,0.3333333333333333,0.4714045207910317,1.0,Pr_Gly.Nle.meL.P.meL.P,Nle.P.P.Pr_Gly.meL.meL,-4.892880942585189,0.9440272397868891,0.38168629587806685,0.19960195364946992,-4.189597339149701,0.1474109279214695,1.0,0.7064509564509563,0.6323957699039272,0.6180876824086301,Pr_Gly.Nle.meL.P.meL.F,"PEPTIDE105{[Pr_Gly].[Nle].[meL].P.[meL].P}$PEPTIDE105,PEPTIDE105,1:R1-6:R2$$$",1,focused_refinement
6,0.6666666666666666,0.3333333333333333,0.5,0.0,0.0,138.21099999999998,20.651183622252745,173.256,21.848333333333333,3.439817905387177,29.54,0.8293333333333334,0.3971604111970656,1.1616,0.4974770888333333,0.05392531047665195,0.550366122,0.8634259258333333,0.02183791946187141,0.888888889,9.666666666666666,1.3743685418725535,12.0,2.1666666666666665,0.3726779962499649,3.0,0.0,0.0,0.0,0.3333333333333333,0.4714045207910317,1.0,P.Me_dL.meL.P.meL.Mono34,Me_dL.Mono34.P.P.meL.meL,-4.785734115551113,0.9065590346723469,0.35909662401232434,0.2558496632449784,-4.122685808696173,0.16959379017182707,1.0,0.508038258038258,0.6192156407246963,0.61755364177363,P.Me_dL.meL.P.meL.Mono34,"PEPTIDE106{P.[Me_dL].[meL].P.[meL].[Mono34]}$PEPTIDE106,PEPTIDE106,1:R1-6:R2$$$",1,focused_refinement
6,0.6666666666666666,0.16666666666666666,0.5,0.16666666666666666,0.16666666666666666,134.5365,20.90117184713176,163.22,21.775000000000002,3.2758395870371926,29.1,0.81955,0.43724815894409436,1.1616,0.5414210855,0.0701044245303267,0.671232567,0.7597222221666665,0.2074657862418688,0.875,9.5,1.6072751268321592,12.0,2.0,0.0,2.0,0.16666666666666666,0.372677996249965,1.0,0.3333333333333333,0.4714045207910317,1.0,meL.Et_Gly.meL.meL.dP.F,Et_Gly.F.dP.meL.meL.meL,-4.932950979423743,0.9972956792383245,0.12855922523980062,0.03844004009680264,-4.0095449228295195,0.1603058638594744,1.0,0.5845358345358346,0.8568985685792743,0.6172133178825268,meL.Et_Gly.meL.P.Me_dL.F,"PEPTIDE107{[meL].[Et_Gly].[meL].[meL].[dP].F}$PEPTIDE107,PEPTIDE107,1:R1-6:R2$$$",1,focused_refinement
6,0.6666666666666666,0.3333333333333333,0.3333333333333333,0.16666666666666666,0.0,126.19316666666667,13.232984702586517,143.23,21.775000000000002,3.2758395870371926,29.1,0.7047833333333333,0.37054084532687553,1.1616,0.5130260411666666,0.04634632024731741,0.569266198,0.8511904760000001,0.018823081461110714,0.875,8.833333333333334,0.8975274678557508,10.0,2.0,0.0,2.0,0.16666666666666666,0.37267799624996495,1.0,0.3333333333333333,0.4714045207910317,1.0,Pr_Gly.Me_dL.P.P.dL.Me_dL,Me_dL.Me_dL.P.P.Pr_Gly.dL,-5.017936757663724,0.9596695075576822,0.36149809711456327,0.16723200833086807,-4.2808243007460405,0.12246976822193024,1.0,0.9589762089762089,0.6541377032073472,0.6171958009058087,Pr_Gly.Me_dL.L.P.dL.Me_dL,"PEPTIDE108{[Pr_Gly].[Me_dL].P.P.[dL].[Me_dL]}$PEPTIDE108,PEPTIDE108,1:R1-6:R2$$$",1,focused_refinement
6,0.6666666666666666,0.3333333333333333,0.5,0.0,0.0,126.86516666666667,20.514404243658213,143.23,23.24,4.14364573775317,29.1,0.77075,0.4959212496287423,1.1616,0.5317463095,0.034495506803356654,0.569266198,0.8442460316666666,0.044730953647940705,0.875,8.833333333333334,1.4624940645653537,10.0,2.0,0.0,2.0,0.3333333333333333,0.47140452079103173,1.0,0.0,0.0,0.0,A.L.Me_dL.Me_dL.Me_dL.Pr_Gly,A.L.Me_dL.Me_dL.Me_dL.Pr_Gly,-4.777553857531355,0.9367221064332059,0.36276522453384935,0.2083435255412017,-4.074300244750375,0.09573466734503629,1.0,0.508038258038258,0.6364931771605439,0.6171300868137723,Me_dA.L.Me_dL.F.Me_dL.Pr_Gly,"PEPTIDE109{A.L.[Me_dL].[Me_dL].[Me_dL].[Pr_Gly]}$PEPTIDE109,PEPTIDE109,1:R1-6:R2$$$",1,focused_refinement
6,1.0,0.3333333333333333,0.16666666666666666,0.16666666666666666,0.16666666666666666,134.2005,24.687767691375694,169.268,24.705,4.395000000000001,29.1,0.8185333333333333,0.5147238536881261,1.6974,0.5522609081666666,0.07559850311121744,0.671232567,0.7579365078333334,0.20697250182153926,0.9,9.5,1.8929694486000912,12.0,2.0,0.0,2.0,0.5,0.5,1.0,0.5,0.5,1.0,meA.cHexCH2_Gly.dL.P.Nle.F,F.Nle.P.cHexCH2_Gly.dL.meA,-5.031120365264856,0.9847762466998621,0.18155225807769906,0.08588032850390656,-4.158590329729821,0.1740608534632413,1.0,0.8124560624560625,0.7889965987832943,0.6146546001600548,meA.cHexCH2_Gly.dL.meL.P.F,"PEPTIDE110{[meA].[cHexCH2_Gly].[dL].P.[Nle].F}$PEPTIDE110,PEPTIDE110,1:R1-6:R2$$$",1,focused_refinement
6,0.8333333333333334,0.16666666666666666,0.5,0.0,0.16666666666666666,134.8725,20.568384880280057,163.22,21.775000000000002,3.2758395870371926,29.1,0.8608166666666666,0.3938635737437802,1.1616,0.5485595765,0.06274666401833297,0.671232567,0.7597222221666667,0.2074657862418688,0.875,9.5,1.6072751268321592,12.0,2.0,0.0,2.0,0.16666666666666666,0.372677996249965,1.0,0.16666666666666666,0.372677996249965,1.0,Pr_Gly.meL.Me_dL.Et_Gly.Me_dL.F,Et_Gly.F.Me_dL.Me_dL.Pr_Gly.meL,-4.793790288616609,0.9838484926657057,0.26204945718590755,0.10500592973312646,-3.967218006977139,0.16953266351163232,1.0,0.33201058201058203,0.7314992571396279,0.614158483002738,Me_dA.meL.Me_dL.Et_Gly.Me_dL.F,"PEPTIDE111{[Pr_Gly].[meL].[Me_dL].[Et_Gly].[Me_dL].F}$PEPTIDE111,PEPTIDE111,1:R1-6:R2$$$",1,focused_refinement
6,0.6666666666666666,0.3333333333333333,0.3333333333333333,0.3333333333333333,0.16666666666666666,134.2005,17.867920078080342,163.22,23.24,4.14364573775317,29.1,0.7862666666666667,0.3762203151818832,1.1616,0.5419081525,0.07380666569169679,0.671232567,0.7623015871666666,0.20744899224587943,0.875,9.5,1.3844373104863459,12.0,2.0,0.0,2.0,0.3333333333333333,0.4714045207910317,1.0,0.5,0.5,1.0,L.meL.meL.dP.dP.F,F.L.dP.dP.meL.meL,-4.976502685463166,0.9669773788569457,0.25363885403204767,0.1464923509443775,-4.1729678213583385,0.2186859704200903,1.0,0.7142209642209641,0.7142187792442192,0.6136125367630443,L.Me_dL.meL.dP.dP.F,"PEPTIDE112{L.[meL].[meL].[dP].[dP].F}$PEPTIDE112,PEPTIDE112,1:R1-6:R2$$$",1,focused_refinement
6,0.6666666666666666,0.3333333333333333,0.5,0.0,0.0,137.87499999999997,20.086951610436067,171.24,21.848333333333333,3.439817905387177,29.54,0.7645833333333333,0.406666904713045,1.1616,0.5232630986666666,0.049191142684771115,0.57826232,0.8634259258333333,0.02183791946187141,0.888888889,9.666666666666666,1.3743685418725535,12.0,2.1666666666666665,0.3726779962499649,3.0,0.0,0.0,0.0,0.5,0.5,1.0,meL.Me_dL.meL.P.Mono38.P,Me_dL.Mono38.P.P.meL.meL,-4.776105232955931,0.9021320805656473,0.3921741795791377,0.25384697581225846,-4.1335219861329175,0.13340737828442825,1.0,0.508038258038258,0.6075256060498305,0.6130271509755776,meL.Me_dL.meL.P.Mono38.P,"PEPTIDE113{[meL].[Me_dL].[meL].P.[Mono38].P}$PEPTIDE113,PEPTIDE113,1:R1-6:R2$$$",1,focused_refinement
6,1.0,0.16666666666666666,0.5,0.0,0.16666666666666666,134.8725,20.568384880280057,163.22,21.775000000000002,3.2758395870371926,29.1,0.8848333333333334,0.4160340157033103,1.3073,0.5238777116666667,0.0818196218426726,0.671232567,0.7597222221666667,0.2074657862418688,0.875,9.5,1.6072751268321592,12.0,2.0,0.0,2.0,0.16666666666666666,0.372677996249965,1.0,0.16666666666666666,0.372677996249965,1.0,Pr_Gly.pentyl_Gly.meL.meA.Me_dL.F,F.Me_dL.Pr_Gly.meA.meL.pentyl_Gly,-4.807510735236985,0.9892981640122257,0.2805038368544354,0.06653410346070322,-3.975098015517153,0.17275028717636065,1.0,0.33201058201058203,0.742369587426803,0.612115478296255,Pr_Gly.Pr_Gly.meL.meA.Me_dL.F,"PEPTIDE114{[Pr_Gly].[pentyl_Gly].[meL].[meA].[Me_dL].F}$PEPTIDE114,PEPTIDE114,1:R1-6:R2$$$",1,focused_refinement
6,0.6666666666666666,0.3333333333333333,0.3333333333333333,0.16666666666666666,0.0,135.87316666666666,20.744433891341124,173.256,23.313333333333333,4.2492535292161095,29.54,0.7723,0.36891712709857566,1.1616,0.5006271015,0.05736509616316892,0.569266198,0.8604497353333335,0.021267110210895498,0.888888889,9.5,1.3844373104863459,12.0,2.1666666666666665,0.3726779962499649,3.0,0.16666666666666666,0.372677996249965,1.0,0.3333333333333333,0.4714045207910317,1.0,P.dL.meL.P.meL.Mono34,Mono34.P.P.dL.meL.meL,-5.028523162068805,0.928424542012829,0.2939333927471656,0.22153628319285956,-4.302449387227774,0.15374682447261864,1.0,0.9589762089762089,0.659861438256568,0.6118062331048428,P.Me_dL.meL.P.meL.Mono34,"PEPTIDE115{P.[dL].[meL].P.[meL].[Mono34]}$PEPTIDE115,PEPTIDE115,1:R1-6:R2$$$",1,focused_refinement
6,1.0,0.3333333333333333,0.16666666666666666,0.16666666666666666,0.16666666666666666,134.2005,24.687767691375694,169.268,24.705,4.395000000000001,29.1,0.8185333333333333,0.5147238536881261,1.6974,0.5522609081666666,0.07559850311121744,0.671232567,0.7579365078333334,0.20697250182153926,0.9,9.5,1.8929694486000912,12.0,2.0,0.0,2.0,0.5,0.5,1.0,0.5,0.5,1.0,meA.cHexCH2_Gly.Nle.dP.L.F,F.L.Nle.cHexCH2_Gly.dP.meA,-5.031120365264856,0.9847762466998621,0.18155225807769906,0.08588032850390656,-4.158590329729821,0.15066790224116047,1.0,0.8124560624560625,0.7889965987832943,0.610911727964522,meA.pentyl_Gly.Nle.dP.L.F,"PEPTIDE116{[meA].[cHexCH2_Gly].[Nle].[dP].L.F}$PEPTIDE116,PEPTIDE116,1:R1-6:R2$$$",1,focused_refinement
6,0.6666666666666666,0.3333333333333333,0.3333333333333333,0.16666666666666666,0.0,135.87316666666666,20.744433891341124,173.256,23.313333333333333,4.2492535292161095,29.54,0.7723,0.36891712709857566,1.1616,0.5006271015,0.05736509616316892,0.569266198,0.8604497353333335,0.021267110210895498,0.888888889,9.5,1.3844373104863459,12.0,2.1666666666666665,0.3726779962499649,3.0,0.16666666666666666,0.372677996249965,1.0,0.3333333333333333,0.4714045207910317,1.0,P.Me_dL.dL.P.Me_dL.Mono34,Me_dL.Me_dL.Mono34.P.P.dL,-5.028523162068805,0.928424542012829,0.2939333927471656,0.22153628319285956,-4.302449387227774,0.13944261193796056,1.0,0.9589762089762089,0.659861438256568,0.6095175590992974,P.Me_dL.meL.P.meL.Mono34,"PEPTIDE117{P.[Me_dL].[dL].P.[Me_dL].[Mono34]}$PEPTIDE117,PEPTIDE117,1:R1-6:R2$$$",1,focused_refinement
6,1.0,0.16666666666666666,0.3333333333333333,0.16666666666666666,0.0,126.52916666666665,15.248070450788918,143.23,23.24,4.14364573775317,29.1,0.7777833333333334,0.4329873724743277,1.3073,0.5013769996666666,0.06075463245131266,0.569266198,0.8496031745,0.026232529990672146,0.875,8.833333333333334,1.0671873729054748,10.0,2.0,0.0,2.0,0.3333333333333333,0.4714045207910317,1.0,0.16666666666666666,0.37267799624996495,1.0,Me_dA.meL.L.Nle.dP.pentyl_Gly,L.Me_dA.Nle.dP.meL.pentyl_Gly,-4.997683465598471,0.9686969958881682,0.1941647234284307,0.13091242801930186,-4.158796938429344,0.12808520558461006,1.0,0.782948532948533,0.7546730384019038,0.6067047056141417,Me_dA.meL.L.Nle.P.pentyl_Gly,"PEPTIDE118{[Me_dA].[meL].L.[Nle].[dP].[pentyl_Gly]}$PEPTIDE118,PEPTIDE118,1:R1-6:R2$$$",1,focused_refinement
6,0.8333333333333334,0.3333333333333333,0.5,0.0,0.16666666666666666,134.53650000000002,28.154357861321106,177.247,23.24,4.14364573775317,29.1,0.8272666666666666,0.5830561084111507,1.4061,0.5445358833333334,0.07545152600618382,0.688834587,0.7619949495,0.18359059104929829,0.875,9.5,2.140872096444188,13.0,2.0,0.0,2.0,0.3333333333333333,0.4714045207910317,1.0,0.3333333333333333,0.4714045207910317,1.0,A.meL.meL.P.bHph.Me_dL,A.Me_dL.P.bHph.meL.meL,-4.821897459037175,0.915764712566112,0.30467740013751465,0.21583379971386266,-4.112429896468286,0.13886284439520727,1.0,0.508038258038258,0.6576735509069221,0.6054145016659871,meA.meL.P.P.bHph.Me_dL,"PEPTIDE119{A.[meL].[meL].P.[bHph].[Me_dL]}$PEPTIDE119,PEPTIDE119,1:R1-6:R2$$$",1,focused_refinement
6,0.6666666666666666,0.3333333333333333,0.3333333333333333,0.16666666666666666,0.0,131.2048333333333,10.2212791667949,143.23,23.24,4.14364573775317,29.1,0.8357666666666668,0.2961503484530938,1.1616,0.536153247,0.039476331434347374,0.569266198,0.859126984,0.014029896564353205,0.875,9.166666666666666,0.6871842709362768,10.0,2.0,0.0,2.0,0.3333333333333333,0.4714045207910317,1.0,0.16666666666666666,0.372677996249965,1.0,L.meL.L.dP.meL.iBu_Gly,L.L.dP.iBu_Gly.meL.meL,-5.046052447009132,0.9443018802947877,0.36850404167680584,0.193267365667469,-4.334319428969615,0.13352690071396148,1.0,0.9589762089762089,0.6402985707751284,0.6053929563234339,L.meL.L.dP.meL.Et_Gly,"PEPTIDE120{L.[meL].L.[dP].[meL].[iBu_Gly]}$PEPTIDE120,PEPTIDE120,1:R1-6:R2$$$",1,focused_refinement
