seq_len,unique_ratio,natural_ratio,n_methyl_ratio,d_ratio,aromatic_ratio,MolWt_mean,MolWt_std,MolWt_max,TPSA_mean,TPSA_std,TPSA_max,MolLogP_mean,MolLogP_std,MolLogP_max,qed_mean,qed_std,qed_max,FractionCSP3_mean,FractionCSP3_std,FractionCSP3_max,HeavyAtomCount_mean,HeavyAtomCount_std,HeavyAtomCount_max,NumHAcceptors_mean,NumHAcceptors_std,NumHAcceptors_max,NumHDonors_mean,NumHDonors_std,NumHDonors_max,RingCount_mean,RingCount_std,RingCount_max,tokens,composition_signature,predicted_permeability,predicted_positive_prob,permeability_std,positive_prob_std,perm_quality,robust_score,motif_score,novelty_score,composition_alignment,uncertainty_stability,multiobjective_score,parent_tokens,variant_score,variant,rank
6,0.8333333333333334,0.3333333333333333,0.5,0.0,0.16666666666666666,132.19866666666667,20.580048588108067,163.22,23.24,4.14364573775317,29.1,0.7862666666666667,0.41760810044293384,1.1616,0.5413511105000001,0.07222625835975928,0.671232567,0.7567460316666668,0.20591300045388317,0.875,9.333333333333334,1.5986105077709065,12.0,2.0,0.0,2.0,0.3333333333333333,0.4714045207910317,1.0,0.3333333333333333,0.4714045207910317,1.0,Me_dA.Nle.meL.P.meL.F,F.Me_dA.Nle.P.meL.meL,-4.478954500185559,0.9961555543566324,0.22845234356408137,0.046471840148286425,0.8690287443598497,-3.608643077648038,0.2147656213534491,1.0,0.508038258038258,0.784360366502866,0.738183406376449,Pr_Gly.Nle.meL.P.meL.F,0.738183406376449,full,1
6,0.6666666666666666,0.3333333333333333,0.6666666666666666,0.0,0.16666666666666666,134.53650000000002,20.90117184713176,163.22,21.775000000000002,3.2758395870371926,29.1,0.8192833333333333,0.4376646372763308,1.1616,0.5397189366666667,0.07189267226178321,0.671232567,0.7597222221666665,0.2074657862418688,0.875,9.5,1.6072751268321592,12.0,2.0,0.0,2.0,0.16666666666666666,0.372677996249965,1.0,0.3333333333333333,0.4714045207910317,1.0,meA.meL.meL.P.meL.F,F.P.meA.meL.meL.meL,-4.469216187150636,1.0,0.14714768743518866,0.0,0.8742098510632653,-3.54279003086823,0.24024399428586296,1.0,0.399063899063899,0.8717273381214028,0.7342904053046537,P.meL.meL.P.meL.F,0.7342904053046537,full,2
6,0.8333333333333334,0.3333333333333333,0.5,0.0,0.16666666666666666,132.19866666666667,20.580048588108067,163.22,23.24,4.14364573775317,29.1,0.7862666666666667,0.4176081004429339,1.1616,0.5413511105000001,0.07222625835975928,0.671232567,0.7567460316666667,0.20591300045388317,0.875,9.333333333333334,1.5986105077709065,12.0,2.0,0.0,2.0,0.3333333333333333,0.4714045207910317,1.0,0.3333333333333333,0.4714045207910317,1.0,meA.Me_dL.P.Nle.Me_dL.F,F.Me_dL.Me_dL.Nle.P.meA,-4.478954500185559,0.9961555543566324,0.22845234356408137,0.046471840148286425,0.8690287443598497,-3.608643077648038,0.18648936540830516,1.0,0.508038258038258,0.784360366502866,0.733659205425226,meA.Me_dL.dP.Nle.Me_dL.F,0.733659205425226,full,3
6,0.8333333333333334,0.5,0.5,0.0,0.16666666666666666,132.19866666666667,20.580048588108067,163.22,23.24,4.14364573775317,29.1,0.76225,0.41081311951624266,1.1616,0.5428689493333334,0.07269970262160412,0.671232567,0.7567460316666668,0.20591300045388317,0.875,9.333333333333334,1.5986105077709065,12.0,2.0,0.0,2.0,0.3333333333333333,0.4714045207910317,1.0,0.3333333333333333,0.4714045207910317,1.0,Me_dA.Me_dL.L.P.Me_dL.F,F.L.Me_dA.Me_dL.Me_dL.P,-4.388084134976139,0.9986960606147802,0.16071410527092378,0.009313699493185943,0.910885902094577,-3.4720735518701167,0.21726849781982419,1.0,0.30962555962555954,0.854680543426582,0.7256303178413082,Me_dA.Me_dL.L.P.Me_dL.F,0.7256303178413082,full,4
6,0.8333333333333334,0.3333333333333333,0.3333333333333333,0.16666666666666666,0.16666666666666666,134.53650000000002,17.48393067695782,163.22,23.24,4.14364573775317,29.1,0.8275333333333332,0.3289852158110182,1.1616,0.5490466435,0.06680556534028723,0.671232567,0.7623015871666667,0.20744899224587943,0.875,9.5,1.3844373104863459,12.0,2.0,0.0,2.0,0.3333333333333333,0.4714045207910317,1.0,0.3333333333333333,0.4714045207910317,1.0,L.Me_dL.Pr_Gly.dP.Me_dL.F,F.L.Me_dL.Me_dL.Pr_Gly.dP,-4.874278064685316,0.9997436978480457,0.04584452724889453,0.005725356386733752,0.5031443127920935,-3.898887969558401,0.17916592619375593,1.0,0.9589762089762089,0.9509591474250538,0.7090612547423578,L.Me_dL.Pr_Gly.dP.Me_dL.F,0.7090612547423578,full,5
6,0.8333333333333334,0.3333333333333333,0.5,0.0,0.16666666666666666,134.53650000000002,20.90117184713176,163.22,21.775000000000002,3.2758395870371926,29.1,0.81955,0.43724815894409436,1.1616,0.5414210855,0.0701044245303267,0.671232567,0.7597222221666665,0.2074657862418688,0.875,9.5,1.6072751268321592,12.0,2.0,0.0,2.0,0.16666666666666666,0.372677996249965,1.0,0.3333333333333333,0.4714045207910317,1.0,meL.Et_Gly.meL.P.Me_dL.F,Et_Gly.F.Me_dL.P.meL.meL,-4.62035730039781,0.998940014114326,0.20599893239533382,0.023678291087748875,0.7720648681991117,-3.730336325253088,0.19346134719531038,1.0,0.508038258038258,0.8132215356217481,0.7086627235342824,meL.Et_Gly.meL.P.Me_dL.F,0.7086627235342824,full,6
6,0.8333333333333334,0.3333333333333333,0.3333333333333333,0.16666666666666666,0.16666666666666666,134.53650000000002,17.483930676957815,163.22,23.24,4.14364573775317,29.1,0.8275333333333332,0.32898521581101814,1.1616,0.5490466435,0.06680556534028723,0.671232567,0.7623015871666667,0.20744899224587943,0.875,9.5,1.3844373104863459,12.0,2.0,0.0,2.0,0.3333333333333333,0.4714045207910317,1.0,0.3333333333333333,0.4714045207910317,1.0,P.Me_dL.Pr_Gly.dL.Me_dL.F,F.Me_dL.Me_dL.P.Pr_Gly.dL,-4.874278064685316,0.9997436978480457,0.04584452724889453,0.005725356386733752,0.5031443127920935,-3.898887969558401,0.1419303414062611,1.0,0.9589762089762089,0.9509591474250538,0.7031035611763585,P.Me_dL.Pr_Gly.Nle.Me_dL.F,0.7031035611763585,full,7
6,0.8333333333333334,0.3333333333333333,0.5,0.0,0.16666666666666666,132.53466666666668,20.280751857090724,163.22,23.24,4.14364573775317,29.1,0.8035166666666665,0.37072785353799476,1.1616,0.5500074403333334,0.06547586686775525,0.671232567,0.7567460316666667,0.20591300045388317,0.875,9.333333333333334,1.5986105077709065,12.0,2.0,0.0,2.0,0.3333333333333333,0.4714045207910317,1.0,0.16666666666666666,0.372677996249965,1.0,Pr_Gly.L.meL.meA.meL.F,F.L.Pr_Gly.meA.meL.meL,-4.652246819912953,0.9841376734846886,0.2635468731673689,0.1047610466785086,0.7442864690374198,-3.8260728446815766,0.18678768233263407,1.0,0.508038258038258,0.730829651349703,0.6891175049148701,Pr_Gly.dL.meL.meA.meL.F,0.6891175049148701,full,8
6,0.6666666666666666,0.3333333333333333,0.5,0.16666666666666666,0.0,126.52916666666665,15.248070450788918,143.23,23.24,4.14364573775317,29.1,0.7294833333333334,0.39687102193981805,1.1616,0.5258745545000001,0.04864534960611399,0.569266198,0.8496031745000002,0.026232529990672146,0.875,8.833333333333334,1.0671873729054748,10.0,2.0,0.0,2.0,0.3333333333333333,0.4714045207910317,1.0,0.16666666666666666,0.372677996249965,1.0,meA.L.meL.dP.meL.L,L.L.dP.meA.meL.meL,-4.783348214096418,0.9840995318649605,0.2913580097323839,0.09963794797410704,0.609440750703711,-3.9698371740911766,0.1534330185997514,1.0,0.7605635105635105,0.7189093501384612,0.6827683055359026,meA.L.meL.Bn_Gly.meL.L,0.6827683055359026,full,9
6,0.8333333333333334,0.3333333333333333,0.5,0.16666666666666666,0.0,126.52916666666665,15.248070450788916,143.23,23.24,4.14364573775317,29.1,0.7294833333333334,0.3968710219398181,1.1616,0.5258745545000001,0.04864534960611399,0.569266198,0.8496031745,0.026232529990672146,0.875,8.833333333333334,1.0671873729054748,10.0,2.0,0.0,2.0,0.3333333333333333,0.4714045207910317,1.0,0.16666666666666666,0.372677996249965,1.0,Me_dA.meL.meL.P.dL.L,L.Me_dA.P.dL.meL.meL,-4.787444842097171,0.9831516996149973,0.27178917128716057,0.1003914465704599,0.6047942947619459,-3.9652855897683694,0.15670840145027795,1.0,0.7605635105635105,0.7287670347372314,0.6824595650373677,iBu_Gly.meL.meL.P.dL.L,0.6824595650373677,full,10
6,0.8333333333333334,0.3333333333333333,0.5,0.16666666666666666,0.0,126.52916666666665,15.248070450788918,143.23,23.24,4.14364573775317,29.1,0.7294833333333334,0.3968710219398181,1.1616,0.5258745545000001,0.04864534960611399,0.569266198,0.8496031745000002,0.026232529990672146,0.875,8.833333333333334,1.0671873729054748,10.0,2.0,0.0,2.0,0.3333333333333333,0.4714045207910317,1.0,0.16666666666666666,0.372677996249965,1.0,meA.Me_dL.L.P.Me_dL.dL,L.Me_dL.Me_dL.P.dL.meA,-4.787444842097171,0.9831516996149973,0.27178917128716057,0.1003914465704599,0.6047942947619459,-3.9652855897683694,0.15054125438986335,1.0,0.7605635105635105,0.7287670347372314,0.6814728215077013,meA.Me_dL.L.P.meL.dL,0.6814728215077013,full,11
6,0.8333333333333334,0.3333333333333333,0.5,0.16666666666666666,0.0,126.52916666666665,15.248070450788918,143.23,23.24,4.14364573775317,29.1,0.7294833333333334,0.3968710219398181,1.1616,0.5258745545000001,0.04864534960611399,0.569266198,0.8496031745000002,0.026232529990672146,0.875,8.833333333333334,1.0671873729054748,10.0,2.0,0.0,2.0,0.3333333333333333,0.4714045207910317,1.0,0.16666666666666666,0.372677996249965,1.0,Me_dA.Me_dL.L.dP.meL.L,L.L.Me_dA.Me_dL.dP.meL,-4.787444842097171,0.9831516996149973,0.27178917128716057,0.1003914465704599,0.6047942947619459,-3.9652855897683694,0.14617576601470025,1.0,0.7605635105635105,0.7287670347372314,0.6807743433676754,Me_dA.Me_dL.L.dP.Me_dL.L,0.6807743433676754,full,12
6,0.6666666666666666,0.3333333333333333,0.5,0.16666666666666666,0.0,126.52916666666665,15.248070450788918,143.23,23.24,4.14364573775317,29.1,0.7294833333333334,0.39687102193981805,1.1616,0.5258745545,0.04864534960611399,0.569266198,0.8496031745,0.026232529990672146,0.875,8.833333333333334,1.0671873729054748,10.0,2.0,0.0,2.0,0.3333333333333333,0.4714045207910317,1.0,0.16666666666666666,0.37267799624996495,1.0,L.Me_dL.meA.L.dP.Me_dL,L.L.Me_dL.Me_dL.dP.meA,-4.783348214096418,0.9840995318649605,0.2913580097323839,0.09963794797410704,0.609440750703711,-3.9698371740911766,0.09836597948913957,1.0,0.7605635105635105,0.7189093501384612,0.6739575792782047,L.Me_dL.meA.L.dP.Me_dL,0.6739575792782047,full,13
6,1.0,0.5,0.3333333333333333,0.0,0.16666666666666666,134.53650000000002,17.483930676957815,163.22,23.24,4.14364573775317,29.1,0.8275333333333332,0.32898521581101814,1.1616,0.5490466435,0.06680556534028723,0.671232567,0.7623015871666666,0.20744899224587943,0.875,9.5,1.3844373104863459,12.0,2.0,0.0,2.0,0.3333333333333333,0.4714045207910317,1.0,0.3333333333333333,0.4714045207910317,1.0,L.meL.Me_dL.P.Pr_Gly.F,F.L.Me_dL.P.Pr_Gly.meL,-4.774080071182081,0.9996108490566038,0.05592425035558139,0.008692973594595872,0.6198787030382413,-3.8046045907019166,0.18815571849385507,1.0,0.508038258038258,0.9393047355457764,0.6724056297738574,L.meL.Me_dL.P.Pr_Gly.F,0.6724056297738574,full,14
6,1.0,0.3333333333333333,0.5,0.0,0.16666666666666666,134.53650000000002,20.90117184713176,163.22,21.775000000000002,3.2758395870371926,29.1,0.8435666666666667,0.45948222550557444,1.3073,0.5167392206666667,0.08555439481303531,0.671232567,0.7597222221666667,0.2074657862418688,0.875,9.5,1.6072751268321592,12.0,2.0,0.0,2.0,0.16666666666666666,0.372677996249965,1.0,0.3333333333333333,0.4714045207910317,1.0,P.pentyl_Gly.Me_dA.meL.Me_dL.F,F.Me_dA.Me_dL.P.meL.pentyl_Gly,-4.698896805009804,0.9911856217737943,0.21903991119278204,0.05411417615799761,0.699840983524485,-3.8307596828719,0.1243656976067888,1.0,0.508038258038258,0.7854508813468387,0.6718575476940107,P.pentyl_Gly.Me_dA.meL.meL.F,0.6718575476940107,full,15
6,0.8333333333333334,0.3333333333333333,0.5,0.0,0.0,126.52916666666665,15.248070450788918,143.23,23.24,4.14364573775317,29.1,0.7535,0.4058443133353807,1.1616,0.5243567156666668,0.04739373554414143,0.569266198,0.8496031745000002,0.026232529990672146,0.875,8.833333333333334,1.0671873729054748,10.0,2.0,0.0,2.0,0.3333333333333333,0.4714045207910317,1.0,0.16666666666666666,0.372677996249965,1.0,meA.meL.L.P.meL.Nle,L.Nle.P.meA.meL.meL,-4.679055200577197,0.9735744919909322,0.32018903812603905,0.13734357070168313,0.7192794914321382,-3.8999111203247043,0.15073941655178955,1.0,0.508038258038258,0.6860909964850044,0.6697334331606732,meA.meL.L.P.meL.Nle,0.6697334331606732,full,16
6,0.6666666666666666,0.3333333333333333,0.5,0.0,0.0,128.867,16.50251281875985,143.23,21.775000000000002,3.2758395870371926,29.1,0.7867833333333335,0.4285792825007864,1.1616,0.5244266906666667,0.04411963821772016,0.569266198,0.852579365,0.027880337911008128,0.875,9.0,1.1547005383792515,10.0,2.0,0.0,2.0,0.16666666666666666,0.372677996249965,1.0,0.16666666666666666,0.372677996249965,1.0,L.meL.meL.P.meL.Et_Gly,Et_Gly.L.P.meL.meL.meL,-4.692171746474114,0.9534556227649952,0.34247432236729736,0.1862022136118365,0.706515306905967,-3.9565038382957263,0.16983139344371104,1.0,0.508038258038258,0.6541606261781792,0.6615759358667583,L.Me_dL.meL.P.meL.Et_Gly,0.6615759358667583,full,17
6,1.0,0.3333333333333333,0.5,0.0,0.0,132.19866666666667,20.580048588108067,163.22,21.775000000000002,3.2758395870371926,29.1,0.8124666666666668,0.45481968466146616,1.3173,0.5349599836666666,0.05972904285942178,0.623778773,0.7567460316666668,0.20591300045388317,0.875,9.333333333333334,1.5986105077709065,12.0,2.0,0.0,2.0,0.16666666666666666,0.372677996249965,1.0,0.3333333333333333,0.4714045207910317,1.0,meA.Bn_Gly.meL.P.Me_dL.L,Bn_Gly.L.Me_dL.P.meA.meL,-4.73390167628304,0.9801677015708391,0.1994224993452277,0.08572124874770633,0.6637582288418766,-3.8748755365717416,0.1447242660702736,1.0,0.508038258038258,0.7781230710447232,0.6610595665705072,meA.Bn_Gly.meL.P.Me_dL.L,0.6610595665705072,full,18
6,0.8333333333333334,0.3333333333333333,0.3333333333333333,0.16666666666666666,0.16666666666666666,134.2005,17.867920078080342,163.22,21.775000000000002,3.2758395870371926,29.1,0.7785500000000001,0.3759363011202828,1.1616,0.5341214343333334,0.0729693772740503,0.671232567,0.7623015871666667,0.20744899224587943,0.875,9.5,1.3844373104863459,12.0,2.0,0.0,2.0,0.16666666666666666,0.372677996249965,1.0,0.5,0.5,1.0,iBu_Gly.meL.dP.P.meL.F,F.P.dP.iBu_Gly.meL.meL,-4.947827077390359,0.9760475480059803,0.2351637615092783,0.12431549414710523,0.41649980073434273,-4.120440283675794,0.1823827238333747,1.0,0.9589762089762089,0.7355757697951634,0.6606648425748844,iBu_Gly.meL.L.P.meL.F,0.6606648425748844,full,19
6,0.6666666666666666,0.3333333333333333,0.3333333333333333,0.16666666666666666,0.0,128.53099999999998,12.285219113498407,143.23,23.24,4.14364573775317,29.1,0.7775166666666666,0.3713545539268668,1.1616,0.5233959188333334,0.04871109028870648,0.569266198,0.85515873,0.01706810582512148,0.875,9.0,0.816496580927726,10.0,2.0,0.0,2.0,0.3333333333333333,0.4714045207910317,1.0,0.3333333333333333,0.4714045207910317,1.0,Me_dL.Me_dL.dL.P.P.Nle,Me_dL.Me_dL.Nle.P.P.dL,-4.91639746307811,0.975837533307504,0.267836681437487,0.12350306446444041,0.45321069102684935,-4.105354036605459,0.12154363277373743,1.0,0.9589762089762089,0.7187317137639564,0.6605459270829637,Me_dL.Me_dL.dL.P.P.Nle,0.6605459270829637,full,20
6,0.6666666666666666,0.3333333333333333,0.3333333333333333,0.16666666666666666,0.0,128.531,12.285219113498409,143.23,23.24,4.14364573775317,29.1,0.7775166666666667,0.3713545539268668,1.1616,0.5233959188333333,0.04871109028870649,0.569266198,0.85515873,0.01706810582512148,0.875,9.0,0.816496580927726,10.0,2.0,0.0,2.0,0.3333333333333333,0.4714045207910317,1.0,0.3333333333333333,0.4714045207910317,1.0,P.Nle.dL.P.meL.meL,Nle.P.P.dL.meL.meL,-4.91639746307811,0.975837533307504,0.267836681437487,0.12350306446444041,0.45321069102684935,-4.105354036605459,0.1132005502232476,1.0,0.9589762089762089,0.7187317137639564,0.6592110338748853,P.Nle.dL.P.meL.meL,0.6592110338748853,full,21
6,0.5,0.5,0.5,0.0,0.16666666666666666,136.53833333333333,17.978410586651485,163.22,21.775000000000002,3.2758395870371926,29.1,0.8433,0.401976541604109,1.1616,0.5387581398333333,0.07297040783637027,0.671232567,0.7652777776666667,0.20891123547062804,0.875,9.666666666666666,1.3743685418725535,12.0,2.0,0.0,2.0,0.16666666666666666,0.372677996249965,1.0,0.5,0.5,1.0,Me_dL.P.Me_dL.P.Me_dL.F,F.Me_dL.Me_dL.Me_dL.P.P,-4.636460977525222,0.9809512211119985,0.3146724142031186,0.11473297989573489,0.7583092325790556,-3.841529208488716,0.17895348606356362,1.0,0.30962555962555954,0.6995915953083657,0.6570610377755253,Me_dL.P.Me_dL.P.Me_dL.F,0.6570610377755253,full,22
6,0.6666666666666666,0.3333333333333333,0.3333333333333333,0.0,0.0,131.86266666666666,19.234254224054425,163.22,20.31,0.0,20.31,0.7877666666666666,0.4367542011500544,1.3173,0.5221114703333334,0.0598551454650512,0.623778773,0.7583333331666667,0.20581815052640795,0.875,9.333333333333334,1.4907119849998596,12.0,2.0,0.0,2.0,0.0,0.0,0.0,0.5,0.5,1.0,Pr_Gly.meL.Bn_Gly.P.P.meL,Bn_Gly.P.P.Pr_Gly.meL.meL,-4.78763765789582,0.9541793553119892,0.31363482044881147,0.18185263722674677,0.6045751258358599,-4.035738872114923,0.12033399428622514,1.0,0.7064509564509563,0.6686782927315911,0.6561554385621116,Pr_Gly.meL.L.dP.P.meL,0.6561554385621116,full,23
6,0.6666666666666666,0.3333333333333333,0.5,0.0,0.0,126.86516666666665,14.96943727974509,143.23,23.24,4.14364573775317,29.1,0.77075,0.3590023293796295,1.1616,0.5330130455000001,0.040135284828337586,0.569266198,0.8496031745,0.026232529990672146,0.875,8.833333333333334,1.0671873729054748,10.0,2.0,0.0,2.0,0.3333333333333333,0.4714045207910317,1.0,0.0,0.0,0.0,Me_dA.Pr_Gly.meL.L.meL.L,L.L.Me_dA.Pr_Gly.meL.meL,-4.6891130711233195,0.9595723731311476,0.3438003197708584,0.17540594776713395,0.7095220342037597,-3.9452923448193844,0.11661999307279047,1.0,0.508038258038258,0.6582384639714449,0.6557583771080866,Me_dA.Pr_Gly.meL.L.meL.F,0.6557583771080866,full,24
6,0.8333333333333334,0.3333333333333333,0.5,0.0,0.16666666666666666,132.19866666666667,20.580048588108067,163.22,21.775000000000002,3.2758395870371926,29.1,0.7545333333333334,0.41010137635576027,1.1616,0.5350822311666666,0.07195356689434967,0.671232567,0.7567460316666668,0.20591300045388317,0.875,9.333333333333334,1.5986105077709065,12.0,2.0,0.0,2.0,0.16666666666666666,0.372677996249965,1.0,0.3333333333333333,0.4714045207910317,1.0,Me_dA.P.F.Me_dL.Me_dL.iBu_Gly,F.Me_dA.Me_dL.Me_dL.P.iBu_Gly,-4.483769009640153,0.9960240171376891,0.19926501211777312,0.04102719978042338,0.8664009491671898,-3.597634298506457,0.06391593908969738,1.0,0.508038258038258,0.806261613518928,0.7149796494851894,L.P.F.Me_dL.Me_dL.iBu_Gly,0.8387188538583716,no_motif,1
6,0.8333333333333334,0.3333333333333333,0.5,0.0,0.16666666666666666,132.19866666666664,20.580048588108067,163.22,23.24,4.14364573775317,29.1,0.7862666666666667,0.4176081004429339,1.1616,0.5413511105,0.0722262583597593,0.671232567,0.7567460316666667,0.20591300045388317,0.875,9.333333333333334,1.5986105077709065,12.0,2.0,0.0,2.0,0.3333333333333333,0.4714045207910317,1.0,0.3333333333333333,0.4714045207910317,1.0,meL.F.meL.meA.P.Nle,F.Nle.P.meA.meL.meL,-4.478954500185559,0.9961555543566324,0.22845234356408137,0.046471840148286425,0.8690287443598497,-3.608643077648038,0.07837340822893238,1.0,0.508038258038258,0.784360366502866,0.7163606522765265,meL.F.meL.meA.P.Nle,0.837238682101224,no_motif,2
6,0.6666666666666666,0.3333333333333333,0.6666666666666666,0.0,0.16666666666666666,134.5365,20.90117184713176,163.22,21.775000000000002,3.2758395870371926,29.1,0.8192833333333334,0.43766463727633076,1.1616,0.5397189366666666,0.07189267226178321,0.671232567,0.7597222221666667,0.2074657862418688,0.875,9.5,1.6072751268321592,12.0,2.0,0.0,2.0,0.16666666666666666,0.372677996249965,1.0,0.3333333333333333,0.4714045207910317,1.0,F.Me_dL.Me_dL.P.Me_dL.meA,F.Me_dL.Me_dL.Me_dL.P.meA,-4.469216187150636,1.0,0.14714768743518866,0.0,0.8742098510632653,-3.54279003086823,0.1452468200564261,1.0,0.399063899063899,0.8717273381214028,0.7190908574279438,F.Me_dL.Me_dL.P.Me_dL.meA,0.8289434973770052,no_motif,3
6,0.6666666666666666,0.3333333333333333,0.6666666666666666,0.0,0.16666666666666666,134.53650000000002,20.90117184713176,163.22,21.775000000000002,3.2758395870371926,29.1,0.8192833333333334,0.43766463727633076,1.1616,0.5397189366666667,0.07189267226178321,0.671232567,0.7597222221666667,0.2074657862418688,0.875,9.5,1.6072751268321592,12.0,2.0,0.0,2.0,0.16666666666666666,0.372677996249965,1.0,0.3333333333333333,0.4714045207910317,1.0,P.meL.Me_dA.meL.meL.F,F.Me_dA.P.meL.meL.meL,-4.469216187150636,1.0,0.14714768743518866,0.0,0.8742098510632653,-3.54279003086823,0.14689242873491803,1.0,0.399063899063899,0.8717273381214028,0.7193541548165026,P.pentyl_Gly.Me_dA.meL.meL.F,0.8289434973770052,no_motif,4
6,0.8333333333333334,0.3333333333333333,0.3333333333333333,0.16666666666666666,0.16666666666666666,134.53650000000002,17.48393067695782,163.22,23.24,4.14364573775317,29.1,0.8275333333333332,0.3289852158110182,1.1616,0.5490466435,0.06680556534028723,0.671232567,0.7623015871666667,0.20744899224587943,0.875,9.5,1.3844373104863459,12.0,2.0,0.0,2.0,0.3333333333333333,0.4714045207910317,1.0,0.3333333333333333,0.4714045207910317,1.0,L.Me_dL.Pr_Gly.dP.Me_dL.F,F.L.Me_dL.Me_dL.Pr_Gly.dP,-4.874278064685316,0.9997436978480457,0.04584452724889453,0.005725356386733752,0.5031443127920935,-3.898887969558401,0.17916592619375593,1.0,0.9589762089762089,0.9509591474250538,0.7090612547423578,L.Me_dL.Pr_Gly.dP.Me_dL.F,0.8178108506905197,no_motif,5
6,0.8333333333333334,0.3333333333333333,0.3333333333333333,0.16666666666666666,0.16666666666666666,134.53650000000002,17.483930676957815,163.22,23.24,4.14364573775317,29.1,0.8275333333333332,0.32898521581101814,1.1616,0.5490466435,0.06680556534028723,0.671232567,0.7623015871666666,0.20744899224587943,0.875,9.5,1.3844373104863459,12.0,2.0,0.0,2.0,0.3333333333333333,0.4714045207910317,1.0,0.3333333333333333,0.4714045207910317,1.0,Pr_Gly.meL.dL.F.P.meL,F.P.Pr_Gly.dL.meL.meL,-4.874278064685316,0.9997436978480457,0.04584452724889453,0.005725356386733752,0.5031443127920935,-3.898887969558401,0.09657044232839596,1.0,0.9589762089762089,0.9509591474250538,0.6958459773239001,Pr_Gly.meL.Me_dL.P.P.meL,0.8178108506905197,no_motif,6
6,0.6666666666666666,0.3333333333333333,0.5,0.0,0.16666666666666666,134.5365,20.90117184713176,163.22,21.775000000000002,3.2758395870371926,29.1,0.8195500000000001,0.43724815894409436,1.1616,0.5414210855,0.0701044245303267,0.671232567,0.7597222221666667,0.2074657862418688,0.875,9.5,1.6072751268321592,12.0,2.0,0.0,2.0,0.16666666666666666,0.372677996249965,1.0,0.3333333333333333,0.4714045207910317,1.0,F.Me_dL.Me_dL.P.Me_dL.Et_Gly,Et_Gly.F.Me_dL.Me_dL.Me_dL.P,-4.597323869807157,0.998940014114326,0.2465531880430919,0.023678291087748875,0.7907636745646418,-3.7275800224863147,0.14998809459092802,1.0,0.508038258038258,0.7872580836087079,0.7052395688661972,F.Me_dL.Me_dL.P.Me_dL.Et_Gly,0.8116991113870732,no_motif,7
6,0.6666666666666666,0.3333333333333333,0.5,0.16666666666666666,0.0,126.52916666666668,15.248070450788918,143.23,23.24,4.14364573775317,29.1,0.7294833333333334,0.39687102193981805,1.1616,0.5258745545,0.04864534960611399,0.569266198,0.8496031745,0.026232529990672146,0.875,8.833333333333334,1.0671873729054748,10.0,2.0,0.0,2.0,0.3333333333333333,0.4714045207910317,1.0,0.16666666666666666,0.372677996249965,1.0,meA.L.L.dP.meL.meL,L.L.dP.meA.meL.meL,-4.783348214096418,0.9840995318649605,0.2913580097323839,0.09963794797410704,0.609440750703711,-3.9698371740911766,0.1340976687111498,1.0,0.7605635105635105,0.7189093501384612,0.6796746495537263,meA.L.L.dP.meL.meL,0.7865038243650988,no_motif,8
6,0.6666666666666666,0.3333333333333333,0.5,0.16666666666666666,0.0,126.52916666666665,15.248070450788916,143.23,23.24,4.14364573775317,29.1,0.7294833333333332,0.39687102193981805,1.1616,0.5258745545,0.04864534960611399,0.569266198,0.8496031744999999,0.026232529990672146,0.875,8.833333333333334,1.0671873729054748,10.0,2.0,0.0,2.0,0.3333333333333333,0.4714045207910317,1.0,0.16666666666666666,0.37267799624996495,1.0,meL.L.meL.L.dP.Me_dA,L.L.Me_dA.dP.meL.meL,-4.783348214096418,0.9840995318649605,0.2913580097323839,0.09963794797410704,0.609440750703711,-3.9698371740911766,0.11139297727026924,1.0,0.7605635105635105,0.7189093501384612,0.6760418989231853,meL.L.meL.L.dP.Me_dA,0.7865038243650988,no_motif,9
6,0.6666666666666666,0.3333333333333333,0.5,0.16666666666666666,0.0,126.52916666666665,15.248070450788918,143.23,23.24,4.14364573775317,29.1,0.7294833333333334,0.3968710219398181,1.1616,0.5258745545000001,0.04864534960611399,0.569266198,0.8496031745000002,0.026232529990672146,0.875,8.833333333333334,1.0671873729054748,10.0,2.0,0.0,2.0,0.3333333333333333,0.4714045207910317,1.0,0.16666666666666666,0.372677996249965,1.0,Me_dA.Me_dL.L.dP.Me_dL.L,L.L.Me_dA.Me_dL.Me_dL.dP,-4.783348214096418,0.9840995318649605,0.2913580097323839,0.09963794797410704,0.609440750703711,-3.9698371740911766,0.13894685810556842,1.0,0.7605635105635105,0.7189093501384612,0.6804505198568334,Me_dA.Me_dL.L.dP.Me_dL.L,0.7865038243650988,no_motif,10
6,0.6666666666666666,0.3333333333333333,0.5,0.16666666666666666,0.0,126.52916666666665,15.248070450788918,143.23,23.24,4.14364573775317,29.1,0.7294833333333334,0.39687102193981805,1.1616,0.5258745545,0.04864534960611399,0.569266198,0.8496031745,0.026232529990672146,0.875,8.833333333333334,1.0671873729054748,10.0,2.0,0.0,2.0,0.3333333333333333,0.4714045207910317,1.0,0.16666666666666666,0.37267799624996495,1.0,L.Me_dL.meA.L.dP.Me_dL,L.L.Me_dL.Me_dL.dP.meA,-4.783348214096418,0.9840995318649605,0.2913580097323839,0.09963794797410704,0.609440750703711,-3.9698371740911766,0.09836597948913957,1.0,0.7605635105635105,0.7189093501384612,0.6739575792782047,L.Me_dL.meA.L.dP.Me_dL,0.7865038243650988,no_motif,11
6,0.8333333333333334,0.3333333333333333,0.5,0.16666666666666666,0.0,126.52916666666665,15.248070450788916,143.23,23.24,4.14364573775317,29.1,0.7294833333333334,0.3968710219398181,1.1616,0.5258745545,0.04864534960611399,0.569266198,0.8496031744999999,0.026232529990672146,0.875,8.833333333333334,1.0671873729054748,10.0,2.0,0.0,2.0,0.3333333333333333,0.4714045207910317,1.0,0.16666666666666666,0.372677996249965,1.0,Me_dL.Me_dL.Me_dA.L.dL.P,L.Me_dA.Me_dL.Me_dL.P.dL,-4.787444842097171,0.9831516996149973,0.27178917128716057,0.1003914465704599,0.6047942947619459,-3.9652855897683694,0.07488872393017204,1.0,0.7605635105635105,0.7287670347372314,0.6693684166341507,Me_dL.Me_dL.Me_dA.L.dL.P,0.7857524599432733,no_motif,12
6,0.8333333333333334,0.3333333333333333,0.5,0.16666666666666666,0.0,126.52916666666665,15.248070450788918,143.23,23.24,4.14364573775317,29.1,0.7294833333333334,0.3968710219398181,1.1616,0.5258745545000001,0.04864534960611399,0.569266198,0.8496031745000002,0.026232529990672146,0.875,8.833333333333334,1.0671873729054748,10.0,2.0,0.0,2.0,0.3333333333333333,0.4714045207910317,1.0,0.16666666666666666,0.372677996249965,1.0,meA.meL.L.P.meL.dL,L.P.dL.meA.meL.meL,-4.787444842097171,0.9831516996149973,0.27178917128716057,0.1003914465704599,0.6047942947619459,-3.9652855897683694,0.1523151271186962,1.0,0.7605635105635105,0.7287670347372314,0.6817566411443146,meA.Me_dL.L.P.meL.dL,0.7857524599432733,no_motif,13
6,0.8333333333333334,0.3333333333333333,0.5,0.0,0.16666666666666666,132.53466666666665,20.280751857090724,163.22,23.24,4.14364573775317,29.1,0.8035166666666665,0.37072785353799476,1.1616,0.5500074403333334,0.06547586686775525,0.671232567,0.7567460316666667,0.20591300045388317,0.875,9.333333333333334,1.5986105077709065,12.0,2.0,0.0,2.0,0.3333333333333333,0.4714045207910317,1.0,0.16666666666666666,0.372677996249965,1.0,Me_dA.Pr_Gly.meL.L.meL.F,F.L.Me_dA.Pr_Gly.meL.meL,-4.652246819912953,0.9841376734846886,0.2635468731673689,0.1047610466785086,0.7442864690374198,-3.8260728446815766,0.1818201141708047,1.0,0.508038258038258,0.730829651349703,0.6883226940089775,Me_dA.Pr_Gly.meL.L.meL.F,0.7856931019893251,no_motif,14
6,0.8333333333333334,0.3333333333333333,0.5,0.0,0.0,132.19866666666667,20.580048588108067,163.22,21.775000000000002,3.2758395870371926,29.1,0.8124666666666666,0.4548196846614662,1.3173,0.5349599836666666,0.05972904285942178,0.623778773,0.7567460316666667,0.20591300045388317,0.875,9.333333333333334,1.5986105077709065,12.0,2.0,0.0,2.0,0.16666666666666666,0.372677996249965,1.0,0.3333333333333333,0.4714045207910317,1.0,Me_dL.meA.Me_dL.P.Bn_Gly.L,Bn_Gly.L.Me_dL.Me_dL.P.meA,-4.673244185901196,0.9916727263760442,0.26378230377987233,0.07156193813331056,0.7248249385947172,-3.8313530959484154,0.09473827122292326,1.0,0.508038258038258,0.7488705673132448,0.6718028259755144,Me_dL.meA.Me_dL.L.Bn_Gly.L,0.7830951466754618,no_motif,15
6,0.8333333333333334,0.3333333333333333,0.5,0.0,0.0,132.19866666666667,20.580048588108067,163.22,21.775000000000002,3.2758395870371926,29.1,0.8124666666666666,0.45481968466146616,1.3173,0.5349599836666666,0.05972904285942178,0.623778773,0.7567460316666667,0.20591300045388317,0.875,9.333333333333334,1.5986105077709065,12.0,2.0,0.0,2.0,0.16666666666666666,0.372677996249965,1.0,0.3333333333333333,0.4714045207910317,1.0,L.P.Bn_Gly.meL.meL.Me_dA,Bn_Gly.L.Me_dA.P.meL.meL,-4.673244185901196,0.9916727263760442,0.26378230377987233,0.07156193813331056,0.7248249385947172,-3.8313530959484154,0.06971731431668719,1.0,0.508038258038258,0.7488705673132448,0.6677994728705166,L.L.Bn_Gly.meL.meL.Me_dA,0.7830951466754618,no_motif,16
6,0.8333333333333334,0.3333333333333333,0.3333333333333333,0.0,0.16666666666666666,134.53650000000002,17.483930676957815,163.22,23.24,4.14364573775317,29.1,0.85155,0.3327530653502684,1.1616,0.5475288046666666,0.06643133811710901,0.671232567,0.7623015871666667,0.20744899224587943,0.875,9.5,1.3844373104863459,12.0,2.0,0.0,2.0,0.3333333333333333,0.4714045207910317,1.0,0.3333333333333333,0.4714045207910317,1.0,P.Me_dL.Pr_Gly.Nle.Me_dL.F,F.Me_dL.Me_dL.Nle.P.Pr_Gly,-4.839530456654458,0.9983367830020493,0.15961716976365775,0.02624553209348518,0.5443350890749233,-3.9275636415576094,0.16677422882930418,1.0,0.7064509564509563,0.8432679419244159,0.6700788196417637,P.Me_dL.Pr_Gly.Nle.Me_dL.F,0.7716100170333947,no_motif,17
6,1.0,0.5,0.3333333333333333,0.0,0.16666666666666666,134.53650000000002,17.48393067695782,163.22,23.24,4.14364573775317,29.1,0.8275333333333332,0.3289852158110182,1.1616,0.5490466435,0.06680556534028723,0.671232567,0.7623015871666667,0.20744899224587943,0.875,9.5,1.3844373104863459,12.0,2.0,0.0,2.0,0.3333333333333333,0.4714045207910317,1.0,0.3333333333333333,0.4714045207910317,1.0,L.meL.Pr_Gly.P.Me_dL.F,F.L.Me_dL.P.Pr_Gly.meL,-4.774080071182081,0.9996108490566038,0.05592425035558139,0.008692973594595872,0.6198787030382413,-3.8046045907019166,0.1868324096296985,1.0,0.508038258038258,0.9393047355457764,0.6721939003555926,L.Me_dL.Pr_Gly.dP.Me_dL.F,0.7705044782155894,no_motif,18
6,0.6666666666666666,0.3333333333333333,0.3333333333333333,0.16666666666666666,0.0,128.53099999999998,12.285219113498407,143.23,23.24,4.14364573775317,29.1,0.7775166666666666,0.3713545539268668,1.1616,0.5233959188333334,0.04871109028870648,0.569266198,0.85515873,0.01706810582512148,0.875,9.0,0.816496580927726,10.0,2.0,0.0,2.0,0.3333333333333333,0.4714045207910317,1.0,0.3333333333333333,0.4714045207910317,1.0,Me_dL.Me_dL.dL.P.P.Nle,Me_dL.Me_dL.Nle.P.P.dL,-4.91639746307811,0.975837533307504,0.267836681437487,0.12350306446444041,0.45321069102684935,-4.105354036605459,0.12154363277373743,1.0,0.9589762089762089,0.7187317137639564,0.6605459270829637,Me_dL.Me_dL.dL.P.P.Nle,0.7688337371616698,no_motif,19
6,0.6666666666666666,0.3333333333333333,0.3333333333333333,0.16666666666666666,0.0,128.531,12.285219113498409,143.23,23.24,4.14364573775317,29.1,0.7775166666666667,0.3713545539268668,1.1616,0.5233959188333333,0.04871109028870649,0.569266198,0.85515873,0.01706810582512148,0.875,9.0,0.816496580927726,10.0,2.0,0.0,2.0,0.3333333333333333,0.4714045207910317,1.0,0.3333333333333333,0.4714045207910317,1.0,P.Nle.dL.P.meL.meL,Nle.P.P.dL.meL.meL,-4.91639746307811,0.975837533307504,0.267836681437487,0.12350306446444041,0.45321069102684935,-4.105354036605459,0.1132005502232476,1.0,0.9589762089762089,0.7187317137639564,0.6592110338748853,P.Nle.dL.P.meL.meL,0.7688337371616698,no_motif,20
6,0.8333333333333334,0.3333333333333333,0.3333333333333333,0.16666666666666666,0.0,128.53099999999998,12.285219113498409,143.23,23.24,4.14364573775317,29.1,0.7775166666666666,0.3713545539268668,1.1616,0.5233959188333333,0.04871109028870649,0.569266198,0.8551587299999999,0.017068105825121485,0.875,9.0,0.816496580927726,10.0,2.0,0.0,2.0,0.3333333333333333,0.4714045207910317,1.0,0.3333333333333333,0.4714045207910317,1.0,meL.dP.L.Nle.meL.P,L.Nle.P.dP.meL.meL,-4.931747682572459,0.9735726561683112,0.2593800693014989,0.13235692606824204,0.43519189743185965,-4.120954292571956,0.10394711004679698,1.0,0.9589762089762089,0.7185265630840915,0.651764862800361,meL.dP.L.Nle.meL.P,0.7620732639370061,no_motif,21
6,0.6666666666666666,0.3333333333333333,0.3333333333333333,0.0,0.0,131.86266666666666,19.234254224054425,163.22,20.31,0.0,20.31,0.7877666666666666,0.4367542011500544,1.3173,0.5221114703333334,0.0598551454650512,0.623778773,0.7583333331666666,0.20581815052640795,0.875,9.333333333333334,1.4907119849998596,12.0,2.0,0.0,2.0,0.0,0.0,0.0,0.5,0.5,1.0,Pr_Gly.Bn_Gly.meL.P.meL.P,Bn_Gly.P.P.Pr_Gly.meL.meL,-4.78763765789582,0.9541793553119892,0.31363482044881147,0.18185263722674677,0.6045751258358599,-4.035738872114923,0.14736827180889256,1.0,0.7064509564509563,0.6686782927315911,0.6604809229657385,Pr_Gly.Nle.meL.P.meL.F,0.7609642626445862,no_motif,22
6,0.6666666666666666,0.3333333333333333,0.3333333333333333,0.0,0.0,131.86266666666666,19.234254224054425,163.22,20.31,0.0,20.31,0.7877666666666666,0.4367542011500544,1.3173,0.5221114703333334,0.0598551454650512,0.623778773,0.7583333331666666,0.20581815052640795,0.875,9.333333333333334,1.4907119849998596,12.0,2.0,0.0,2.0,0.0,0.0,0.0,0.5,0.5,1.0,Pr_Gly.Me_dL.Bn_Gly.P.Me_dL.P,Bn_Gly.Me_dL.Me_dL.P.P.Pr_Gly,-4.78763765789582,0.9541793553119892,0.31363482044881147,0.18185263722674677,0.6045751258358599,-4.035738872114923,0.1325203699538461,1.0,0.7064509564509563,0.6686782927315911,0.6581052586689311,dP.Me_dL.Bn_Gly.P.Me_dL.P,0.7609642626445862,no_motif,23
6,0.6666666666666666,0.3333333333333333,0.5,0.0,0.0,126.86516666666667,14.96943727974509,143.23,23.24,4.14364573775317,29.1,0.77075,0.3590023293796295,1.1616,0.5330130455000001,0.040135284828337586,0.569266198,0.8496031744999999,0.026232529990672146,0.875,8.833333333333334,1.0671873729054748,10.0,2.0,0.0,2.0,0.3333333333333333,0.4714045207910317,1.0,0.0,0.0,0.0,Pr_Gly.L.L.meL.meL.meA,L.L.Pr_Gly.meA.meL.meL,-4.6891130711233195,0.9595723731311476,0.3438003197708584,0.17540594776713395,0.7095220342037597,-3.9452923448193844,0.10336332245712937,1.0,0.508038258038258,0.6582384639714449,0.6536373098095809,Pr_Gly.L.L.meL.Me_dL.meA,0.7592555324388162,no_motif,24
6,0.8333333333333334,0.5,0.5,0.0,0.16666666666666666,132.19866666666667,20.580048588108067,163.22,23.24,4.14364573775317,29.1,0.76225,0.41081311951624266,1.1616,0.5428689493333334,0.07269970262160412,0.671232567,0.7567460316666668,0.20591300045388317,0.875,9.333333333333334,1.5986105077709065,12.0,2.0,0.0,2.0,0.3333333333333333,0.4714045207910317,1.0,0.3333333333333333,0.4714045207910317,1.0,meA.L.meL.P.meL.F,F.L.P.meA.meL.meL,-4.388084134976139,0.9986960606147802,0.16071410527092378,0.009313699493185943,0.910885902094577,-3.4720735518701167,0.23175465831400724,1.0,0.30962555962555954,0.854680543426582,0.7279481035203776,meA.L.meL.P.meL.F,0.8073973879347321,no_composition,1
6,0.8333333333333334,0.5,0.5,0.0,0.16666666666666666,132.19866666666667,20.580048588108067,163.22,23.24,4.14364573775317,29.1,0.76225,0.41081311951624266,1.1616,0.5428689493333334,0.07269970262160412,0.671232567,0.7567460316666668,0.20591300045388317,0.875,9.333333333333334,1.5986105077709065,12.0,2.0,0.0,2.0,0.3333333333333333,0.4714045207910317,1.0,0.3333333333333333,0.4714045207910317,1.0,Me_dA.Me_dL.L.P.Me_dL.F,F.L.Me_dA.Me_dL.Me_dL.P,-4.388084134976139,0.9986960606147802,0.16071410527092378,0.009313699493185943,0.910885902094577,-3.4720735518701167,0.21726849781982419,1.0,0.30962555962555954,0.854680543426582,0.7256303178413082,Me_dA.Me_dL.L.P.Me_dL.F,0.8046450174408374,no_composition,2
6,0.6666666666666666,0.3333333333333333,0.6666666666666666,0.0,0.16666666666666666,134.53650000000002,20.90117184713176,163.22,21.775000000000002,3.2758395870371926,29.1,0.8192833333333334,0.43766463727633076,1.1616,0.5397189366666667,0.07189267226178321,0.671232567,0.7597222221666665,0.2074657862418688,0.875,9.5,1.6072751268321592,12.0,2.0,0.0,2.0,0.16666666666666666,0.372677996249965,1.0,0.3333333333333333,0.4714045207910317,1.0,meA.Me_dL.P.Me_dL.Me_dL.F,F.Me_dL.Me_dL.Me_dL.P.meA,-4.469216187150636,1.0,0.14714768743518866,0.0,0.8742098510632653,-3.54279003086823,0.1634924436844705,1.0,0.399063899063899,0.8717273381214028,0.722010157208431,Me_dA.Me_dL.P.Pr_Gly.Me_dL.F,0.7841849208549139,no_composition,3
6,0.6666666666666666,0.3333333333333333,0.6666666666666666,0.0,0.16666666666666666,134.5365,20.90117184713176,163.22,21.775000000000002,3.2758395870371926,29.1,0.8192833333333333,0.4376646372763308,1.1616,0.5397189366666667,0.07189267226178321,0.671232567,0.7597222221666665,0.2074657862418688,0.875,9.5,1.6072751268321592,12.0,2.0,0.0,2.0,0.16666666666666666,0.372677996249965,1.0,0.3333333333333333,0.4714045207910317,1.0,meL.Me_dA.meL.meL.P.F,F.Me_dA.P.meL.meL.meL,-4.469216187150636,1.0,0.14714768743518866,0.0,0.8742098510632653,-3.54279003086823,0.15110896412332664,1.0,0.399063899063899,0.8717273381214028,0.7200288004786479,meL.Me_dA.dL.meL.P.F,0.7818320597382965,no_composition,4
6,0.8333333333333334,0.3333333333333333,0.5,0.0,0.16666666666666666,134.53650000000002,20.90117184713176,163.22,21.775000000000002,3.2758395870371926,29.1,0.81955,0.43724815894409436,1.1616,0.5414210855,0.0701044245303267,0.671232567,0.7597222221666665,0.2074657862418688,0.875,9.5,1.6072751268321592,12.0,2.0,0.0,2.0,0.16666666666666666,0.372677996249965,1.0,0.3333333333333333,0.4714045207910317,1.0,meL.Et_Gly.meL.P.Me_dL.F,Et_Gly.F.Me_dL.P.meL.meL,-4.62035730039781,0.998940014114326,0.20599893239533382,0.023678291087748875,0.7720648681991117,-3.730336325253088,0.19346134719531038,1.0,0.508038258038258,0.8132215356217481,0.7086627235342824,meL.Et_Gly.meL.P.Me_dL.F,0.7484278838840672,no_composition,5
6,0.8333333333333334,0.3333333333333333,0.5,0.0,0.16666666666666666,132.53466666666665,20.280751857090724,163.22,23.24,4.14364573775317,29.1,0.8035166666666665,0.37072785353799476,1.1616,0.5500074403333334,0.06547586686775525,0.671232567,0.7567460316666667,0.20591300045388317,0.875,9.333333333333334,1.5986105077709065,12.0,2.0,0.0,2.0,0.3333333333333333,0.4714045207910317,1.0,0.16666666666666666,0.372677996249965,1.0,Me_dA.Pr_Gly.meL.L.meL.F,F.L.Me_dA.Pr_Gly.meL.meL,-4.652246819912953,0.9841376734846886,0.2635468731673689,0.1047610466785086,0.7442864690374198,-3.8260728446815766,0.1818201141708047,1.0,0.508038258038258,0.730829651349703,0.6883226940089775,Me_dA.Pr_Gly.meL.L.meL.F,0.7237116546545089,no_composition,6
6,1.0,0.5,0.3333333333333333,0.0,0.16666666666666666,134.53650000000002,17.483930676957815,163.22,23.24,4.14364573775317,29.1,0.8275333333333332,0.32898521581101814,1.1616,0.5490466435,0.06680556534028723,0.671232567,0.7623015871666666,0.20744899224587943,0.875,9.5,1.3844373104863459,12.0,2.0,0.0,2.0,0.3333333333333333,0.4714045207910317,1.0,0.3333333333333333,0.4714045207910317,1.0,L.meL.Me_dL.P.Pr_Gly.F,F.L.Me_dL.P.Pr_Gly.meL,-4.774080071182081,0.9996108490566038,0.05592425035558139,0.008692973594595872,0.6198787030382413,-3.8046045907019166,0.18815571849385507,1.0,0.508038258038258,0.9393047355457764,0.6724056297738574,L.meL.Me_dL.P.Pr_Gly.F,0.7097267957021529,no_composition,7
6,0.8333333333333334,0.3333333333333333,0.5,0.0,0.16666666666666666,132.53466666666668,20.280751857090724,163.22,23.24,4.14364573775317,29.1,0.8035166666666668,0.37072785353799476,1.1616,0.5500074403333334,0.06547586686775525,0.671232567,0.7567460316666667,0.20591300045388317,0.875,9.333333333333334,1.5986105077709065,12.0,2.0,0.0,2.0,0.3333333333333333,0.4714045207910317,1.0,0.16666666666666666,0.372677996249965,1.0,meA.L.Me_dL.F.Me_dL.Pr_Gly,F.L.Me_dL.Me_dL.Pr_Gly.meA,-4.652246819912953,0.9841376734846886,0.2635468731673689,0.1047610466785086,0.7442864690374198,-3.8260728446815766,0.09928233282627984,1.0,0.508038258038258,0.730829651349703,0.6751166489938534,Me_dA.L.Me_dL.F.Me_dL.Pr_Gly,0.7080294761990492,no_composition,8
6,0.6666666666666666,0.5,0.5,0.0,0.0,126.52916666666665,15.248070450788916,143.23,23.24,4.14364573775317,29.1,0.7294833333333334,0.3968710219398181,1.1616,0.5258745545000001,0.04864534960611399,0.569266198,0.8496031745,0.026232529990672146,0.875,8.833333333333334,1.0671873729054748,10.0,2.0,0.0,2.0,0.3333333333333333,0.4714045207910317,1.0,0.16666666666666666,0.372677996249965,1.0,meA.Me_dL.Me_dL.P.L.L,L.L.Me_dL.Me_dL.P.meA,-4.65645514144189,0.9784544707501763,0.3650549769999851,0.12036750282809848,0.7404592775331834,-3.8906200348987316,0.14112057884504156,1.0,0.30962555962555954,0.6732091466097482,0.6429429701240732,meA.Me_dL.Me_dL.P.dP.meL,0.7068047775714602,no_composition,9
6,0.8333333333333334,0.3333333333333333,0.5,0.0,0.0,132.19866666666667,20.580048588108067,163.22,21.775000000000002,3.2758395870371926,29.1,0.8124666666666668,0.4548196846614662,1.3173,0.5349599836666665,0.05972904285942178,0.623778773,0.7567460316666667,0.20591300045388317,0.875,9.333333333333334,1.5986105077709065,12.0,2.0,0.0,2.0,0.16666666666666666,0.372677996249965,1.0,0.3333333333333333,0.4714045207910317,1.0,Me_dA.meL.P.L.meL.Bn_Gly,Bn_Gly.L.Me_dA.P.meL.meL,-4.673244185901196,0.9916727263760442,0.26378230377987233,0.07156193813331056,0.7248249385947172,-3.8313530959484154,0.09758789770083115,1.0,0.508038258038258,0.7488705673132448,0.6722587662119797,Me_dA.meL.L.L.meL.Bn_Gly,0.7051095782113507,no_composition,10
6,0.8333333333333334,0.16666666666666666,0.5,0.0,0.16666666666666666,134.8725,20.568384880280057,163.22,21.775000000000002,3.2758395870371926,29.1,0.8848333333333334,0.4160340157033103,1.3073,0.5238777116666667,0.0818196218426726,0.671232567,0.7597222221666667,0.2074657862418688,0.875,9.5,1.6072751268321592,12.0,2.0,0.0,2.0,0.16666666666666666,0.372677996249965,1.0,0.16666666666666666,0.372677996249965,1.0,Pr_Gly.pentyl_Gly.meL.meA.meL.F,F.Pr_Gly.meA.meL.meL.pentyl_Gly,-4.729313083539005,0.9925478096216968,0.3288350038884405,0.06244562290747986,0.6686104287522748,-3.9167941815883993,0.17997919508549245,1.0,0.33201058201058203,0.7187622545301817,0.6382139476326762,Pr_Gly.dL.meL.meA.meL.F,0.6985753494381951,no_composition,11
6,0.8333333333333334,0.16666666666666666,0.5,0.0,0.16666666666666666,132.53466666666665,20.280751857090724,163.22,23.24,4.14364573775317,29.1,0.8275333333333332,0.37561425987603586,1.1616,0.5484896014999999,0.06511639528695855,0.671232567,0.7567460316666667,0.20591300045388317,0.875,9.333333333333334,1.5986105077709065,12.0,2.0,0.0,2.0,0.3333333333333333,0.4714045207910317,1.0,0.16666666666666666,0.372677996249965,1.0,Pr_Gly.Me_dL.Me_dL.Nle.Me_dA.F,F.Me_dA.Me_dL.Me_dL.Nle.Pr_Gly,-4.743655365572337,0.9820198369113363,0.28184192820054293,0.10831738583126245,0.6533296061964778,-3.9296358392190873,0.18154526710402705,1.0,0.33201058201058203,0.7193420134702065,0.6313999396536181,Pr_Gly.Me_dL.Me_dL.Nle.Me_dA.F,0.6908986443043511,no_composition,12
6,0.6666666666666666,0.5,0.3333333333333333,0.0,0.16666666666666666,134.2005,17.867920078080342,163.22,23.24,4.14364573775317,29.1,0.8102833333333335,0.3821220111284992,1.1616,0.5403903136666667,0.07332048053864462,0.671232567,0.7623015871666666,0.20744899224587943,0.875,9.5,1.3844373104863459,12.0,2.0,0.0,2.0,0.3333333333333333,0.4714045207910317,1.0,0.5,0.5,1.0,P.meL.meL.Nle.P.F,F.Nle.P.P.meL.meL,-4.747440570179819,0.9721047114378855,0.2557874714948795,0.13615947099952577,0.6492417962489121,-3.9372694622392554,0.1946935694496579,1.0,0.508038258038258,0.7184181878426873,0.6579882170452476,P.Me_dL.meL.Nle.P.F,0.6892282616709898,no_composition,13
6,0.6666666666666666,0.5,0.3333333333333333,0.0,0.16666666666666666,134.2005,17.867920078080342,163.22,23.24,4.14364573775317,29.1,0.8102833333333334,0.3821220111284992,1.1616,0.5403903136666667,0.07332048053864462,0.671232567,0.7623015871666667,0.20744899224587943,0.875,9.5,1.3844373104863459,12.0,2.0,0.0,2.0,0.3333333333333333,0.4714045207910317,1.0,0.5,0.5,1.0,P.Me_dL.Me_dL.P.Nle.F,F.Me_dL.Me_dL.Nle.P.P,-4.747440570179819,0.9721047114378855,0.2557874714948795,0.13615947099952577,0.6492417962489121,-3.9372694622392554,0.18471929942558998,1.0,0.508038258038258,0.7184181878426873,0.6563923338413968,P.Me_dL.Me_dL.dP.Nle.F,0.6873331503664168,no_composition,14
6,0.6666666666666666,0.3333333333333333,0.6666666666666666,0.0,0.0,124.52733333333333,17.49474272142602,143.23,23.24,4.14364573775317,29.1,0.7054666666666667,0.42662021622151114,1.1616,0.5268353513333333,0.04727581791376553,0.569266198,0.8440476189999999,0.03198816389132582,0.875,8.666666666666666,1.247219128924647,10.0,2.0,0.0,2.0,0.3333333333333333,0.4714045207910317,1.0,0.0,0.0,0.0,Me_dA.Me_dL.L.L.Me_dL.meA,L.L.Me_dA.Me_dL.Me_dL.meA,-4.673299445425558,0.9532243857924944,0.3716092991612636,0.18376974349826755,0.72477252562469,-3.9518221450882622,0.11560795603143344,1.0,0.399063899063899,0.6429300977915373,0.6399875149161818,Me_dA.Me_dL.meL.L.Me_dL.meA,0.6864810652794096,no_composition,15
6,0.6666666666666666,0.3333333333333333,0.5,0.0,0.0,128.867,16.50251281875985,143.23,21.775000000000002,3.2758395870371926,29.1,0.7867833333333335,0.4285792825007864,1.1616,0.5244266906666667,0.04411963821772016,0.569266198,0.852579365,0.027880337911008128,0.875,9.0,1.1547005383792515,10.0,2.0,0.0,2.0,0.16666666666666666,0.372677996249965,1.0,0.16666666666666666,0.372677996249965,1.0,P.meL.meL.L.meL.Et_Gly,Et_Gly.L.P.meL.meL.meL,-4.692171746474114,0.9534556227649952,0.34247432236729736,0.1862022136118365,0.706515306905967,-3.9565038382957263,0.12801577347591717,1.0,0.508038258038258,0.6541606261781792,0.6548854366719112,P.meL.meL.P.meL.F,0.6839288883346015,no_composition,16
6,0.8333333333333334,0.6666666666666666,0.0,0.16666666666666666,0.16666666666666666,137.86816666666667,18.802392342613096,163.22,27.635,3.2758395870371926,29.1,0.8189666666666667,0.2548067285000318,1.016,0.5827109413333333,0.0739645508676805,0.671232567,0.6674603173333334,0.25997000612858273,0.857142857,9.833333333333334,1.5723301886761007,12.0,2.0,0.0,2.0,0.8333333333333334,0.37267799624996495,1.0,0.5,0.5,1.0,L.dF.L.Nle.P.F,F.L.L.Nle.P.dF,-4.696667297258302,0.9377276387048616,0.38757960205083575,0.19424205089328808,0.7020632714443462,-4.001289972302181,0.16259285007557384,1.0,0.3294483294483294,0.6321825207909983,0.6249748051095749,Nle.dF.L.Nle.P.F,0.6823206935427593,no_composition,17
6,0.6666666666666666,0.3333333333333333,0.5,0.0,0.0,129.203,14.026999999999997,143.23,23.24,4.14364573775317,29.1,0.81175,0.34250309852613015,1.1616,0.5371140438333333,0.037513493495264984,0.569266198,0.8535714285,0.025253813603703733,0.875,9.0,1.0,10.0,2.0,0.0,2.0,0.3333333333333333,0.4714045207910317,1.0,0.0,0.0,0.0,Me_dA.iBu_Gly.meL.L.meL.L,L.L.Me_dA.iBu_Gly.meL.meL,-4.700162663475413,0.9609174361954635,0.35208504638253607,0.17104126436823755,0.698575020246744,-3.958048066563277,0.11545464566733753,1.0,0.508038258038258,0.6565443672935332,0.6524751047373125,Me_dA.iBu_Gly.meL.L.meL.L,0.6811194777357509,no_composition,18
6,0.6666666666666666,0.3333333333333333,0.5,0.0,0.0,129.203,14.026999999999997,143.23,23.24,4.14364573775317,29.1,0.8117499999999999,0.3425030985261301,1.1616,0.5371140438333333,0.037513493495264984,0.569266198,0.8535714285,0.02525381360370373,0.875,9.0,1.0,10.0,2.0,0.0,2.0,0.3333333333333333,0.4714045207910317,1.0,0.0,0.0,0.0,L.Me_dL.L.iBu_Gly.Me_dL.Me_dA,L.L.Me_dA.Me_dL.Me_dL.iBu_Gly,-4.700162663475413,0.9609174361954635,0.35208504638253607,0.17104126436823755,0.698575020246744,-3.958048066563277,0.09961175875418943,1.0,0.508038258038258,0.6565443672935332,0.6499402428312087,L.meL.L.Pr_Gly.Me_dL.Me_dA,0.6781093292222528,no_composition,19
6,0.8333333333333334,0.3333333333333333,0.3333333333333333,0.16666666666666666,0.16666666666666666,134.5365,17.483930676957815,163.22,23.24,4.14364573775317,29.1,0.8275333333333332,0.3289852158110182,1.1616,0.5490466435,0.06680556534028723,0.671232567,0.7623015871666667,0.20744899224587943,0.875,9.5,1.3844373104863459,12.0,2.0,0.0,2.0,0.3333333333333333,0.4714045207910317,1.0,0.3333333333333333,0.4714045207910317,1.0,Pr_Gly.meL.meL.P.dL.F,F.P.Pr_Gly.dL.meL.meL,-4.874278064685316,0.9997436978480457,0.04584452724889453,0.005725356386733752,0.5031443127920935,-3.898887969558401,0.22182057180071083,1.0,0.9589762089762089,0.9509591474250538,0.7158859980394705,Pr_Gly.meL.meL.P.Me_dA.F,0.6777512796271752,no_composition,20
6,0.6666666666666666,0.3333333333333333,0.5,0.0,0.0,124.52733333333333,17.49474272142602,143.23,23.24,4.14364573775317,29.1,0.7057333333333334,0.42626415388686967,1.1616,0.5285375001666667,0.04499929480216527,0.569266198,0.8440476189999999,0.03198816389132582,0.875,8.666666666666666,1.247219128924647,10.0,2.0,0.0,2.0,0.3333333333333333,0.4714045207910317,1.0,0.0,0.0,0.0,Me_dA.meL.L.L.meL.Et_Gly,Et_Gly.L.L.Me_dA.meL.meL,-4.694057503871942,0.9416502434255378,0.3680258651486373,0.2046510126349051,0.7046525392218346,-3.987582946179449,0.12212310329476816,1.0,0.508038258038258,0.6358585251214182,0.6490863200116772,Me_dA.meL.L.L.meL.Bn_Gly,0.6769752564496809,no_composition,21
6,0.6666666666666666,0.3333333333333333,0.5,0.0,0.0,124.52733333333333,17.49474272142602,143.23,23.24,4.14364573775317,29.1,0.7057333333333334,0.42626415388686967,1.1616,0.5285375001666667,0.04499929480216527,0.569266198,0.8440476189999999,0.03198816389132582,0.875,8.666666666666666,1.247219128924647,10.0,2.0,0.0,2.0,0.3333333333333333,0.4714045207910317,1.0,0.0,0.0,0.0,Me_dA.Me_dL.L.L.Me_dL.Et_Gly,Et_Gly.L.L.Me_dA.Me_dL.Me_dL,-4.694057503871942,0.9416502434255378,0.3680258651486373,0.2046510126349051,0.7046525392218346,-3.987582946179449,0.12034923056593533,1.0,0.508038258038258,0.6358585251214182,0.6488025003750639,Me_dA.Me_dL.L.P.Me_dL.F,0.6766382206312026,no_composition,22
6,0.8333333333333334,0.3333333333333333,0.5,0.0,0.0,124.52733333333333,17.49474272142602,143.23,23.24,4.14364573775317,29.1,0.7057333333333333,0.42626415388686967,1.1616,0.5285375001666667,0.04499929480216527,0.569266198,0.844047619,0.03198816389132582,0.875,8.666666666666666,1.247219128924647,10.0,2.0,0.0,2.0,0.3333333333333333,0.4714045207910317,1.0,0.0,0.0,0.0,meA.L.meL.Et_Gly.Me_dL.L,Et_Gly.L.L.Me_dL.meA.meL,-4.696573156732154,0.9413490901423642,0.33140037778464965,0.20234698652091537,0.7021568985080708,-3.9715110021123436,0.11575556187795465,1.0,0.508038258038258,0.6519978604512681,0.6485376912092842,meA.Me_dL.meL.Et_Gly.Me_dL.F,0.6766109212376333,no_composition,23
6,0.6666666666666666,0.3333333333333333,0.5,0.0,0.0,126.86516666666667,14.96943727974509,143.23,23.24,4.14364573775317,29.1,0.7707499999999999,0.3590023293796295,1.1616,0.5330130455000001,0.040135284828337586,0.569266198,0.8496031745,0.026232529990672146,0.875,8.833333333333334,1.0671873729054748,10.0,2.0,0.0,2.0,0.3333333333333333,0.4714045207910317,1.0,0.0,0.0,0.0,Pr_Gly.meA.L.meL.L.meL,L.L.Pr_Gly.meA.meL.meL,-4.6891130711233195,0.9595723731311476,0.3438003197708584,0.17540594776713395,0.7095220342037597,-3.9452923448193844,0.07003507042460905,1.0,0.508038258038258,0.6582384639714449,0.6483047894843776,Pr_Gly.meA.P.meL.L.meL,0.6760349267922229,no_composition,24
6,0.8333333333333334,0.3333333333333333,0.5,0.0,0.16666666666666666,132.19866666666667,20.580048588108067,163.22,23.24,4.14364573775317,29.1,0.7862666666666667,0.41760810044293384,1.1616,0.5413511105000001,0.07222625835975928,0.671232567,0.7567460316666668,0.20591300045388317,0.875,9.333333333333334,1.5986105077709065,12.0,2.0,0.0,2.0,0.3333333333333333,0.4714045207910317,1.0,0.3333333333333333,0.4714045207910317,1.0,Me_dA.Nle.meL.P.meL.F,F.Me_dA.Nle.P.meL.meL,-4.478954500185559,0.9961555543566324,0.22845234356408137,0.046471840148286425,0.8690287443598497,-3.608643077648038,0.2147656213534491,1.0,0.508038258038258,0.784360366502866,0.738183406376449,Pr_Gly.Nle.meL.P.meL.F,0.738656589268065,no_uncertainty,1
6,0.8333333333333334,0.3333333333333333,0.5,0.0,0.16666666666666666,132.19866666666667,20.580048588108067,163.22,23.24,4.14364573775317,29.1,0.7862666666666667,0.4176081004429339,1.1616,0.5413511105000001,0.07222625835975928,0.671232567,0.7567460316666667,0.20591300045388317,0.875,9.333333333333334,1.5986105077709065,12.0,2.0,0.0,2.0,0.3333333333333333,0.4714045207910317,1.0,0.3333333333333333,0.4714045207910317,1.0,meA.Me_dL.P.Nle.Me_dL.F,F.Me_dL.Me_dL.Nle.P.meA,-4.478954500185559,0.9961555543566324,0.22845234356408137,0.046471840148286425,0.8690287443598497,-3.608643077648038,0.18648936540830516,1.0,0.508038258038258,0.784360366502866,0.733659205425226,meA.Me_dL.dP.Nle.Me_dL.F,0.7338496257573905,no_uncertainty,2
6,0.6666666666666666,0.3333333333333333,0.6666666666666666,0.0,0.16666666666666666,134.53650000000002,20.90117184713176,163.22,21.775000000000002,3.2758395870371926,29.1,0.8192833333333333,0.4376646372763308,1.1616,0.5397189366666667,0.07189267226178321,0.671232567,0.7597222221666665,0.2074657862418688,0.875,9.5,1.6072751268321592,12.0,2.0,0.0,2.0,0.16666666666666666,0.372677996249965,1.0,0.3333333333333333,0.4714045207910317,1.0,meA.meL.meL.P.meL.F,F.P.meA.meL.meL.meL,-4.469216187150636,1.0,0.14714768743518866,0.0,0.8742098510632653,-3.54279003086823,0.24024399428586296,1.0,0.399063899063899,0.8717273381214028,0.7342904053046537,meA.L.meL.P.meL.F,0.7271715927203373,no_uncertainty,3
6,0.8333333333333334,0.5,0.5,0.0,0.16666666666666666,132.19866666666667,20.580048588108067,163.22,23.24,4.14364573775317,29.1,0.76225,0.41081311951624266,1.1616,0.5428689493333334,0.07269970262160412,0.671232567,0.7567460316666668,0.20591300045388317,0.875,9.333333333333334,1.5986105077709065,12.0,2.0,0.0,2.0,0.3333333333333333,0.4714045207910317,1.0,0.3333333333333333,0.4714045207910317,1.0,Me_dA.Me_dL.L.P.Me_dL.F,F.L.Me_dA.Me_dL.Me_dL.P,-4.388084134976139,0.9986960606147802,0.16071410527092378,0.009313699493185943,0.910885902094577,-3.4720735518701167,0.21726849781982419,1.0,0.30962555962555954,0.854680543426582,0.7256303178413082,Me_dA.Me_dL.L.P.Me_dL.F,0.7198253132167685,no_uncertainty,4
6,0.6666666666666666,0.3333333333333333,0.5,0.0,0.16666666666666666,134.53650000000002,20.90117184713176,163.22,21.775000000000002,3.2758395870371926,29.1,0.81955,0.43724815894409436,1.1616,0.5414210855,0.0701044245303267,0.671232567,0.7597222221666665,0.2074657862418688,0.875,9.5,1.6072751268321592,12.0,2.0,0.0,2.0,0.16666666666666666,0.372677996249965,1.0,0.3333333333333333,0.4714045207910317,1.0,meL.Et_Gly.meL.P.meL.F,Et_Gly.F.P.meL.meL.meL,-4.597323869807157,0.998940014114326,0.2465531880430919,0.023678291087748875,0.7907636745646418,-3.7275800224863147,0.20069025510444227,1.0,0.508038258038258,0.7872580836087079,0.7133519145483596,meL.Et_Gly.meL.P.Me_dL.F,0.7111602635103158,no_uncertainty,5
6,0.6666666666666666,0.3333333333333333,0.5,0.0,0.16666666666666666,134.5365,20.90117184713176,163.22,21.775000000000002,3.2758395870371926,29.1,0.8195499999999999,0.43724815894409436,1.1616,0.5414210855,0.07010442453032668,0.671232567,0.7597222221666667,0.2074657862418688,0.875,9.5,1.6072751268321592,12.0,2.0,0.0,2.0,0.16666666666666666,0.372677996249965,1.0,0.3333333333333333,0.4714045207910317,1.0,F.Me_dL.Me_dL.Me_dL.P.Et_Gly,Et_Gly.F.Me_dL.Me_dL.Me_dL.P,-4.597323869807157,0.998940014114326,0.2465531880430919,0.023678291087748875,0.7907636745646418,-3.7275800224863147,0.10397860949607707,1.0,0.508038258038258,0.7872580836087079,0.697878051251021,F.Me_dL.dL.Me_dL.P.Et_Gly,0.6947192837568936,no_uncertainty,6
6,0.8333333333333334,0.3333333333333333,0.3333333333333333,0.16666666666666666,0.16666666666666666,134.53650000000002,17.48393067695782,163.22,23.24,4.14364573775317,29.1,0.8275333333333332,0.3289852158110182,1.1616,0.5490466435,0.06680556534028723,0.671232567,0.7623015871666667,0.20744899224587943,0.875,9.5,1.3844373104863459,12.0,2.0,0.0,2.0,0.3333333333333333,0.4714045207910317,1.0,0.3333333333333333,0.4714045207910317,1.0,L.Me_dL.Pr_Gly.dP.Me_dL.F,F.L.Me_dL.Me_dL.Pr_Gly.dP,-4.874278064685316,0.9997436978480457,0.04584452724889453,0.005725356386733752,0.5031443127920935,-3.898887969558401,0.17916592619375593,1.0,0.9589762089762089,0.9509591474250538,0.7090612547423578,L.Me_dL.Pr_Gly.dP.Me_dL.F,0.6894551476407769,no_uncertainty,7
6,0.8333333333333334,0.3333333333333333,0.5,0.0,0.16666666666666666,132.53466666666665,20.280751857090724,163.22,23.24,4.14364573775317,29.1,0.8035166666666665,0.37072785353799476,1.1616,0.5500074403333334,0.06547586686775525,0.671232567,0.7567460316666667,0.20591300045388317,0.875,9.333333333333334,1.5986105077709065,12.0,2.0,0.0,2.0,0.3333333333333333,0.4714045207910317,1.0,0.16666666666666666,0.372677996249965,1.0,Me_dA.Pr_Gly.meL.L.meL.F,F.L.Me_dA.Pr_Gly.meL.meL,-4.652246819912953,0.9841376734846886,0.2635468731673689,0.1047610466785086,0.7442864690374198,-3.8260728446815766,0.1818201141708047,1.0,0.508038258038258,0.730829651349703,0.6883226940089775,Me_dA.Pr_Gly.meL.L.meL.F,0.6887662531639083,no_uncertainty,8
6,0.8333333333333334,0.3333333333333333,0.3333333333333333,0.16666666666666666,0.16666666666666666,134.53650000000002,17.483930676957815,163.22,23.24,4.14364573775317,29.1,0.8275333333333332,0.32898521581101814,1.1616,0.5490466435,0.06680556534028723,0.671232567,0.7623015871666667,0.20744899224587943,0.875,9.5,1.3844373104863459,12.0,2.0,0.0,2.0,0.3333333333333333,0.4714045207910317,1.0,0.3333333333333333,0.4714045207910317,1.0,P.Me_dL.Pr_Gly.dL.Me_dL.F,F.Me_dL.Me_dL.P.Pr_Gly.dL,-4.874278064685316,0.9997436978480457,0.04584452724889453,0.005725356386733752,0.5031443127920935,-3.898887969558401,0.1419303414062611,1.0,0.9589762089762089,0.9509591474250538,0.7031035611763585,P.Me_dL.Pr_Gly.Nle.Me_dL.F,0.6831250982269026,no_uncertainty,9
6,0.6666666666666666,0.3333333333333333,0.5,0.16666666666666666,0.0,126.52916666666665,15.248070450788918,143.23,23.24,4.14364573775317,29.1,0.7294833333333334,0.39687102193981805,1.1616,0.5258745545000001,0.04864534960611399,0.569266198,0.8496031745000002,0.026232529990672146,0.875,8.833333333333334,1.0671873729054748,10.0,2.0,0.0,2.0,0.3333333333333333,0.4714045207910317,1.0,0.16666666666666666,0.372677996249965,1.0,meA.L.meL.dP.meL.L,L.L.dP.meA.meL.meL,-4.783348214096418,0.9840995318649605,0.2913580097323839,0.09963794797410704,0.609440750703711,-3.9698371740911766,0.1534330185997514,1.0,0.7605635105635105,0.7189093501384612,0.6827683055359026,meA.L.meL.Bn_Gly.meL.L,0.6823607359748689,no_uncertainty,10
6,1.0,0.3333333333333333,0.5,0.0,0.16666666666666666,134.53650000000002,20.90117184713176,163.22,21.775000000000002,3.2758395870371926,29.1,0.8435666666666667,0.45948222550557444,1.3073,0.5167392206666667,0.08555439481303531,0.671232567,0.7597222221666665,0.2074657862418688,0.875,9.5,1.6072751268321592,12.0,2.0,0.0,2.0,0.16666666666666666,0.372677996249965,1.0,0.3333333333333333,0.4714045207910317,1.0,Me_dA.pentyl_Gly.meL.P.Me_dL.F,F.Me_dA.Me_dL.P.meL.pentyl_Gly,-4.698896805009804,0.9911856217737943,0.21903991119278204,0.05411417615799761,0.699840983524485,-3.8307596828719,0.2152869333211862,1.0,0.508038258038258,0.7854508813468387,0.6864049454083143,meA.pentyl_Gly.dL.P.Me_dL.F,0.6816210687553721,no_uncertainty,11
6,0.8333333333333334,0.3333333333333333,0.5,0.16666666666666666,0.0,126.52916666666665,15.248070450788918,143.23,23.24,4.14364573775317,29.1,0.7294833333333334,0.3968710219398181,1.1616,0.5258745545000001,0.04864534960611399,0.569266198,0.8496031745000002,0.026232529990672146,0.875,8.833333333333334,1.0671873729054748,10.0,2.0,0.0,2.0,0.3333333333333333,0.4714045207910317,1.0,0.16666666666666666,0.372677996249965,1.0,meA.meL.L.P.meL.dL,L.P.dL.meA.meL.meL,-4.787444842097171,0.9831516996149973,0.27178917128716057,0.1003914465704599,0.6047942947619459,-3.9652855897683694,0.1523151271186962,1.0,0.7605635105635105,0.7287670347372314,0.6817566411443146,meA.Me_dL.L.P.meL.dL,0.6803909275773166,no_uncertainty,12
6,0.6666666666666666,0.3333333333333333,0.5,0.16666666666666666,0.0,126.52916666666665,15.248070450788918,143.23,23.24,4.14364573775317,29.1,0.7294833333333334,0.3968710219398181,1.1616,0.5258745545000001,0.04864534960611399,0.569266198,0.8496031745000002,0.026232529990672146,0.875,8.833333333333334,1.0671873729054748,10.0,2.0,0.0,2.0,0.3333333333333333,0.4714045207910317,1.0,0.16666666666666666,0.372677996249965,1.0,Me_dA.Me_dL.L.dP.Me_dL.L,L.L.Me_dA.Me_dL.Me_dL.dP,-4.783348214096418,0.9840995318649605,0.2913580097323839,0.09963794797410704,0.609440750703711,-3.9698371740911766,0.13894685810556842,1.0,0.7605635105635105,0.7189093501384612,0.6804505198568334,Me_dA.Me_dL.L.dP.Me_dL.L,0.6798980886908579,no_uncertainty,13
6,0.6666666666666666,0.3333333333333333,0.5,0.16666666666666666,0.0,126.52916666666668,15.248070450788918,143.23,23.24,4.14364573775317,29.1,0.7294833333333334,0.39687102193981805,1.1616,0.5258745545,0.04864534960611399,0.569266198,0.8496031745,0.026232529990672146,0.875,8.833333333333334,1.0671873729054748,10.0,2.0,0.0,2.0,0.3333333333333333,0.4714045207910317,1.0,0.16666666666666666,0.372677996249965,1.0,meA.L.L.dP.Me_dL.Me_dL,L.L.Me_dL.Me_dL.dP.meA,-4.783348214096418,0.9840995318649605,0.2913580097323839,0.09963794797410704,0.609440750703711,-3.9698371740911766,0.12502919799236725,1.0,0.7605635105635105,0.7189093501384612,0.6782236942387212,meA.L.L.dP.meL.meL,0.6775320864716137,no_uncertainty,14
6,0.6666666666666666,0.3333333333333333,0.5,0.16666666666666666,0.0,126.52916666666665,15.248070450788916,143.23,23.24,4.14364573775317,29.1,0.7294833333333332,0.39687102193981805,1.1616,0.5258745545,0.04864534960611399,0.569266198,0.8496031744999999,0.026232529990672146,0.875,8.833333333333334,1.0671873729054748,10.0,2.0,0.0,2.0,0.3333333333333333,0.4714045207910317,1.0,0.16666666666666666,0.37267799624996495,1.0,meL.L.meL.L.dP.Me_dA,L.L.Me_dA.dP.meL.meL,-4.783348214096418,0.9840995318649605,0.2913580097323839,0.09963794797410704,0.609440750703711,-3.9698371740911766,0.11139297727026924,1.0,0.7605635105635105,0.7189093501384612,0.6760418989231853,meL.L.meL.L.dP.Me_dA,0.675213928948857,no_uncertainty,15
6,0.8333333333333334,0.3333333333333333,0.5,0.0,0.0,132.19866666666667,20.580048588108067,163.22,21.775000000000002,3.2758395870371926,29.1,0.8124666666666668,0.4548196846614662,1.3173,0.5349599836666666,0.05972904285942178,0.623778773,0.7567460316666667,0.20591300045388317,0.875,9.333333333333334,1.5986105077709065,12.0,2.0,0.0,2.0,0.16666666666666666,0.372677996249965,1.0,0.3333333333333333,0.4714045207910317,1.0,meA.L.Me_dL.P.Bn_Gly.Me_dL,Bn_Gly.L.Me_dL.Me_dL.P.meA,-4.673244185901196,0.9916727263760442,0.26378230377987233,0.07156193813331056,0.7248249385947172,-3.8313530959484154,0.1235309817562663,1.0,0.508038258038258,0.7488705673132448,0.6764096596608493,Me_dA.L.Me_dL.P.Mono39.Me_dL,0.6743939093590974,no_uncertainty,16
6,0.8333333333333334,0.3333333333333333,0.5,0.0,0.0,132.19866666666667,20.580048588108067,163.22,21.775000000000002,3.2758395870371926,29.1,0.8124666666666668,0.4548196846614662,1.3173,0.5349599836666665,0.05972904285942178,0.623778773,0.7567460316666667,0.20591300045388317,0.875,9.333333333333334,1.5986105077709065,12.0,2.0,0.0,2.0,0.16666666666666666,0.372677996249965,1.0,0.3333333333333333,0.4714045207910317,1.0,Me_dA.meL.P.L.meL.Bn_Gly,Bn_Gly.L.Me_dA.P.meL.meL,-4.673244185901196,0.9916727263760442,0.26378230377987233,0.07156193813331056,0.7248249385947172,-3.8313530959484154,0.09758789770083115,1.0,0.508038258038258,0.7488705673132448,0.6722587662119797,Me_dA.meL.L.L.meL.Bn_Gly,0.6699835850696734,no_uncertainty,17
6,0.6666666666666666,0.3333333333333333,0.5,0.0,0.0,128.867,16.50251281875985,143.23,21.775000000000002,3.2758395870371926,29.1,0.7867833333333333,0.42857928250078636,1.1616,0.5244266906666667,0.04411963821772016,0.569266198,0.852579365,0.027880337911008125,0.875,9.0,1.1547005383792515,10.0,2.0,0.0,2.0,0.16666666666666666,0.372677996249965,1.0,0.16666666666666666,0.372677996249965,1.0,Et_Gly.meL.meL.P.meL.L,Et_Gly.L.P.meL.meL.meL,-4.692171746474114,0.9534556227649952,0.34247432236729736,0.1862022136118365,0.706515306905967,-3.9565038382957263,0.15504166379708822,1.0,0.508038258038258,0.6541606261781792,0.6592095791232988,Et_Gly.meL.meL.P.meL.Mono34,0.6637720999098768,no_uncertainty,18
6,0.6666666666666666,0.3333333333333333,0.3333333333333333,0.0,0.0,131.86266666666666,19.234254224054425,163.22,20.31,0.0,20.31,0.7877666666666666,0.4367542011500544,1.3173,0.5221114703333334,0.0598551454650512,0.623778773,0.7583333331666666,0.20581815052640795,0.875,9.333333333333334,1.4907119849998596,12.0,2.0,0.0,2.0,0.0,0.0,0.0,0.5,0.5,1.0,Pr_Gly.Me_dL.Bn_Gly.P.Me_dL.P,Bn_Gly.Me_dL.Me_dL.P.P.Pr_Gly,-4.78763765789582,0.9541793553119892,0.31363482044881147,0.18185263722674677,0.6045751258358599,-4.035738872114923,0.1325203699538461,1.0,0.7064509564509563,0.6686782927315911,0.6581052586689311,dP.Me_dL.Bn_Gly.P.Me_dL.P,0.6602215493957675,no_uncertainty,19
6,0.6666666666666666,0.3333333333333333,0.5,0.0,0.0,128.53099999999998,14.714353026891802,143.23,20.31,0.0,20.31,0.7618166666666667,0.4082137488157671,1.1616,0.5098760285,0.04293343553300932,0.550366122,0.8541666665,0.020833333499999995,0.875,9.0,1.0,10.0,2.0,0.0,2.0,0.0,0.0,0.0,0.3333333333333333,0.4714045207910317,1.0,Pr_Gly.Me_dL.Me_dL.P.P.meL,Me_dL.Me_dL.P.P.Pr_Gly.meL,-4.695275690115438,0.9472793086645757,0.36095060434309423,0.1961754401707886,0.7034455603600906,-3.9775155436651066,0.1445596829491176,1.0,0.508038258038258,0.6422087688554389,0.6541730742539404,Pr_Gly.meL.Me_dL.P.P.meL,0.6593713051394736,no_uncertainty,20
6,0.6666666666666666,0.3333333333333333,0.3333333333333333,0.0,0.0,131.86266666666666,19.234254224054425,163.22,20.31,0.0,20.31,0.7877666666666666,0.4367542011500544,1.3173,0.5221114703333334,0.0598551454650512,0.623778773,0.7583333331666667,0.20581815052640795,0.875,9.333333333333334,1.4907119849998596,12.0,2.0,0.0,2.0,0.0,0.0,0.0,0.5,0.5,1.0,Pr_Gly.meL.Bn_Gly.P.P.meL,Bn_Gly.P.P.Pr_Gly.meL.meL,-4.78763765789582,0.9541793553119892,0.31363482044881147,0.18185263722674677,0.6045751258358599,-4.035738872114923,0.12033399428622514,1.0,0.7064509564509563,0.6686782927315911,0.6561554385621116,Pr_Gly.meL.Me_dL.P.P.meL,0.658149865532272,no_uncertainty,21
6,0.6666666666666666,0.3333333333333333,0.5,0.0,0.0,126.86516666666667,14.96943727974509,143.23,23.24,4.14364573775317,29.1,0.77075,0.3590023293796295,1.1616,0.5330130455,0.040135284828337586,0.569266198,0.8496031744999999,0.026232529990672146,0.875,8.833333333333334,1.0671873729054748,10.0,2.0,0.0,2.0,0.3333333333333333,0.4714045207910317,1.0,0.0,0.0,0.0,L.meL.L.meA.meL.Pr_Gly,L.L.Pr_Gly.meA.meL.meL,-4.6891130711233195,0.9595723731311476,0.3438003197708584,0.17540594776713395,0.7095220342037597,-3.9452923448193844,0.10360627736856252,1.0,0.508038258038258,0.6582384639714449,0.6536761825954103,F.meL.L.meA.meL.Pr_Gly,0.6576106593204987,no_uncertainty,22
6,0.6666666666666666,0.3333333333333333,0.5,0.0,0.0,126.86516666666667,14.96943727974509,143.23,23.24,4.14364573775317,29.1,0.77075,0.3590023293796295,1.1616,0.5330130455,0.040135284828337586,0.569266198,0.8496031744999999,0.026232529990672146,0.875,8.833333333333334,1.0671873729054748,10.0,2.0,0.0,2.0,0.3333333333333333,0.4714045207910317,1.0,0.0,0.0,0.0,Me_dA.L.Me_dL.L.Me_dL.Pr_Gly,L.L.Me_dA.Me_dL.Me_dL.Pr_Gly,-4.6891130711233195,0.9595723731311476,0.3438003197708584,0.17540594776713395,0.7095220342037597,-3.9452923448193844,0.10277695168512951,1.0,0.508038258038258,0.6582384639714449,0.6535434904860609,Me_dA.L.Me_dL.F.Me_dL.Pr_Gly,0.6574696739543151,no_uncertainty,23
6,0.6666666666666666,0.3333333333333333,0.5,0.0,0.16666666666666666,136.87433333333334,17.552136258080445,163.22,21.775000000000002,3.2758395870371926,29.1,0.8845666666666666,0.35152174264980474,1.1616,0.5458966308333334,0.06622093893820499,0.671232567,0.7652777776666667,0.20891123547062804,0.875,9.666666666666666,1.3743685418725535,12.0,2.0,0.0,2.0,0.16666666666666666,0.372677996249965,1.0,0.3333333333333333,0.4714045207910317,1.0,Pr_Gly.meL.meL.P.meL.F,F.P.Pr_Gly.meL.meL.meL,-4.784104692382177,0.9991637492941841,0.13602124038419985,0.01868042575119323,0.6085842076571206,-3.8576216697178904,0.23772571370173404,1.0,0.508038258038258,0.8660245579681586,0.6709787622435919,Pr_Gly.meL.meL.P.Me_dA.F,0.6573952385391364,no_uncertainty,24
6,0.8333333333333334,0.5,0.5,0.0,0.16666666666666666,132.19866666666667,20.580048588108067,163.22,23.24,4.14364573775317,29.1,0.76225,0.41081311951624266,1.1616,0.5428689493333333,0.07269970262160412,0.671232567,0.7567460316666667,0.20591300045388317,0.875,9.333333333333334,1.5986105077709065,12.0,2.0,0.0,2.0,0.3333333333333333,0.4714045207910317,1.0,0.3333333333333333,0.4714045207910317,1.0,meA.Me_dL.P.L.Me_dL.F,F.L.Me_dL.Me_dL.P.meA,-4.388084134976139,0.9986960606147802,0.16071410527092378,0.009313699493185943,0.910885902094577,-3.4720735518701167,0.1701869614212046,1.0,0.30962555962555954,0.854680543426582,0.7180972720175292,meA.Me_dL.P.L.Me_dL.F,0.9505308673671905,quality_only,1
6,0.8333333333333334,0.5,0.5,0.0,0.16666666666666666,132.19866666666667,20.580048588108067,163.22,23.24,4.14364573775317,29.1,0.76225,0.41081311951624266,1.1616,0.5428689493333333,0.07269970262160412,0.671232567,0.7567460316666667,0.20591300045388317,0.875,9.333333333333334,1.5986105077709065,12.0,2.0,0.0,2.0,0.3333333333333333,0.4714045207910317,1.0,0.3333333333333333,0.4714045207910317,1.0,Me_dA.meL.P.L.meL.F,F.L.Me_dA.P.meL.meL,-4.388084134976139,0.9986960606147802,0.16071410527092378,0.009313699493185943,0.910885902094577,-3.4720735518701167,0.16953050431348984,1.0,0.30962555962555954,0.854680543426582,0.7179922388802948,Me_dA.meL.P.L.meL.F,0.9505308673671905,quality_only,2
6,0.6666666666666666,0.3333333333333333,0.6666666666666666,0.0,0.16666666666666666,134.5365,20.90117184713176,163.22,21.775000000000002,3.2758395870371926,29.1,0.8192833333333334,0.43766463727633076,1.1616,0.5397189366666667,0.07189267226178321,0.671232567,0.7597222221666667,0.2074657862418688,0.875,9.5,1.6072751268321592,12.0,2.0,0.0,2.0,0.16666666666666666,0.372677996249965,1.0,0.3333333333333333,0.4714045207910317,1.0,Me_dL.Me_dL.Me_dL.P.Me_dA.F,F.Me_dA.Me_dL.Me_dL.Me_dL.P,-4.469216187150636,1.0,0.14714768743518866,0.0,0.8742098510632653,-3.54279003086823,0.1838051764340293,1.0,0.399063899063899,0.8717273381214028,0.7252601944483603,Me_dL.Me_dL.meL.P.Me_dA.F,0.930815418084796,quality_only,3
6,0.6666666666666666,0.3333333333333333,0.6666666666666666,0.0,0.16666666666666666,134.53650000000002,20.90117184713176,163.22,21.775000000000002,3.2758395870371926,29.1,0.8192833333333333,0.4376646372763308,1.1616,0.5397189366666667,0.07189267226178321,0.671232567,0.7597222221666665,0.2074657862418688,0.875,9.5,1.6072751268321592,12.0,2.0,0.0,2.0,0.16666666666666666,0.372677996249965,1.0,0.3333333333333333,0.4714045207910317,1.0,meA.meL.meL.P.meL.F,F.P.meA.meL.meL.meL,-4.469216187150636,1.0,0.14714768743518866,0.0,0.8742098510632653,-3.54279003086823,0.24024399428586296,1.0,0.399063899063899,0.8717273381214028,0.7342904053046537,meA.meL.meL.dP.meL.F,0.930815418084796,quality_only,4
6,0.6666666666666666,0.3333333333333333,0.5,0.0,0.16666666666666666,134.5365,20.90117184713176,163.22,21.775000000000002,3.2758395870371926,29.1,0.8195500000000001,0.43724815894409436,1.1616,0.5414210855,0.0701044245303267,0.671232567,0.7597222221666667,0.2074657862418688,0.875,9.5,1.6072751268321592,12.0,2.0,0.0,2.0,0.16666666666666666,0.372677996249965,1.0,0.3333333333333333,0.4714045207910317,1.0,F.Me_dL.Me_dL.P.Me_dL.Et_Gly,Et_Gly.F.Me_dL.Me_dL.Me_dL.P,-4.597323869807157,0.998940014114326,0.2465531880430919,0.023678291087748875,0.7907636745646418,-3.7275800224863147,0.14998809459092802,1.0,0.508038258038258,0.7872580836087079,0.7052395688661972,F.Me_dL.Me_dL.P.Me_dL.Et_Gly,0.8845490259505672,quality_only,5
6,0.6666666666666666,0.3333333333333333,0.5,0.0,0.16666666666666666,134.53650000000002,20.90117184713176,163.22,21.775000000000002,3.2758395870371926,29.1,0.8195500000000001,0.43724815894409436,1.1616,0.5414210855,0.0701044245303267,0.671232567,0.7597222221666667,0.2074657862418688,0.875,9.5,1.6072751268321592,12.0,2.0,0.0,2.0,0.16666666666666666,0.372677996249965,1.0,0.3333333333333333,0.4714045207910317,1.0,P.meL.meL.F.meL.Et_Gly,Et_Gly.F.P.meL.meL.meL,-4.597323869807157,0.998940014114326,0.2465531880430919,0.023678291087748875,0.7907636745646418,-3.7275800224863147,0.12209082478051993,1.0,0.508038258038258,0.7872580836087079,0.700776005696532,P.meL.meL.F.L.Et_Gly,0.8845490259505672,quality_only,6
6,0.6666666666666666,0.5,0.5,0.0,0.16666666666666666,136.53833333333333,17.978410586651485,163.22,21.775000000000002,3.2758395870371926,29.1,0.8433,0.40197654160410906,1.1616,0.5387581398333333,0.07297040783637027,0.671232567,0.7652777776666667,0.20891123547062804,0.875,9.666666666666666,1.3743685418725535,12.0,2.0,0.0,2.0,0.16666666666666666,0.372677996249965,1.0,0.5,0.5,1.0,Me_dL.Me_dL.meL.P.P.F,F.Me_dL.Me_dL.P.P.meL,-4.603863152128397,0.983360941121455,0.265204476100708,0.10846016731429066,0.785572246760342,-3.7802194908858686,0.2151991869318872,1.0,0.30962555962555954,0.7279797181894049,0.6738886368015955,Me_dL.Me_dL.meL.P.Me_dA.F,0.8762410651106974,quality_only,7
6,0.8333333333333334,0.3333333333333333,0.5,0.0,0.16666666666666666,132.53466666666668,20.280751857090724,163.22,23.24,4.14364573775317,29.1,0.8035166666666668,0.37072785353799476,1.1616,0.5500074403333334,0.06547586686775525,0.671232567,0.7567460316666667,0.20591300045388317,0.875,9.333333333333334,1.5986105077709065,12.0,2.0,0.0,2.0,0.3333333333333333,0.4714045207910317,1.0,0.16666666666666666,0.372677996249965,1.0,Me_dA.L.Me_dL.F.Me_dL.Pr_Gly,F.L.Me_dA.Me_dL.Me_dL.Pr_Gly,-4.652246819912953,0.9841376734846886,0.2635468731673689,0.1047610466785086,0.7442864690374198,-3.8260728446815766,0.09685200298973225,1.0,0.508038258038258,0.730829651349703,0.6747277962200058,Me_dA.L.Me_dL.F.Me_dL.Pr_Gly,0.8538057436902219,quality_only,8
6,0.8333333333333334,0.3333333333333333,0.5,0.0,0.16666666666666666,132.53466666666668,20.280751857090724,163.22,23.24,4.14364573775317,29.1,0.8035166666666668,0.37072785353799476,1.1616,0.5500074403333334,0.06547586686775525,0.671232567,0.7567460316666667,0.20591300045388317,0.875,9.333333333333334,1.5986105077709065,12.0,2.0,0.0,2.0,0.3333333333333333,0.4714045207910317,1.0,0.16666666666666666,0.372677996249965,1.0,F.meL.L.meA.meL.Pr_Gly,F.L.Pr_Gly.meA.meL.meL,-4.652246819912953,0.9841376734846886,0.2635468731673689,0.1047610466785086,0.7442864690374198,-3.8260728446815766,0.10293092609667574,1.0,0.508038258038258,0.730829651349703,0.6757004239171167,F.meL.L.meA.meL.Pr_Gly,0.8538057436902219,quality_only,9
6,0.6666666666666666,0.5,0.5,0.0,0.0,126.52916666666665,15.248070450788918,143.23,23.24,4.14364573775317,29.1,0.7294833333333334,0.3968710219398181,1.1616,0.5258745545000001,0.04864534960611399,0.569266198,0.8496031745000002,0.026232529990672146,0.875,8.833333333333334,1.0671873729054748,10.0,2.0,0.0,2.0,0.3333333333333333,0.4714045207910317,1.0,0.16666666666666666,0.372677996249965,1.0,Me_dA.Me_dL.L.P.Me_dL.L,L.L.Me_dA.Me_dL.Me_dL.P,-4.65645514144189,0.9784544707501763,0.3650549769999851,0.12036750282809848,0.7404592775331834,-3.8906200348987316,0.15206837672180998,1.0,0.30962555962555954,0.6732091466097482,0.6446946177843562,Me_dA.Me_dL.L.P.Me_dL.F,0.8497116674058126,quality_only,10
6,0.6666666666666666,0.5,0.5,0.0,0.0,126.52916666666665,15.248070450788918,143.23,23.24,4.14364573775317,29.1,0.7294833333333334,0.3968710219398181,1.1616,0.5258745545,0.04864534960611399,0.569266198,0.8496031745,0.026232529990672146,0.875,8.833333333333334,1.0671873729054748,10.0,2.0,0.0,2.0,0.3333333333333333,0.4714045207910317,1.0,0.16666666666666666,0.372677996249965,1.0,meA.meL.L.P.L.meL,L.L.P.meA.meL.meL,-4.65645514144189,0.9784544707501763,0.3650549769999851,0.12036750282809848,0.7404592775331834,-3.8906200348987316,0.13372426862820438,1.0,0.30962555962555954,0.6732091466097482,0.6417595604893793,meA.Me_dL.L.P.L.meL,0.8497116674058126,quality_only,11
6,0.6666666666666666,0.5,0.5,0.0,0.0,130.8688333333333,13.468332492884514,143.23,21.775000000000002,3.2758395870371926,29.1,0.8105333333333333,0.39450704119895696,1.1616,0.521763745,0.04760338493618237,0.569266198,0.8581349205000001,0.018639180930914965,0.875,9.166666666666666,0.8975274678557507,10.0,2.0,0.0,2.0,0.16666666666666666,0.372677996249965,1.0,0.3333333333333333,0.4714045207910317,1.0,meL.Me_dL.Me_dL.P.P.L,L.Me_dL.Me_dL.P.P.meL,-4.675841686480186,0.9609207017706373,0.3682577087289457,0.1614560469230966,0.7223545585572214,-3.939413850804795,0.1338582891348438,1.0,0.30962555962555954,0.6537170737369417,0.6305821176927391,meL.Me_dL.Me_dL.P.P.Nle,0.8336172528261948,quality_only,12
6,0.6666666666666666,0.3333333333333333,0.6666666666666666,0.0,0.0,124.52733333333333,17.49474272142602,143.23,23.24,4.14364573775317,29.1,0.7054666666666666,0.42662021622151114,1.1616,0.5268353513333333,0.04727581791376553,0.569266198,0.8440476189999999,0.03198816389132582,0.875,8.666666666666666,1.247219128924647,10.0,2.0,0.0,2.0,0.3333333333333333,0.47140452079103173,1.0,0.0,0.0,0.0,L.L.meL.meL.Me_dA.meA,L.L.Me_dA.meA.meL.meL,-4.673299445425558,0.9532243857924944,0.3716092991612636,0.18376974349826755,0.72477252562469,-3.9518221450882622,0.09061575244061044,1.0,0.399063899063899,0.6429300977915373,0.63598876234165,dL.pentyl_Gly.meL.meL.Me_dA.meA,0.8322534241209525,quality_only,13
6,0.6666666666666666,0.3333333333333333,0.5,0.0,0.0,126.86516666666665,14.96943727974509,143.23,23.24,4.14364573775317,29.1,0.77075,0.3590023293796295,1.1616,0.5330130455000001,0.040135284828337586,0.569266198,0.8496031745,0.026232529990672146,0.875,8.833333333333334,1.0671873729054748,10.0,2.0,0.0,2.0,0.3333333333333333,0.4714045207910317,1.0,0.0,0.0,0.0,Me_dA.Pr_Gly.meL.L.meL.L,L.L.Me_dA.Pr_Gly.meL.meL,-4.6891130711233195,0.9595723731311476,0.3438003197708584,0.17540594776713395,0.7095220342037597,-3.9452923448193844,0.11661999307279047,1.0,0.508038258038258,0.6582384639714449,0.6557583771080866,Me_dA.Pr_Gly.meL.L.meL.F,0.8260874494079694,quality_only,14
6,0.6666666666666666,0.3333333333333333,0.5,0.0,0.0,126.86516666666667,14.96943727974509,143.23,23.24,4.14364573775317,29.1,0.77075,0.3590023293796295,1.1616,0.5330130455000001,0.040135284828337586,0.569266198,0.8496031744999999,0.026232529990672146,0.875,8.833333333333334,1.0671873729054748,10.0,2.0,0.0,2.0,0.3333333333333333,0.4714045207910317,1.0,0.0,0.0,0.0,Pr_Gly.L.L.Me_dL.Me_dL.meA,L.L.Me_dL.Me_dL.Pr_Gly.meA,-4.6891130711233195,0.9595723731311476,0.3438003197708584,0.17540594776713395,0.7095220342037597,-3.9452923448193844,0.09488111639496322,1.0,0.508038258038258,0.6582384639714449,0.6522801568396344,Pr_Gly.L.L.meL.Me_dL.meA,0.8260874494079694,quality_only,15
6,0.6666666666666666,0.3333333333333333,0.5,0.0,0.0,128.867,16.50251281875985,143.23,21.775000000000002,3.2758395870371926,29.1,0.7867833333333333,0.4285792825007864,1.1616,0.5244266906666666,0.04411963821772016,0.569266198,0.8525793650000001,0.02788033791100813,0.875,9.0,1.1547005383792515,10.0,2.0,0.0,2.0,0.16666666666666666,0.372677996249965,1.0,0.16666666666666666,0.372677996249965,1.0,Et_Gly.L.meL.P.meL.meL,Et_Gly.L.P.meL.meL.meL,-4.692171746474114,0.9534556227649952,0.34247432236729736,0.1862022136118365,0.706515306905967,-3.9565038382957263,0.14598827183728924,1.0,0.508038258038258,0.6541606261781792,0.6577610364097308,Et_Gly.meL.meL.P.meL.Mono34,0.8222928867660301,quality_only,16
6,0.6666666666666666,0.3333333333333333,0.5,0.0,0.0,129.203,14.026999999999997,143.23,23.24,4.14364573775317,29.1,0.81175,0.34250309852613015,1.1616,0.5371140438333333,0.037513493495264984,0.569266198,0.8535714285,0.025253813603703733,0.875,9.0,1.0,10.0,2.0,0.0,2.0,0.3333333333333333,0.4714045207910317,1.0,0.0,0.0,0.0,Me_dA.iBu_Gly.meL.L.meL.L,L.L.Me_dA.iBu_Gly.meL.meL,-4.700162663475413,0.9609174361954635,0.35208504638253607,0.17104126436823755,0.698575020246744,-3.958048066563277,0.11545464566733753,1.0,0.508038258038258,0.6565443672935332,0.6524751047373125,Me_dA.iBu_Gly.meL.L.meL.L,0.8205373638041215,quality_only,17
6,0.6666666666666666,0.3333333333333333,0.5,0.0,0.0,129.203,14.026999999999997,143.23,23.24,4.14364573775317,29.1,0.81175,0.3425030985261301,1.1616,0.5371140438333333,0.037513493495264984,0.569266198,0.8535714285,0.02525381360370373,0.875,9.0,1.0,10.0,2.0,0.0,2.0,0.3333333333333333,0.4714045207910317,1.0,0.0,0.0,0.0,L.meL.meL.L.meA.iBu_Gly,L.L.iBu_Gly.meA.meL.meL,-4.700162663475413,0.9609174361954635,0.35208504638253607,0.17104126436823755,0.698575020246744,-3.958048066563277,0.10448269812192403,1.0,0.508038258038258,0.6565443672935332,0.6507195931300462,Me_dA.Me_dL.meL.L.meA.iBu_Gly,0.8205373638041215,quality_only,18
6,0.6666666666666666,0.3333333333333333,0.5,0.0,0.0,128.53099999999998,14.714353026891802,143.23,20.31,0.0,20.31,0.7618166666666667,0.4082137488157671,1.1616,0.5098760285,0.04293343553300932,0.550366122,0.8541666665,0.020833333499999995,0.875,9.0,1.0,10.0,2.0,0.0,2.0,0.0,0.0,0.0,0.3333333333333333,0.4714045207910317,1.0,Pr_Gly.meL.Me_dL.P.P.meL,Me_dL.P.P.Pr_Gly.meL.meL,-4.695275690115438,0.9472793086645757,0.36095060434309423,0.1961754401707886,0.7034455603600906,-3.9775155436651066,0.13910464776881856,1.0,0.508038258038258,0.6422087688554389,0.6533002686250926,Pr_Gly.meL.Me_dL.P.P.meL,0.8184428162306513,quality_only,19
6,0.6666666666666666,0.3333333333333333,0.5,0.0,0.0,124.52733333333333,17.49474272142602,143.23,23.24,4.14364573775317,29.1,0.7057333333333334,0.42626415388686967,1.1616,0.5285375001666667,0.04499929480216527,0.569266198,0.8440476189999999,0.03198816389132582,0.875,8.666666666666666,1.247219128924647,10.0,2.0,0.0,2.0,0.3333333333333333,0.4714045207910317,1.0,0.0,0.0,0.0,Me_dA.Me_dL.L.L.Me_dL.Et_Gly,Et_Gly.L.L.Me_dA.Me_dL.Me_dL,-4.694057503871942,0.9416502434255378,0.3680258651486373,0.2046510126349051,0.7046525392218346,-3.987582946179449,0.12034923056593533,1.0,0.508038258038258,0.6358585251214182,0.6488025003750639,Me_dA.Me_dL.L.P.Me_dL.F,0.8171364817709472,quality_only,20
6,0.6666666666666666,0.3333333333333333,0.5,0.0,0.0,124.52733333333333,17.49474272142602,143.23,23.24,4.14364573775317,29.1,0.7057333333333334,0.42626415388686967,1.1616,0.5285375001666667,0.04499929480216527,0.569266198,0.8440476189999999,0.03198816389132582,0.875,8.666666666666666,1.247219128924647,10.0,2.0,0.0,2.0,0.3333333333333333,0.47140452079103173,1.0,0.0,0.0,0.0,L.L.Me_dA.meL.meL.Et_Gly,Et_Gly.L.L.Me_dA.meL.meL,-4.694057503871942,0.9416502434255378,0.3680258651486373,0.2046510126349051,0.7046525392218346,-3.987582946179449,0.08329944547696726,1.0,0.508038258038258,0.6358585251214182,0.6428745347608291,Me_dL.L.Me_dA.meL.Me_dL.Et_Gly,0.8171364817709472,quality_only,21
6,0.6666666666666666,0.3333333333333333,0.5,0.0,0.0,124.52733333333333,17.49474272142602,143.23,23.24,4.14364573775317,29.1,0.7057333333333333,0.42626415388686967,1.1616,0.5285375001666667,0.04499929480216527,0.569266198,0.8440476189999999,0.03198816389132582,0.875,8.666666666666666,1.247219128924647,10.0,2.0,0.0,2.0,0.3333333333333333,0.47140452079103173,1.0,0.0,0.0,0.0,L.L.meL.Et_Gly.meL.meA,Et_Gly.L.L.meA.meL.meL,-4.694057503871942,0.9416502434255378,0.3680258651486373,0.2046510126349051,0.7046525392218346,-3.987582946179449,0.11303071550844694,1.0,0.508038258038258,0.6358585251214182,0.6476315379658657,L.dL.meL.Et_Gly.meL.meA,0.8171364817709472,quality_only,22
6,0.8333333333333334,0.16666666666666666,0.5,0.0,0.16666666666666666,134.8725,20.568384880280057,163.22,21.775000000000002,3.2758395870371926,29.1,0.8848333333333334,0.4160340157033103,1.3073,0.5238777116666667,0.0818196218426726,0.671232567,0.7597222221666667,0.2074657862418688,0.875,9.5,1.6072751268321592,12.0,2.0,0.0,2.0,0.16666666666666666,0.372677996249965,1.0,0.16666666666666666,0.372677996249965,1.0,Pr_Gly.pentyl_Gly.Me_dA.meL.meL.F,F.Me_dA.Pr_Gly.meL.meL.pentyl_Gly,-4.729313083539005,0.9925478096216968,0.3288350038884405,0.06244562290747986,0.6686104287522748,-3.9167941815883993,0.14438527848784866,1.0,0.33201058201058203,0.7187622545301817,0.6325189209770532,P.pentyl_Gly.Me_dA.meL.meL.F,0.8151274691813449,quality_only,23
6,0.8333333333333334,0.16666666666666666,0.5,0.0,0.16666666666666666,134.8725,20.568384880280057,163.22,21.775000000000002,3.2758395870371926,29.1,0.8848333333333332,0.4160340157033102,1.3073,0.5238777116666667,0.0818196218426726,0.671232567,0.7597222221666665,0.2074657862418688,0.875,9.5,1.6072751268321592,12.0,2.0,0.0,2.0,0.16666666666666666,0.372677996249965,1.0,0.16666666666666666,0.372677996249965,1.0,meA.pentyl_Gly.Me_dL.Pr_Gly.Me_dL.F,F.Me_dL.Me_dL.Pr_Gly.meA.pentyl_Gly,-4.729313083539005,0.9925478096216968,0.3288350038884405,0.06244562290747986,0.6686104287522748,-3.9167941815883993,0.15761064066568206,1.0,0.33201058201058203,0.7187622545301817,0.6346349789255066,meA.dL.Me_dL.Pr_Gly.Me_dL.F,0.8151274691813449,quality_only,24
